row_id,split,used_for_fit
0,validation,False
1,test,False
2,validation,False
3,validation,False
4,train,True
5,validation,False
6,train,True
7,train,True
8,train,False
9,train,True
10,train,False
11,train,True
12,train,False
13,train,True
14,train,False
15,validation,False
16,train,True
17,train,True
18,train,True
19,validation,False
20,train,True
21,validation,False
22,train,False
23,train,False
24,validation,False
25,train,False
26,train,True
27,train,True
28,train,True
29,test,False
30,test,False
31,train,False
32,train,True
33,test,False
34,train,False
35,train,False
36,test,False
37,train,False
38,test,False
39,validation,False
40,train,True
41,train,True
42,train,True
43,train,True
44,train,True
45,train,True
46,train,True
47,train,True
48,test,False
49,train,True
50,train,False
51,train,True
52,test,False
53,test,False
54,train,True
55,validation,False
56,train,True
57,validation,False
58,train,True
59,test,False
60,train,False
61,train,True
62,train,True
63,validation,False
64,validation,False
65,test,False
66,validation,False
67,test,False
68,train,True
69,train,False
70,train,True
71,validation,False
72,validation,False
73,validation,False
74,train,False
75,train,True
76,validation,False
77,validation,False
78,train,True
79,train,False
80,test,False
81,train,True
82,train,True
83,train,True
84,test,False
85,validation,False
86,train,True
87,test,False
88,test,False
89,train,True
90,train,True
91,test,False
92,test,False
93,train,True
94,train,True
95,train,False
96,train,False
97,validation,False
98,train,True
99,train,False
100,train,True
101,train,True
102,train,False
103,train,True
104,test,False
105,test,False
106,test,False
107,test,False
108,test,False
109,train,True
110,test,False
111,validation,False
112,test,False
113,train,False
114,validation,False
115,validation,False
116,test,False
117,train,True
118,train,False
119,validation,False
120,train,False
121,train,False
122,train,False
123,train,True
124,test,False
125,train,False
126,train,True
127,train,True
128,train,False
129,train,True
130,test,False
131,train,False
132,train,True
133,validation,False
134,validation,False
135,train,False
136,validation,False
137,train,False
138,train,False
139,train,True
140,test,False
141,test,False
142,validation,False
143,validation,False
144,validation,False
145,test,False
146,train,True
147,test,False
148,train,False
149,train,True
150,train,False
151,test,False
152,train,False
153,validation,False
154,validation,False
155,train,True
156,train,False
157,train,True
158,train,True
159,train,True
160,train,True
161,train,True
162,validation,False
163,train,True
164,test,False
165,train,True
166,train,True
167,train,False
168,train,False
169,train,True
170,train,True
171,train,True
172,train,False
173,train,True
174,train,True
175,test,False
176,train,True
177,train,False
178,train,True
179,train,True
180,validation,False
181,train,True
182,train,True
183,test,False
184,validation,False
185,train,False
186,train,True
187,test,False
188,train,False
189,test,False
190,validation,False
191,train,False
192,train,True
193,train,True
194,test,False
195,train,True
196,validation,False
197,train,False
198,test,False
199,test,False
200,test,False
201,train,True
202,validation,False
203,train,True
204,train,True
205,test,False
206,validation,False
207,validation,False
208,validation,False
209,validation,False
210,train,True
211,train,True
212,validation,False
213,validation,False
214,validation,False
215,train,False
216,train,True
217,train,True
218,test,False
219,train,True
220,train,True
221,validation,False
222,train,False
223,train,False
224,validation,False
225,validation,False
226,train,True
227,validation,False
228,train,False
229,train,True
230,test,False
231,validation,False
232,train,True
233,train,True
234,train,True
235,train,True
236,train,True
237,validation,False
238,test,False
239,train,True
240,validation,False
241,train,True
242,test,False
243,validation,False
244,train,True
245,test,False
246,train,True
247,test,False
248,train,False
249,validation,False
250,train,True
251,train,False
252,validation,False
253,train,True
254,train,True
255,train,True
256,train,True
257,validation,False
258,test,False
259,train,False
260,train,True
261,train,True
262,train,True
263,train,True
264,train,False
265,test,False
266,validation,False
267,train,False
268,train,True
269,train,False
270,train,False
271,validation,False
272,train,True
273,test,False
274,validation,False
275,test,False
276,validation,False
277,train,False
278,train,False
279,train,False
280,train,False
281,test,False
282,train,False
283,validation,False
284,validation,False
285,train,True
286,train,False
287,test,False
288,train,True
289,test,False
290,validation,False
291,test,False
292,train,False
293,validation,False
294,train,False
295,test,False
296,train,True
297,train,False
298,test,False
299,validation,False
300,train,False
301,test,False
302,validation,False
303,train,False
304,test,False
305,train,True
306,validation,False
307,train,False
308,train,False
309,validation,False
310,test,False
311,test,False
312,train,True
313,validation,False
314,train,True
315,train,True
316,test,False
317,train,True
318,validation,False
319,train,False
320,train,True
321,validation,False
322,train,True
323,test,False
324,validation,False
325,validation,False
326,validation,False
327,test,False
328,train,True
329,train,True
330,train,True
331,train,False
332,train,True
333,train,True
334,train,False
335,validation,False
336,train,True
337,train,True
338,validation,False
339,train,True
340,train,True
341,validation,False
342,test,False
343,train,True
344,test,False
345,validation,False
346,validation,False
347,train,True
348,train,False
349,train,True
350,train,False
351,validation,False
352,train,True
353,validation,False
354,validation,False
355,train,False
356,train,True
357,train,True
358,test,False
359,validation,False
360,validation,False
361,train,False
362,validation,False
363,train,False
364,train,True
365,train,False
366,test,False
367,train,False
368,test,False
369,train,True
370,validation,False
371,validation,False
372,train,False
373,validation,False
374,test,False
375,train,True
376,train,True
377,train,False
378,train,True
379,train,True
380,train,True
381,train,True
382,train,True
383,validation,False
384,train,True
385,test,False
386,train,False
387,train,True
388,train,False
389,test,False
390,validation,False
391,test,False
392,train,True
393,validation,False
394,test,False
395,test,False
396,train,False
397,train,True
398,validation,False
399,test,False
400,validation,False
401,validation,False
402,test,False
403,test,False
404,validation,False
405,test,False
406,train,True
407,validation,False
408,train,False
409,train,True
410,train,False
411,train,False
412,test,False
413,validation,False
414,train,False
415,train,True
416,validation,False
417,train,True
418,validation,False
419,train,False
420,train,False
421,train,True
422,train,True
423,test,False
424,train,False
425,test,False
426,test,False
427,train,False
428,train,True
429,train,False
430,train,True
431,train,True
432,train,False
433,validation,False
434,validation,False
435,validation,False
436,train,False
437,train,False
438,test,False
439,train,True
440,test,False
441,train,True
442,test,False
443,train,True
444,train,False
445,train,True
446,test,False
447,train,True
448,train,False
449,test,False
450,validation,False
451,train,True
452,validation,False
453,validation,False
454,validation,False
455,validation,False
456,test,False
457,train,False
458,train,True
459,train,True
460,train,True
461,test,False
462,train,False
463,train,False
464,train,True
465,train,True
466,train,True
467,train,True
468,validation,False
469,train,True
470,validation,False
471,validation,False
472,validation,False
473,train,True
474,train,True
475,test,False
476,validation,False
477,train,False
478,test,False
479,train,True
480,train,True
481,test,False
482,validation,False
483,train,True
484,train,True
485,train,True
486,validation,False
487,train,True
488,train,True
489,train,True
490,train,True
491,validation,False
492,validation,False
493,validation,False
494,test,False
495,train,True
496,test,False
497,validation,False
498,train,True
499,test,False
500,train,False
501,train,True
502,train,True
503,train,True
504,test,False
505,test,False
506,train,True
507,train,True
508,test,False
509,validation,False
510,train,True
511,validation,False
512,test,False
513,train,False
514,test,False
515,train,True
516,test,False
517,validation,False
518,train,True
519,train,True
520,validation,False
521,test,False
522,validation,False
523,test,False
524,validation,False
525,train,True
526,validation,False
527,train,False
528,test,False
529,train,True
530,train,False
531,validation,False
532,train,True
533,validation,False
534,test,False
535,train,True
536,train,False
537,validation,False
538,test,False
539,test,False
540,train,True
541,train,True
542,validation,False
543,train,True
544,train,False
545,train,True
546,validation,False
547,train,False
548,train,False
549,train,True
550,test,False
551,test,False
552,train,True
553,test,False
554,test,False
555,train,False
556,train,True
557,train,True
558,train,False
559,validation,False
560,train,False
561,validation,False
562,train,True
563,validation,False
564,train,True
565,validation,False
566,train,True
567,test,False
568,train,True
569,test,False
570,test,False
571,train,False
572,train,False
573,test,False
574,train,False
575,validation,False
576,train,True
577,validation,False
578,validation,False
579,validation,False
580,validation,False
581,test,False
582,train,True
583,train,True
584,test,False
585,train,True
586,train,True
587,test,False
588,train,False
589,test,False
590,train,True
591,test,False
592,train,True
593,train,True
594,validation,False
595,test,False
596,train,True
597,validation,False
598,test,False
599,train,True
600,train,True
601,validation,False
602,train,True
603,train,False
604,train,True
605,train,False
606,validation,False
607,validation,False
608,train,True
609,train,True
610,train,True
611,train,True
612,train,True
613,test,False
614,train,True
615,train,False
616,validation,False
617,test,False
618,train,True
619,train,True
620,test,False
621,train,False
622,test,False
623,train,True
624,train,True
625,test,False
626,test,False
627,train,True
628,train,False
629,train,True
630,test,False
631,validation,False
632,validation,False
633,train,True
634,test,False
635,train,False
636,train,True
637,train,True
638,train,False
639,train,True
640,validation,False
641,validation,False
642,train,True
643,validation,False
644,train,False
645,train,True
646,validation,False
647,train,True
648,train,False
649,train,True
650,validation,False
651,test,False
652,train,False
653,train,True
654,train,True
655,train,True
656,train,False
657,train,True
658,train,False
659,test,False
660,train,True
661,test,False
662,test,False
663,train,False
664,train,False
665,validation,False
666,train,True
667,validation,False
668,train,True
669,train,True
670,validation,False
671,validation,False
672,test,False
673,validation,False
674,train,True
675,test,False
676,validation,False
677,validation,False
678,train,True
679,validation,False
680,train,True
681,train,False
682,train,True
683,train,True
684,train,True
685,train,False
686,train,False
687,train,False
688,train,True
689,test,False
690,train,True
691,train,False
692,train,True
693,train,True
694,train,True
695,train,False
696,train,False
697,validation,False
698,train,True
699,train,True
700,train,True
701,train,True
702,validation,False
703,train,True
704,test,False
705,train,False
706,test,False
707,test,False
708,train,True
709,test,False
710,train,False
711,train,False
712,train,True
713,test,False
714,test,False
715,test,False
716,train,True
717,train,True
718,train,False
719,validation,False
720,train,True
721,train,True
722,train,True
723,validation,False
724,train,True
725,train,True
726,test,False
727,train,True
728,train,False
729,train,True
730,train,True
731,validation,False
732,train,True
733,train,True
734,validation,False
735,validation,False
736,test,False
737,train,True
738,train,True
739,validation,False
740,train,True
741,validation,False
742,test,False
743,train,True
744,train,False
745,validation,False
746,train,False
747,validation,False
748,test,False
749,train,True
750,train,False
751,validation,False
752,train,True
753,test,False
754,validation,False
755,train,True
756,train,True
757,train,True
758,train,False
759,train,True
760,validation,False
761,train,False
762,train,False
763,test,False
764,train,True
765,train,False
766,train,True
767,test,False
768,train,True
769,test,False
770,test,False
771,train,True
772,train,True
773,validation,False
774,validation,False
775,train,True
776,test,False
777,test,False
778,train,False
779,train,True
780,train,True
781,train,False
782,test,False
783,test,False
784,test,False
785,validation,False
786,train,True
787,train,True
788,test,False
789,test,False
790,train,True
791,train,True
792,test,False
793,train,False
794,train,True
795,test,False
796,train,True
797,train,True
798,train,True
799,test,False
800,train,True
801,test,False
802,train,False
803,validation,False
804,train,False
805,test,False
806,train,False
807,validation,False
808,train,False
809,test,False
810,validation,False
811,validation,False
812,validation,False
813,train,True
814,train,False
815,train,True
816,train,False
817,validation,False
818,train,False
819,train,True
820,train,True
821,train,True
822,validation,False
823,train,True
824,validation,False
825,validation,False
826,train,False
827,train,True
828,train,True
829,validation,False
830,train,False
831,test,False
832,train,False
833,train,False
834,train,False
835,train,True
836,train,True
837,train,True
838,train,True
839,train,False
840,train,False
841,train,True
842,train,True
843,train,True
844,validation,False
845,train,True
846,train,True
847,train,True
848,test,False
849,train,True
850,train,True
851,validation,False
852,train,True
853,train,True
854,train,False
855,validation,False
856,train,True
857,train,True
858,train,True
859,test,False
860,train,True
861,validation,False
862,train,False
863,train,True
864,train,True
865,train,False
866,train,True
867,train,True
868,test,False
869,train,True
870,train,True
871,test,False
872,train,False
873,train,True
874,validation,False
875,train,True
876,test,False
877,train,True
878,train,True
879,validation,False
880,validation,False
881,train,False
882,test,False
883,train,True
884,train,True
885,train,False
886,train,True
887,validation,False
888,train,True
889,test,False
890,validation,False
891,validation,False
892,train,True
893,train,True
894,train,True
895,train,False
896,validation,False
897,train,True
898,validation,False
899,train,True
900,train,False
901,train,False
902,train,False
903,test,False
904,train,False
905,test,False
906,train,True
907,train,True
908,test,False
909,train,True
910,validation,False
911,train,False
912,train,True
913,train,False
914,train,True
915,test,False
916,test,False
917,validation,False
918,validation,False
919,train,False
920,train,True
921,validation,False
922,train,True
923,validation,False
924,validation,False
925,train,True
926,train,False
927,train,True
928,train,True
929,train,True
930,train,False
931,train,False
932,train,False
933,validation,False
934,train,False
935,test,False
936,train,True
937,validation,False
938,validation,False
939,validation,False
940,train,False
941,train,False
942,train,True
943,train,False
944,train,True
945,validation,False
946,train,False
947,train,False
948,validation,False
949,train,False
950,train,True
951,train,True
952,validation,False
953,train,False
954,train,False
955,validation,False
956,validation,False
957,train,False
958,test,False
959,train,False
960,train,True
961,validation,False
962,validation,False
963,train,True
964,validation,False
965,test,False
966,test,False
967,train,True
968,train,False
969,train,False
970,test,False
971,train,False
972,train,True
973,test,False
974,train,True
975,train,False
976,train,True
977,validation,False
978,train,True
979,test,False
980,train,False
981,train,False
982,test,False
983,test,False
984,train,False
985,test,False
986,test,False
987,test,False
988,train,False
989,train,True
990,validation,False
991,train,True
992,train,True
993,train,True
994,train,True
995,train,True
996,train,True
997,test,False
998,validation,False
999,validation,False
1000,test,False
1001,train,True
1002,validation,False
1003,train,False
1004,validation,False
1005,test,False
1006,train,False
1007,train,False
1008,test,False
1009,train,True
1010,validation,False
1011,train,True
1012,train,True
1013,train,False
1014,test,False
1015,test,False
1016,test,False
1017,train,True
1018,train,True
1019,train,True
1020,train,True
1021,test,False
1022,test,False
1023,train,False
1024,train,False
1025,train,False
1026,train,True
1027,train,True
1028,test,False
1029,train,True
1030,test,False
1031,train,True
1032,train,False
1033,test,False
1034,train,True
1035,validation,False
1036,train,True
1037,test,False
1038,train,False
1039,validation,False
1040,test,False
1041,train,False
1042,validation,False
1043,train,True
1044,train,True
1045,validation,False
1046,train,True
1047,validation,False
1048,validation,False
1049,train,True
1050,train,False
1051,train,True
1052,train,False
1053,test,False
1054,test,False
1055,test,False
1056,train,True
1057,validation,False
1058,validation,False
1059,train,True
1060,train,False
1061,validation,False
1062,train,False
1063,test,False
1064,train,True
1065,train,True
1066,validation,False
1067,train,True
1068,train,True
1069,test,False
1070,validation,False
1071,test,False
1072,train,False
1073,train,True
1074,train,False
1075,train,True
1076,train,False
1077,test,False
1078,validation,False
1079,train,True
1080,train,False
1081,validation,False
1082,train,True
1083,train,True
1084,train,False
1085,train,True
1086,validation,False
1087,validation,False
1088,train,True
1089,train,False
1090,train,True
1091,test,False
1092,test,False
1093,validation,False
1094,validation,False
1095,train,False
1096,validation,False
1097,test,False
1098,test,False
1099,validation,False
1100,train,False
1101,train,True
1102,train,False
1103,train,True
1104,train,False
1105,validation,False
1106,train,True
1107,test,False
1108,train,True
1109,train,False
1110,validation,False
1111,test,False
1112,validation,False
1113,train,True
1114,train,False
1115,test,False
1116,validation,False
1117,validation,False
1118,train,False
1119,validation,False
1120,train,True
1121,train,True
1122,train,False
1123,train,True
1124,train,True
1125,test,False
1126,train,True
1127,train,True
1128,train,True
1129,validation,False
1130,test,False
1131,test,False
1132,train,True
1133,train,True
1134,train,True
1135,train,True
1136,validation,False
1137,train,True
1138,train,True
1139,test,False
1140,test,False
1141,train,False
1142,train,True
1143,train,True
1144,train,True
1145,test,False
1146,validation,False
1147,train,True
1148,train,False
1149,train,True
1150,test,False
1151,train,True
1152,train,True
1153,train,True
1154,train,False
1155,train,True
1156,train,True
1157,train,False
1158,train,False
1159,train,True
1160,test,False
1161,train,True
1162,test,False
1163,test,False
1164,train,True
1165,train,False
1166,train,True
1167,validation,False
1168,test,False
1169,train,False
1170,train,False
1171,test,False
1172,train,True
1173,validation,False
1174,train,True
1175,train,False
1176,train,True
1177,train,False
1178,test,False
1179,train,True
1180,validation,False
1181,validation,False
1182,validation,False
1183,validation,False
1184,train,True
1185,train,True
1186,test,False
1187,train,True
1188,train,True
1189,train,False
1190,train,False
1191,validation,False
1192,train,True
1193,train,False
1194,validation,False
1195,test,False
1196,test,False
1197,test,False
1198,train,True
1199,train,False
1200,test,False
1201,train,True
1202,train,True
1203,validation,False
1204,train,True
1205,train,False
1206,train,True
1207,train,True
1208,train,False
1209,test,False
1210,validation,False
1211,validation,False
1212,test,False
1213,validation,False
1214,train,True
1215,train,False
1216,train,True
1217,test,False
1218,train,True
1219,train,False
1220,train,True
1221,validation,False
1222,train,True
1223,train,False
1224,train,False
1225,train,True
1226,test,False
1227,train,True
1228,validation,False
1229,test,False
1230,train,False
1231,train,False
1232,validation,False
1233,test,False
1234,train,False
1235,train,True
1236,train,True
1237,test,False
1238,test,False
1239,test,False
1240,test,False
1241,test,False
1242,train,False
1243,train,True
1244,train,True
1245,train,False
1246,train,True
1247,train,False
1248,validation,False
1249,test,False
1250,validation,False
1251,train,True
1252,train,True
1253,train,True
1254,train,True
1255,train,True
1256,train,False
1257,test,False
1258,test,False
1259,train,True
1260,train,True
1261,test,False
1262,validation,False
1263,validation,False
1264,train,False
1265,validation,False
1266,train,True
1267,train,False
1268,test,False
1269,train,False
1270,test,False
1271,validation,False
1272,train,False
1273,train,True
1274,train,True
1275,train,False
1276,train,False
1277,train,False
1278,test,False
1279,test,False
1280,validation,False
1281,train,False
1282,train,False
1283,train,True
1284,test,False
1285,test,False
1286,train,False
1287,test,False
1288,test,False
1289,train,True
1290,train,True
1291,train,True
1292,validation,False
1293,train,True
1294,validation,False
1295,validation,False
1296,train,False
1297,train,False
1298,train,True
1299,test,False
1300,train,True
1301,train,True
1302,train,False
1303,test,False
1304,test,False
1305,test,False
1306,train,False
1307,train,True
1308,train,True
1309,train,True
1310,train,True
1311,train,False
1312,train,True
1313,validation,False
1314,test,False
1315,train,False
1316,validation,False
1317,train,False
1318,test,False
1319,train,False
1320,validation,False
1321,train,True
1322,test,False
1323,test,False
1324,train,False
1325,test,False
1326,validation,False
1327,train,True
1328,train,True
1329,train,True
1330,test,False
1331,train,True
1332,test,False
1333,train,True
1334,train,True
1335,validation,False
1336,validation,False
1337,test,False
1338,validation,False
1339,test,False
1340,train,False
1341,test,False
1342,train,False
1343,train,True
1344,train,False
1345,train,True
1346,train,False
1347,test,False
1348,train,True
1349,train,True
1350,test,False
1351,validation,False
1352,train,False
1353,train,True
1354,train,True
1355,test,False
1356,train,True
1357,train,True
1358,train,False
1359,train,True
1360,train,True
1361,validation,False
1362,test,False
1363,train,False
1364,train,True
1365,validation,False
1366,train,False
1367,train,True
1368,train,True
1369,test,False
1370,test,False
1371,train,True
1372,train,False
1373,test,False
1374,validation,False
1375,train,True
1376,test,False
1377,validation,False
1378,train,True
1379,train,True
1380,test,False
1381,train,False
1382,validation,False
1383,train,False
1384,validation,False
1385,validation,False
1386,train,False
1387,train,True
1388,validation,False
1389,test,False
1390,test,False
1391,train,False
1392,test,False
1393,train,False
1394,train,False
1395,train,True
1396,test,False
1397,test,False
1398,train,False
1399,validation,False
1400,train,True
1401,train,True
1402,train,True
1403,validation,False
1404,test,False
1405,validation,False
1406,validation,False
1407,train,True
1408,validation,False
1409,train,True
1410,train,True
1411,train,True
1412,validation,False
1413,validation,False
1414,train,True
1415,train,True
1416,validation,False
1417,train,True
1418,train,True
1419,train,False
1420,test,False
1421,validation,False
1422,train,False
1423,train,True
1424,test,False
1425,train,True
1426,train,False
1427,train,True
1428,test,False
1429,test,False
1430,train,True
1431,test,False
1432,train,True
1433,test,False
1434,train,True
1435,train,True
1436,train,False
1437,test,False
1438,validation,False
1439,train,True
1440,train,True
1441,train,False
1442,test,False
1443,test,False
1444,train,True
1445,train,True
1446,test,False
1447,train,False
1448,validation,False
1449,train,True
1450,test,False
1451,test,False
1452,train,True
1453,train,False
1454,validation,False
1455,train,True
1456,validation,False
1457,train,False
1458,train,False
1459,train,False
1460,train,True
1461,train,False
1462,validation,False
1463,test,False
1464,validation,False
1465,train,False
1466,test,False
1467,train,True
1468,test,False
1469,train,False
1470,validation,False
1471,test,False
1472,validation,False
1473,train,True
1474,train,False
1475,train,False
1476,train,True
1477,train,False
1478,validation,False
1479,train,False
1480,train,True
1481,train,False
1482,train,True
1483,validation,False
1484,test,False
1485,test,False
1486,train,False
1487,train,False
1488,train,False
1489,train,True
1490,train,True
1491,train,True
1492,validation,False
1493,train,True
1494,train,True
1495,validation,False
1496,validation,False
1497,train,False
1498,validation,False
1499,train,True
1500,train,False
1501,test,False
1502,train,True
1503,train,True
1504,train,False
1505,train,False
1506,train,False
1507,train,False
1508,test,False
1509,train,False
1510,test,False
1511,test,False
1512,validation,False
1513,validation,False
1514,train,True
1515,test,False
1516,train,False
1517,test,False
1518,validation,False
1519,train,False
1520,train,False
1521,train,False
1522,train,True
1523,test,False
1524,validation,False
1525,test,False
1526,train,True
1527,train,True
1528,validation,False
1529,train,True
1530,test,False
1531,train,True
1532,validation,False
1533,test,False
1534,train,False
1535,train,True
1536,train,False
1537,train,True
1538,train,False
1539,test,False
1540,train,False
1541,validation,False
1542,test,False
1543,train,True
1544,train,False
1545,train,False
1546,train,True
1547,validation,False
1548,train,True
1549,train,True
1550,test,False
1551,validation,False
1552,validation,False
1553,train,True
1554,train,True
1555,train,False
1556,train,True
1557,test,False
1558,test,False
1559,train,False
1560,test,False
1561,train,True
1562,train,True
1563,train,False
1564,validation,False
1565,train,True
1566,train,False
1567,train,True
1568,validation,False
1569,validation,False
1570,train,True
1571,test,False
1572,validation,False
1573,train,True
1574,validation,False
1575,test,False
1576,train,True
1577,validation,False
1578,train,False
1579,train,False
1580,train,True
1581,test,False
1582,validation,False
1583,test,False
1584,train,True
1585,validation,False
1586,train,False
1587,train,True
1588,train,True
1589,train,True
1590,test,False
1591,train,True
1592,train,True
1593,test,False
1594,train,True
1595,train,False
1596,train,True
1597,train,True
1598,train,True
1599,train,True
1600,validation,False
1601,test,False
1602,validation,False
1603,train,False
1604,test,False
1605,validation,False
1606,test,False
1607,test,False
1608,train,True
1609,train,True
1610,validation,False
1611,train,True
1612,train,True
1613,train,True
1614,train,False
1615,test,False
1616,validation,False
1617,train,True
1618,train,True
1619,train,True
1620,train,True
1621,train,True
1622,validation,False
1623,train,False
1624,test,False
1625,test,False
1626,train,True
1627,train,True
1628,test,False
1629,train,True
1630,train,True
1631,train,True
1632,train,True
1633,train,False
1634,validation,False
1635,test,False
1636,validation,False
1637,train,False
1638,test,False
1639,train,True
1640,validation,False
1641,train,False
1642,validation,False
1643,train,False
1644,train,True
1645,train,True
1646,train,False
1647,train,False
1648,train,False
1649,train,True
1650,train,True
1651,train,True
1652,train,True
1653,train,True
1654,train,False
1655,train,False
1656,train,True
1657,test,False
1658,test,False
1659,test,False
1660,train,False
1661,validation,False
1662,validation,False
1663,validation,False
1664,train,True
1665,test,False
1666,train,True
1667,train,True
1668,test,False
1669,train,True
1670,train,True
1671,train,True
1672,train,True
1673,validation,False
1674,test,False
1675,train,True
1676,test,False
1677,train,False
1678,train,False
1679,test,False
1680,train,False
1681,train,False
1682,train,True
1683,validation,False
1684,train,True
1685,train,True
1686,train,True
1687,train,True
1688,train,True
1689,validation,False
1690,train,True
1691,validation,False
1692,train,True
1693,train,True
1694,validation,False
1695,test,False
1696,test,False
1697,train,True
1698,train,False
1699,test,False
1700,validation,False
1701,test,False
1702,train,True
1703,test,False
1704,train,False
1705,test,False
1706,train,False
1707,train,True
1708,train,False
1709,train,True
1710,train,False
1711,train,True
1712,train,False
1713,train,True
1714,test,False
1715,train,False
1716,test,False
1717,test,False
1718,validation,False
1719,validation,False
1720,train,True
1721,validation,False
1722,test,False
1723,train,True
1724,train,False
1725,train,True
1726,train,False
1727,train,False
1728,train,False
1729,validation,False
1730,train,False
1731,train,True
1732,test,False
1733,test,False
1734,test,False
1735,validation,False
1736,train,True
1737,test,False
1738,validation,False
1739,validation,False
1740,validation,False
1741,train,True
1742,test,False
1743,train,True
1744,validation,False
1745,train,True
1746,test,False
1747,train,True
1748,train,False
1749,test,False
1750,train,True
1751,validation,False
1752,train,True
1753,validation,False
1754,test,False
1755,train,False
1756,train,True
1757,train,False
1758,train,False
1759,train,True
1760,train,True
1761,train,False
1762,test,False
1763,train,True
1764,train,False
1765,train,True
1766,test,False
1767,validation,False
1768,train,True
1769,train,False
1770,validation,False
1771,test,False
1772,train,True
1773,test,False
1774,train,False
1775,test,False
1776,validation,False
1777,validation,False
1778,test,False
1779,train,True
1780,validation,False
1781,train,True
1782,train,True
1783,train,False
1784,train,True
1785,test,False
1786,validation,False
1787,validation,False
1788,test,False
1789,train,False
1790,test,False
1791,test,False
1792,validation,False
1793,validation,False
1794,test,False
1795,train,False
1796,validation,False
1797,train,True
1798,test,False
1799,train,True
1800,test,False
1801,train,True
1802,validation,False
1803,train,True
1804,validation,False
1805,train,True
1806,validation,False
1807,train,True
1808,train,True
1809,test,False
1810,train,True
1811,train,True
1812,train,True
1813,train,True
1814,train,True
1815,train,True
1816,train,False
1817,train,False
1818,train,False
1819,train,False
1820,test,False
1821,train,True
1822,train,True
1823,train,True
1824,train,True
1825,train,False
1826,train,False
1827,validation,False
1828,test,False
1829,test,False
1830,validation,False
1831,train,True
1832,test,False
1833,train,True
1834,train,False
1835,test,False
1836,validation,False
1837,validation,False
1838,validation,False
1839,train,True
1840,validation,False
1841,test,False
1842,validation,False
1843,validation,False
1844,validation,False
1845,validation,False
1846,test,False
1847,validation,False
1848,train,True
1849,test,False
1850,train,False
1851,train,False
1852,train,True
1853,train,True
1854,train,True
1855,train,True
1856,train,True
1857,train,False
1858,train,False
1859,train,True
1860,train,True
1861,train,True
1862,test,False
1863,validation,False
1864,validation,False
1865,validation,False
1866,train,True
1867,train,True
1868,train,False
1869,train,True
1870,test,False
1871,train,True
1872,train,True
1873,test,False
1874,test,False
1875,validation,False
1876,validation,False
1877,train,True
1878,test,False
1879,train,True
1880,test,False
1881,train,False
1882,test,False
1883,train,False
1884,test,False
1885,train,False
1886,train,True
1887,train,True
1888,train,True
1889,train,True
1890,train,True
1891,train,True
1892,train,True
1893,train,True
1894,validation,False
1895,train,True
1896,train,True
1897,test,False
1898,train,True
1899,validation,False
1900,train,True
1901,test,False
1902,train,False
1903,train,False
1904,train,False
1905,train,True
1906,train,True
1907,train,False
1908,train,True
1909,train,True
1910,train,False
1911,test,False
1912,train,True
1913,validation,False
1914,train,False
1915,train,False
1916,train,True
1917,train,True
1918,validation,False
1919,test,False
1920,train,True
1921,validation,False
1922,train,False
1923,validation,False
1924,train,False
1925,train,True
1926,train,False
1927,train,True
1928,train,True
1929,train,True
1930,train,True
1931,train,True
1932,train,False
1933,train,True
1934,train,False
1935,train,False
1936,train,True
1937,validation,False
1938,train,True
1939,validation,False
1940,validation,False
1941,train,True
1942,validation,False
1943,train,False
1944,train,False
1945,test,False
1946,test,False
1947,train,True
1948,train,True
1949,train,True
1950,train,True
1951,train,False
1952,test,False
1953,test,False
1954,validation,False
1955,train,True
1956,validation,False
1957,train,True
1958,train,False
1959,validation,False
1960,train,True
1961,train,True
1962,validation,False
1963,test,False
1964,test,False
1965,test,False
1966,validation,False
1967,train,True
1968,test,False
1969,test,False
1970,test,False
1971,validation,False
1972,train,True
1973,train,True
1974,train,False
1975,train,True
1976,validation,False
1977,test,False
1978,test,False
1979,train,True
1980,test,False
1981,train,True
1982,train,False
1983,test,False
1984,validation,False
1985,test,False
1986,train,False
1987,train,False
1988,validation,False
1989,train,True
1990,train,True
1991,train,False
1992,test,False
1993,train,False
1994,validation,False
1995,validation,False
1996,train,True
1997,validation,False
1998,train,False
1999,validation,False
2000,train,True
2001,train,False
2002,validation,False
2003,train,False
2004,validation,False
2005,train,False
2006,validation,False
2007,test,False
2008,validation,False
2009,test,False
2010,train,True
2011,train,False
2012,train,False
2013,train,True
2014,test,False
2015,test,False
2016,train,False
2017,train,True
2018,train,False
2019,train,True
2020,train,True
2021,train,True
2022,validation,False
2023,train,False
2024,train,True
2025,validation,False
2026,validation,False
2027,train,True
2028,train,True
2029,validation,False
2030,train,True
2031,train,False
2032,train,True
2033,train,True
2034,train,True
2035,train,True
2036,train,True
2037,train,True
2038,train,True
2039,train,True
2040,train,True
2041,train,False
2042,validation,False
2043,train,False
2044,test,False
2045,train,True
2046,validation,False
2047,train,False
2048,train,False
2049,train,True
2050,validation,False
2051,train,True
2052,train,False
2053,train,True
2054,test,False
2055,train,True
2056,train,True
2057,train,False
2058,train,True
2059,test,False
2060,validation,False
2061,validation,False
2062,test,False
2063,test,False
2064,train,True
2065,train,True
2066,train,True
2067,validation,False
2068,train,True
2069,train,False
2070,validation,False
2071,train,True
2072,test,False
2073,train,True
2074,train,True
2075,validation,False
2076,test,False
2077,train,True
2078,train,False
2079,train,True
2080,test,False
2081,train,False
2082,train,False
2083,train,True
2084,train,True
2085,validation,False
2086,train,True
2087,train,True
2088,train,True
2089,train,True
2090,train,False
2091,train,True
2092,train,True
2093,train,True
2094,validation,False
2095,train,True
2096,train,True
2097,test,False
2098,train,True
2099,train,False
2100,train,True
2101,train,True
2102,train,False
2103,train,True
2104,validation,False
2105,train,True
2106,validation,False
2107,train,True
2108,train,True
2109,validation,False
2110,test,False
2111,train,False
2112,validation,False
2113,train,True
2114,train,False
2115,test,False
2116,test,False
2117,train,True
2118,train,True
2119,validation,False
2120,validation,False
2121,train,True
2122,train,True
2123,train,True
2124,train,True
2125,validation,False
2126,test,False
2127,train,False
2128,train,True
2129,test,False
2130,test,False
2131,train,False
2132,validation,False
2133,validation,False
2134,validation,False
2135,validation,False
2136,validation,False
2137,train,True
2138,train,False
2139,validation,False
2140,test,False
2141,validation,False
2142,train,True
2143,validation,False
2144,train,False
2145,test,False
2146,train,True
2147,validation,False
2148,test,False
2149,train,True
2150,validation,False
2151,train,False
2152,test,False
2153,validation,False
2154,test,False
2155,validation,False
2156,test,False
2157,test,False
2158,train,True
2159,validation,False
2160,test,False
2161,train,True
2162,validation,False
2163,train,True
2164,train,False
2165,test,False
2166,train,False
2167,train,False
2168,train,False
2169,train,True
2170,test,False
2171,train,True
2172,train,True
2173,test,False
2174,train,True
2175,train,False
2176,train,True
2177,train,True
2178,test,False
2179,train,False
2180,train,False
2181,test,False
2182,train,False
2183,test,False
2184,train,True
2185,train,True
2186,validation,False
2187,train,True
2188,train,True
2189,test,False
2190,train,True
2191,train,False
2192,train,True
2193,test,False
2194,test,False
2195,train,True
2196,validation,False
2197,test,False
2198,train,False
2199,validation,False
2200,train,True
2201,train,True
2202,train,False
2203,train,True
2204,train,True
2205,test,False
2206,train,False
2207,train,False
2208,train,False
2209,train,False
2210,train,True
2211,train,True
2212,train,False
2213,train,True
2214,test,False
2215,train,False
2216,train,False
2217,train,True
2218,train,True
2219,train,True
2220,train,False
2221,validation,False
2222,test,False
2223,train,True
2224,train,False
2225,train,True
2226,validation,False
2227,validation,False
2228,validation,False
2229,train,True
2230,train,True
2231,train,False
2232,train,False
2233,validation,False
2234,validation,False
2235,train,True
2236,test,False
2237,validation,False
2238,train,True
2239,train,True
2240,train,True
2241,train,False
2242,validation,False
2243,train,True
2244,validation,False
2245,train,False
2246,train,True
2247,train,False
2248,train,False
2249,train,True
2250,test,False
2251,validation,False
2252,train,True
2253,validation,False
2254,train,False
2255,validation,False
2256,train,True
2257,train,False
2258,test,False
2259,train,False
2260,train,True
2261,validation,False
2262,test,False
2263,validation,False
2264,test,False
2265,train,True
2266,validation,False
2267,validation,False
2268,train,True
2269,train,False
2270,validation,False
2271,validation,False
2272,test,False
2273,train,False
2274,test,False
2275,validation,False
2276,train,True
2277,train,False
2278,validation,False
2279,validation,False
2280,test,False
2281,train,True
2282,train,True
2283,train,False
2284,train,True
2285,train,False
2286,train,True
2287,train,True
2288,test,False
2289,train,True
2290,train,True
2291,train,True
2292,train,True
2293,train,True
2294,validation,False
2295,train,True
2296,validation,False
2297,train,True
2298,validation,False
2299,train,True
2300,test,False
2301,train,True
2302,validation,False
2303,train,True
2304,validation,False
2305,train,True
2306,train,True
2307,train,True
2308,test,False
2309,test,False
2310,train,False
2311,validation,False
2312,validation,False
2313,train,True
2314,test,False
2315,test,False
2316,train,True
2317,test,False
2318,train,False
2319,validation,False
2320,train,False
2321,train,False
2322,validation,False
2323,test,False
2324,train,True
2325,test,False
2326,test,False
2327,train,True
2328,train,False
2329,train,True
2330,train,False
2331,train,False
2332,train,True
2333,validation,False
2334,test,False
2335,test,False
2336,train,True
2337,train,True
2338,validation,False
2339,train,True
2340,test,False
2341,train,False
2342,train,True
2343,validation,False
2344,train,True
2345,validation,False
2346,train,False
2347,train,False
2348,train,True
2349,train,False
2350,train,False
2351,validation,False
2352,train,True
2353,train,False
2354,train,True
2355,train,True
2356,test,False
2357,train,True
2358,test,False
2359,validation,False
2360,test,False
2361,train,True
2362,train,True
2363,train,False
2364,test,False
2365,test,False
2366,validation,False
2367,validation,False
2368,train,True
2369,validation,False
2370,validation,False
2371,validation,False
2372,train,False
2373,test,False
2374,train,True
2375,train,False
2376,test,False
2377,validation,False
2378,train,True
2379,train,True
2380,train,True
2381,test,False
2382,validation,False
2383,validation,False
2384,validation,False
2385,test,False
2386,train,True
2387,test,False
2388,train,False
2389,train,True
2390,train,False
2391,test,False
2392,train,True
2393,train,False
2394,train,False
2395,train,True
2396,train,False
2397,validation,False
2398,train,True
2399,validation,False
2400,validation,False
2401,train,True
2402,validation,False
2403,test,False
2404,validation,False
2405,train,False
2406,train,False
2407,train,True
2408,train,True
2409,train,True
2410,train,False
2411,train,True
2412,train,True
2413,train,False
2414,test,False
2415,train,False
2416,train,True
2417,validation,False
2418,validation,False
2419,validation,False
2420,test,False
2421,train,True
2422,train,False
2423,test,False
2424,train,False
2425,train,False
2426,train,False
2427,train,True
2428,test,False
2429,train,False
2430,test,False
2431,train,False
2432,train,True
2433,train,True
2434,train,True
2435,train,True
2436,validation,False
2437,train,False
2438,train,True
2439,train,False
2440,test,False
2441,train,True
2442,train,True
2443,validation,False
2444,train,True
2445,train,True
2446,train,True
2447,test,False
2448,train,True
2449,validation,False
2450,validation,False
2451,train,True
2452,test,False
2453,train,True
2454,validation,False
2455,train,False
2456,train,True
2457,train,True
2458,validation,False
2459,train,True
2460,train,False
2461,train,False
2462,train,True
2463,train,True
2464,train,True
2465,train,True
2466,validation,False
2467,train,True
2468,validation,False
2469,train,True
2470,train,False
2471,train,True
2472,test,False
2473,train,False
2474,train,True
2475,validation,False
2476,test,False
2477,train,True
2478,test,False
2479,train,True
2480,validation,False
2481,validation,False
2482,test,False
2483,train,False
2484,train,True
2485,train,True
2486,train,False
2487,validation,False
2488,train,False
2489,train,False
2490,validation,False
2491,test,False
2492,validation,False
2493,validation,False
2494,validation,False
2495,validation,False
2496,train,False
2497,train,True
2498,train,False
2499,validation,False
2500,train,True
2501,train,True
2502,test,False
2503,train,True
2504,test,False
2505,train,True
2506,validation,False
2507,train,False
2508,train,False
2509,train,True
2510,validation,False
2511,train,True
2512,train,False
2513,train,True
2514,test,False
2515,validation,False
2516,test,False
2517,validation,False
2518,train,False
2519,train,True
2520,train,True
2521,train,True
2522,train,True
2523,train,True
2524,train,True
2525,test,False
2526,train,True
2527,validation,False
2528,train,False
2529,train,True
2530,train,True
2531,train,True
2532,validation,False
2533,train,True
2534,test,False
2535,validation,False
2536,test,False
2537,train,True
2538,train,True
2539,train,True
2540,validation,False
2541,validation,False
2542,train,True
2543,validation,False
2544,test,False
2545,test,False
2546,validation,False
2547,train,True
2548,train,False
2549,train,True
2550,train,True
2551,test,False
2552,train,False
2553,train,True
2554,train,False
2555,test,False
2556,test,False
2557,test,False
2558,train,True
2559,train,False
2560,train,False
2561,test,False
2562,train,True
2563,validation,False
2564,train,True
2565,train,True
2566,train,True
2567,train,True
2568,train,True
2569,validation,False
2570,train,False
2571,train,True
2572,train,False
2573,test,False
2574,train,False
2575,train,True
2576,train,False
2577,train,False
2578,train,False
2579,train,True
2580,validation,False
2581,train,True
2582,validation,False
2583,train,False
2584,train,False
2585,train,True
2586,train,True
2587,train,False
2588,validation,False
2589,train,True
2590,test,False
2591,validation,False
2592,validation,False
2593,train,False
2594,train,True
2595,train,True
2596,train,True
2597,validation,False
2598,train,True
2599,train,True
2600,test,False
2601,test,False
2602,validation,False
2603,train,False
2604,test,False
2605,train,True
2606,train,False
2607,test,False
2608,train,True
2609,validation,False
2610,train,True
2611,validation,False
2612,test,False
2613,test,False
2614,test,False
2615,validation,False
2616,test,False
2617,train,True
2618,validation,False
2619,validation,False
2620,validation,False
2621,train,False
2622,train,True
2623,test,False
2624,validation,False
2625,train,False
2626,train,False
2627,train,True
2628,train,True
2629,train,True
2630,train,False
2631,train,True
2632,validation,False
2633,train,True
2634,train,True
2635,validation,False
2636,train,False
2637,train,True
2638,validation,False
2639,test,False
2640,test,False
2641,train,False
2642,test,False
2643,train,False
2644,train,True
2645,train,True
2646,validation,False
2647,train,False
2648,test,False
2649,train,True
2650,train,True
2651,test,False
2652,test,False
2653,train,False
2654,train,True
2655,train,True
2656,train,True
2657,train,True
2658,validation,False
2659,train,True
2660,train,True
2661,train,False
2662,train,True
2663,train,True
2664,train,True
2665,train,True
2666,train,True
2667,train,True
2668,test,False
2669,train,True
2670,test,False
2671,validation,False
2672,validation,False
2673,test,False
2674,validation,False
2675,train,True
2676,train,False
2677,train,True
2678,train,True
2679,validation,False
2680,test,False
2681,train,False
2682,validation,False
2683,train,True
2684,train,False
2685,train,True
2686,train,True
2687,validation,False
2688,train,True
2689,train,True
2690,test,False
2691,train,True
2692,train,False
2693,train,True
2694,train,True
2695,test,False
2696,test,False
2697,train,False
2698,train,False
2699,train,True
2700,test,False
2701,train,True
2702,validation,False
2703,train,True
2704,train,True
2705,test,False
2706,validation,False
2707,train,True
2708,test,False
2709,validation,False
2710,train,True
2711,train,True
2712,test,False
2713,validation,False
2714,train,True
2715,train,True
2716,train,True
2717,test,False
2718,train,False
2719,validation,False
2720,test,False
2721,train,False
2722,train,True
2723,test,False
2724,test,False
2725,train,True
2726,validation,False
2727,train,False
2728,train,True
2729,train,False
2730,train,True
2731,train,False
2732,validation,False
2733,train,True
2734,validation,False
2735,train,True
2736,train,True
2737,train,True
2738,train,True
2739,train,False
2740,train,True
2741,validation,False
2742,test,False
2743,test,False
2744,train,True
2745,train,True
2746,validation,False
2747,test,False
2748,train,True
2749,test,False
2750,train,True
2751,validation,False
2752,train,False
2753,validation,False
2754,validation,False
2755,train,True
2756,validation,False
2757,test,False
2758,validation,False
2759,validation,False
2760,test,False
2761,train,True
2762,train,True
2763,train,True
2764,test,False
2765,validation,False
2766,validation,False
2767,validation,False
2768,train,True
2769,test,False
2770,test,False
2771,test,False
2772,test,False
2773,test,False
2774,train,True
2775,test,False
2776,train,True
2777,train,True
2778,train,True
2779,train,True
2780,train,True
2781,test,False
2782,train,False
2783,test,False
2784,train,False
2785,train,True
2786,train,False
2787,train,False
2788,validation,False
2789,train,True
2790,train,False
2791,train,True
2792,train,True
2793,test,False
2794,train,True
2795,test,False
2796,test,False
2797,train,False
2798,train,True
2799,validation,False
2800,validation,False
2801,test,False
2802,validation,False
2803,train,True
2804,train,True
2805,train,True
2806,train,True
2807,train,True
2808,train,False
2809,validation,False
2810,train,True
2811,test,False
2812,validation,False
2813,test,False
2814,test,False
2815,train,False
2816,train,False
2817,train,True
2818,train,True
2819,train,True
2820,train,False
2821,train,True
2822,test,False
2823,train,False
2824,validation,False
2825,validation,False
2826,train,False
2827,train,True
2828,train,True
2829,test,False
2830,test,False
2831,train,False
2832,train,True
2833,validation,False
2834,validation,False
2835,train,True
2836,train,True
2837,train,False
2838,validation,False
2839,test,False
2840,train,True
2841,train,True
2842,test,False
2843,train,False
2844,validation,False
2845,test,False
2846,train,True
2847,train,True
2848,train,True
2849,validation,False
2850,test,False
2851,train,False
2852,train,True
2853,train,False
2854,train,True
2855,validation,False
2856,test,False
2857,train,False
2858,train,True
2859,train,True
2860,train,True
2861,train,True
2862,train,False
2863,train,False
2864,test,False
2865,train,False
2866,train,True
2867,validation,False
2868,train,True
2869,train,False
2870,train,True
2871,test,False
2872,validation,False
2873,train,True
2874,test,False
2875,train,True
2876,train,True
2877,train,False
2878,train,True
2879,train,True
2880,train,False
2881,test,False
2882,train,True
2883,test,False
2884,train,True
2885,train,True
2886,train,True
2887,train,True
2888,train,False
2889,train,True
2890,train,True
2891,test,False
2892,train,True
2893,train,True
2894,validation,False
2895,validation,False
2896,train,True
2897,validation,False
2898,test,False
2899,validation,False
2900,train,False
2901,validation,False
2902,train,False
2903,test,False
2904,train,True
2905,train,True
2906,train,True
2907,train,True
2908,test,False
2909,validation,False
2910,train,True
2911,train,True
2912,train,True
2913,train,False
2914,test,False
2915,validation,False
2916,train,True
2917,train,True
2918,train,True
2919,train,True
2920,train,True
2921,validation,False
2922,train,False
2923,train,True
2924,train,False
2925,train,True
2926,train,True
2927,test,False
2928,test,False
2929,train,True
2930,test,False
2931,validation,False
2932,validation,False
2933,train,False
2934,validation,False
2935,validation,False
2936,train,False
2937,train,True
2938,train,False
2939,train,True
2940,validation,False
2941,train,True
2942,validation,False
2943,test,False
2944,train,True
2945,test,False
2946,train,False
2947,test,False
2948,train,True
2949,train,True
2950,validation,False
2951,train,True
2952,train,True
2953,train,True
2954,train,True
2955,train,True
2956,test,False
2957,train,True
2958,train,False
2959,validation,False
2960,train,True
2961,validation,False
2962,validation,False
2963,train,True
2964,train,False
2965,train,True
2966,train,False
2967,train,True
2968,train,False
2969,train,True
2970,train,True
2971,validation,False
2972,train,True
2973,validation,False
2974,train,False
2975,train,True
2976,validation,False
2977,test,False
2978,test,False
2979,train,True
2980,train,True
2981,train,True
2982,test,False
2983,train,True
2984,train,True
2985,train,True
2986,test,False
2987,train,False
2988,test,False
2989,train,False
2990,test,False
2991,train,True
2992,validation,False
2993,train,False
2994,train,False
2995,validation,False
2996,validation,False
2997,validation,False
2998,validation,False
2999,train,False
3000,validation,False
3001,train,True
3002,validation,False
3003,train,True
3004,test,False
3005,train,True
3006,validation,False
3007,validation,False
3008,train,False
3009,test,False
3010,test,False
3011,train,True
3012,test,False
3013,train,True
3014,train,True
3015,train,True
3016,test,False
3017,train,True
3018,test,False
3019,test,False
3020,validation,False
3021,test,False
3022,validation,False
3023,train,True
3024,test,False
3025,train,True
3026,test,False
3027,validation,False
3028,validation,False
3029,train,True
3030,train,True
3031,train,True
3032,train,True
3033,train,True
3034,test,False
3035,train,True
3036,test,False
3037,train,True
3038,train,True
3039,test,False
3040,train,False
3041,train,False
3042,test,False
3043,train,False
3044,train,True
3045,train,True
3046,train,False
3047,test,False
3048,train,False
3049,train,False
3050,validation,False
3051,train,True
3052,train,False
3053,test,False
3054,validation,False
3055,validation,False
3056,test,False
3057,validation,False
3058,validation,False
3059,validation,False
3060,train,True
3061,train,False
3062,test,False
3063,train,True
3064,train,True
3065,test,False
3066,train,True
3067,train,True
3068,train,True
3069,train,True
3070,train,False
3071,train,True
3072,test,False
3073,train,True
3074,train,True
3075,test,False
3076,train,True
3077,test,False
3078,train,True
3079,test,False
3080,test,False
3081,train,True
3082,train,True
3083,train,True
3084,train,True
3085,train,True
3086,test,False
3087,train,False
3088,test,False
3089,validation,False
3090,train,True
3091,train,True
3092,train,True
3093,train,True
3094,test,False
3095,train,True
3096,train,False
3097,test,False
3098,validation,False
3099,train,True
3100,train,True
3101,test,False
3102,train,False
3103,validation,False
3104,train,True
3105,validation,False
3106,train,True
3107,train,False
3108,train,False
3109,train,True
3110,test,False
3111,test,False
3112,test,False
3113,train,True
3114,validation,False
3115,train,False
3116,train,True
3117,test,False
3118,validation,False
3119,train,True
3120,train,True
3121,train,True
3122,train,True
3123,test,False
3124,test,False
3125,validation,False
3126,test,False
3127,train,False
3128,train,True
3129,test,False
3130,train,True
3131,train,False
3132,train,False
3133,test,False
3134,test,False
3135,train,True
3136,train,True
3137,test,False
3138,train,True
3139,train,True
3140,train,True
3141,train,False
3142,train,True
3143,train,False
3144,validation,False
3145,test,False
3146,train,True
3147,train,False
3148,train,False
3149,test,False
3150,train,False
3151,validation,False
3152,train,False
3153,test,False
3154,test,False
3155,validation,False
3156,train,False
3157,train,False
3158,validation,False
3159,test,False
3160,test,False
3161,validation,False
3162,validation,False
3163,train,False
3164,train,True
3165,validation,False
3166,test,False
3167,test,False
3168,validation,False
3169,train,True
3170,train,False
3171,train,True
3172,train,False
3173,train,True
3174,validation,False
3175,validation,False
3176,train,True
3177,train,True
3178,train,True
3179,train,True
3180,train,True
3181,train,False
3182,validation,False
3183,train,True
3184,train,True
3185,validation,False
3186,test,False
3187,train,True
3188,validation,False
3189,test,False
3190,validation,False
3191,train,False
3192,test,False
3193,train,True
3194,train,True
3195,train,True
3196,test,False
3197,train,True
3198,validation,False
3199,test,False
3200,train,True
3201,train,True
3202,train,True
3203,validation,False
3204,train,True
3205,test,False
3206,train,True
3207,validation,False
3208,train,False
3209,train,True
3210,train,False
3211,train,True
3212,test,False
3213,test,False
3214,test,False
3215,train,False
3216,test,False
3217,test,False
3218,validation,False
3219,train,True
3220,test,False
3221,validation,False
3222,validation,False
3223,train,True
3224,test,False
3225,train,True
3226,train,False
3227,train,True
3228,test,False
3229,test,False
3230,train,False
3231,train,True
3232,train,False
3233,train,False
3234,validation,False
3235,validation,False
3236,train,True
3237,train,True
3238,validation,False
3239,train,True
3240,train,True
3241,train,False
3242,train,False
3243,train,True
3244,train,True
3245,train,True
3246,validation,False
3247,train,True
3248,train,True
3249,validation,False
3250,train,False
3251,train,True
3252,train,True
3253,validation,False
3254,validation,False
3255,train,True
3256,test,False
3257,test,False
3258,validation,False
3259,train,True
3260,test,False
3261,train,False
3262,train,True
3263,train,False
3264,train,False
3265,train,True
3266,test,False
3267,train,True
3268,train,True
3269,train,False
3270,train,True
3271,train,False
3272,train,True
3273,train,True
3274,train,True
3275,train,True
3276,train,False
3277,train,True
3278,train,True
3279,train,True
3280,train,False
3281,validation,False
3282,train,False
3283,train,True
3284,validation,False
3285,train,False
3286,train,True
3287,train,True
3288,train,True
3289,train,True
3290,test,False
3291,train,True
3292,train,True
3293,train,False
3294,train,True
3295,validation,False
3296,train,True
3297,train,True
3298,train,False
3299,validation,False
3300,train,True
3301,validation,False
3302,train,True
3303,train,True
3304,train,True
3305,validation,False
3306,train,True
3307,test,False
3308,train,True
3309,train,False
3310,train,False
3311,train,False
3312,test,False
3313,train,True
3314,validation,False
3315,train,True
3316,train,True
3317,test,False
3318,train,False
3319,validation,False
3320,train,False
3321,validation,False
3322,train,False
3323,train,False
3324,train,True
3325,test,False
3326,train,True
3327,train,False
3328,test,False
3329,train,True
3330,train,True
3331,train,True
3332,train,True
3333,train,True
3334,train,True
3335,train,True
3336,train,True
3337,train,True
3338,test,False
3339,train,True
3340,train,True
3341,train,True
3342,validation,False
3343,train,True
3344,test,False
3345,test,False
3346,train,True
3347,train,False
3348,train,True
3349,train,False
3350,train,False
3351,test,False
3352,train,False
3353,validation,False
3354,train,True
3355,train,False
3356,test,False
3357,test,False
3358,train,True
3359,train,True
3360,train,True
3361,train,True
3362,train,True
3363,train,True
3364,train,True
3365,validation,False
3366,train,True
3367,train,True
3368,train,True
3369,train,True
3370,train,True
3371,train,True
3372,train,True
3373,test,False
3374,train,True
3375,test,False
3376,train,True
3377,train,False
3378,train,True
3379,test,False
3380,test,False
3381,train,True
3382,train,True
3383,test,False
3384,test,False
3385,train,False
3386,validation,False
3387,train,True
3388,train,True
3389,train,True
3390,train,True
3391,train,True
3392,train,True
3393,train,False
3394,test,False
3395,train,True
3396,train,True
3397,train,True
3398,validation,False
3399,train,True
3400,test,False
3401,test,False
3402,test,False
3403,train,True
3404,train,False
3405,test,False
3406,train,False
3407,train,True
3408,train,True
3409,test,False
3410,test,False
3411,train,True
3412,train,True
3413,validation,False
3414,train,True
3415,test,False
3416,test,False
3417,train,True
3418,validation,False
3419,train,False
3420,validation,False
3421,validation,False
3422,train,False
3423,train,True
3424,validation,False
3425,train,False
3426,validation,False
3427,validation,False
3428,train,True
3429,train,True
3430,train,False
3431,train,False
3432,train,True
3433,train,True
3434,test,False
3435,train,True
3436,train,True
3437,test,False
3438,train,True
3439,train,True
3440,validation,False
3441,test,False
3442,train,True
3443,test,False
3444,test,False
3445,validation,False
3446,train,True
3447,test,False
3448,train,False
3449,train,True
3450,validation,False
3451,train,True
3452,train,True
3453,validation,False
3454,train,True
3455,validation,False
3456,train,True
3457,train,False
3458,train,True
3459,train,False
3460,test,False
3461,test,False
3462,train,True
3463,train,True
3464,train,True
3465,train,True
3466,train,False
3467,validation,False
3468,train,True
3469,validation,False
3470,train,True
3471,train,True
3472,train,False
3473,train,True
3474,test,False
3475,test,False
3476,train,True
3477,train,True
3478,train,True
3479,train,True
3480,train,True
3481,validation,False
3482,train,True
3483,train,False
3484,validation,False
3485,train,False
3486,train,True
3487,train,True
3488,train,True
3489,train,True
3490,test,False
3491,validation,False
3492,train,False
3493,validation,False
3494,train,True
3495,train,True
3496,validation,False
3497,validation,False
3498,test,False
3499,train,True
3500,test,False
3501,train,True
3502,train,False
3503,train,False
3504,test,False
3505,test,False
3506,train,True
3507,validation,False
3508,train,True
3509,validation,False
3510,train,True
3511,train,False
3512,train,True
3513,train,True
3514,validation,False
3515,test,False
3516,train,True
3517,validation,False
3518,train,True
3519,train,False
3520,test,False
3521,train,True
3522,train,False
3523,test,False
3524,train,True
3525,train,False
3526,test,False
3527,test,False
3528,train,True
3529,train,True
3530,train,False
3531,test,False
3532,train,False
3533,train,True
3534,train,True
3535,train,False
3536,train,False
3537,train,True
3538,test,False
3539,validation,False
3540,validation,False
3541,validation,False
3542,train,True
3543,train,False
3544,test,False
3545,test,False
3546,train,False
3547,train,True
3548,train,True
3549,train,True
3550,train,True
3551,test,False
3552,validation,False
3553,train,True
3554,validation,False
3555,validation,False
3556,validation,False
3557,train,True
3558,train,False
3559,validation,False
3560,test,False
3561,validation,False
3562,validation,False
3563,train,True
3564,train,True
3565,validation,False
3566,train,False
3567,test,False
3568,test,False
3569,train,True
3570,train,True
3571,train,True
3572,train,False
3573,train,False
3574,train,False
3575,test,False
3576,validation,False
3577,test,False
3578,test,False
3579,test,False
3580,train,True
3581,train,True
3582,test,False
3583,validation,False
3584,train,True
3585,test,False
3586,test,False
3587,train,True
3588,validation,False
3589,train,False
3590,train,False
3591,train,False
3592,train,True
3593,validation,False
3594,test,False
3595,validation,False
3596,test,False
3597,test,False
3598,test,False
3599,test,False
3600,train,False
3601,train,False
3602,validation,False
3603,test,False
3604,train,True
3605,validation,False
3606,train,True
3607,train,False
3608,test,False
3609,train,True
3610,validation,False
3611,train,True
3612,train,False
3613,test,False
3614,test,False
3615,test,False
3616,test,False
3617,train,True
3618,train,True
3619,validation,False
3620,test,False
3621,train,False
3622,train,True
3623,train,True
3624,test,False
3625,validation,False
3626,validation,False
3627,train,True
3628,train,True
3629,train,True
3630,test,False
3631,test,False
3632,train,True
3633,train,True
3634,validation,False
3635,train,True
3636,train,True
3637,validation,False
3638,validation,False
3639,train,True
3640,test,False
3641,train,True
3642,test,False
3643,train,True
3644,validation,False
3645,train,False
3646,train,True
3647,test,False
3648,test,False
3649,train,True
3650,train,True
3651,train,False
3652,validation,False
3653,validation,False
3654,test,False
3655,train,False
3656,test,False
3657,train,False
3658,validation,False
3659,validation,False
3660,train,False
3661,validation,False
3662,train,True
3663,train,True
3664,train,True
3665,test,False
3666,validation,False
3667,train,True
3668,train,True
3669,validation,False
3670,train,True
3671,test,False
3672,test,False
3673,test,False
3674,validation,False
3675,train,False
3676,train,True
3677,validation,False
3678,validation,False
3679,train,True
3680,train,True
3681,train,True
3682,train,True
3683,train,True
3684,train,False
3685,train,True
3686,train,False
3687,train,True
3688,train,True
3689,validation,False
3690,train,False
3691,train,True
3692,train,False
3693,validation,False
3694,test,False
3695,validation,False
3696,train,False
3697,test,False
3698,validation,False
3699,validation,False
3700,train,True
3701,train,True
3702,train,True
3703,test,False
3704,validation,False
3705,train,True
3706,test,False
3707,train,True
3708,train,False
3709,train,False
3710,train,False
3711,train,True
3712,train,True
3713,test,False
3714,train,True
3715,train,False
3716,validation,False
3717,validation,False
3718,train,True
3719,validation,False
3720,train,False
3721,train,True
3722,validation,False
3723,train,True
3724,test,False
3725,train,False
3726,train,True
3727,test,False
3728,train,True
3729,train,True
3730,train,True
3731,train,True
3732,train,True
3733,test,False
3734,train,False
3735,validation,False
3736,train,False
3737,train,True
3738,train,True
3739,train,True
3740,train,False
3741,train,True
3742,train,True
3743,train,True
3744,train,True
3745,validation,False
3746,test,False
3747,validation,False
3748,validation,False
3749,train,False
3750,train,True
3751,train,True
3752,test,False
3753,train,True
3754,test,False
3755,train,True
3756,train,True
3757,test,False
3758,test,False
3759,validation,False
3760,train,True
3761,validation,False
3762,train,True
3763,test,False
3764,train,True
3765,test,False
3766,train,True
3767,test,False
3768,validation,False
3769,validation,False
3770,test,False
3771,test,False
3772,train,True
3773,train,True
3774,train,True
3775,train,False
3776,test,False
3777,train,True
3778,test,False
3779,train,False
3780,validation,False
3781,validation,False
3782,train,True
3783,test,False
3784,test,False
3785,train,False
3786,train,True
3787,train,True
3788,test,False
3789,train,True
3790,train,True
3791,test,False
3792,test,False
3793,train,True
3794,train,False
3795,validation,False
3796,train,True
3797,train,False
3798,test,False
3799,train,True
3800,test,False
3801,train,True
3802,test,False
3803,test,False
3804,train,False
3805,train,True
3806,train,True
3807,train,False
3808,train,False
3809,test,False
3810,train,True
3811,validation,False
3812,test,False
3813,train,True
3814,train,True
3815,test,False
3816,test,False
3817,test,False
3818,validation,False
3819,validation,False
3820,train,True
3821,train,True
3822,train,True
3823,validation,False
3824,test,False
3825,test,False
3826,train,True
3827,validation,False
3828,test,False
3829,test,False
3830,validation,False
3831,test,False
3832,train,True
3833,validation,False
3834,test,False
3835,train,False
3836,train,True
3837,train,True
3838,train,True
3839,train,True
3840,validation,False
3841,train,True
3842,validation,False
3843,validation,False
3844,train,False
3845,test,False
3846,train,True
3847,validation,False
3848,train,True
3849,train,True
3850,train,True
3851,train,True
3852,train,True
3853,train,False
3854,train,False
3855,train,True
3856,train,False
3857,validation,False
3858,train,True
3859,train,False
3860,test,False
3861,train,True
3862,train,True
3863,train,False
3864,validation,False
3865,test,False
3866,test,False
3867,train,False
3868,train,True
3869,validation,False
3870,train,True
3871,train,True
3872,train,True
3873,test,False
3874,train,False
3875,train,False
3876,train,False
3877,validation,False
3878,train,True
3879,validation,False
3880,train,True
3881,validation,False
3882,test,False
3883,train,True
3884,train,False
3885,test,False
3886,test,False
3887,train,True
3888,validation,False
3889,train,False
3890,test,False
3891,test,False
3892,train,True
3893,train,True
3894,test,False
3895,train,True
3896,validation,False
3897,train,False
3898,train,True
3899,train,True
3900,train,False
3901,train,True
3902,validation,False
3903,train,True
3904,train,True
3905,validation,False
3906,test,False
3907,train,False
3908,train,False
3909,train,True
3910,train,True
3911,test,False
3912,train,False
3913,train,True
3914,train,True
3915,train,True
3916,test,False
3917,train,True
3918,test,False
3919,train,True
3920,test,False
3921,validation,False
3922,validation,False
3923,validation,False
3924,test,False
3925,train,False
3926,test,False
3927,train,True
3928,train,False
3929,test,False
3930,train,True
3931,train,True
3932,validation,False
3933,validation,False
3934,validation,False
3935,validation,False
3936,test,False
3937,train,True
3938,train,True
3939,train,True
3940,train,False
3941,train,True
3942,test,False
3943,train,True
3944,train,True
3945,train,False
3946,train,False
3947,validation,False
3948,train,True
3949,train,True
3950,train,True
3951,test,False
3952,train,False
3953,train,True
3954,test,False
3955,train,False
3956,validation,False
3957,train,True
3958,test,False
3959,test,False
3960,train,False
3961,test,False
3962,validation,False
3963,validation,False
3964,test,False
3965,train,True
3966,test,False
3967,train,True
3968,validation,False
3969,validation,False
3970,test,False
3971,train,True
3972,train,True
3973,test,False
3974,train,False
3975,test,False
3976,validation,False
3977,train,True
3978,test,False
3979,validation,False
3980,validation,False
3981,test,False
3982,train,True
3983,validation,False
3984,validation,False
3985,train,True
3986,validation,False
3987,validation,False
3988,validation,False
3989,test,False
3990,train,True
3991,validation,False
3992,train,True
3993,train,False
3994,train,True
3995,train,True
3996,validation,False
3997,train,True
3998,train,False
3999,train,True
4000,train,True
4001,train,True
4002,test,False
4003,train,False
4004,test,False
4005,test,False
4006,train,True
4007,validation,False
4008,test,False
4009,test,False
4010,train,True
4011,validation,False
4012,train,True
4013,train,True
4014,train,True
4015,test,False
4016,train,True
4017,test,False
4018,validation,False
4019,validation,False
4020,train,True
4021,test,False
4022,test,False
4023,train,False
4024,train,False
4025,train,False
4026,validation,False
4027,train,True
4028,test,False
4029,validation,False
4030,train,True
4031,train,True
4032,train,True
4033,validation,False
4034,train,True
4035,validation,False
4036,train,False
4037,validation,False
4038,train,True
4039,validation,False
4040,train,False
4041,train,True
4042,train,True
4043,train,True
4044,validation,False
4045,train,True
4046,train,False
4047,validation,False
4048,train,True
4049,train,True
4050,test,False
4051,train,False
4052,train,True
4053,train,True
4054,train,True
4055,train,True
4056,train,True
4057,train,True
4058,train,True
4059,validation,False
4060,test,False
4061,validation,False
4062,validation,False
4063,validation,False
4064,train,True
4065,validation,False
4066,train,True
4067,validation,False
4068,train,True
4069,train,False
4070,train,True
4071,validation,False
4072,train,True
4073,validation,False
4074,train,True
4075,validation,False
4076,train,False
4077,validation,False
4078,train,False
4079,train,False
4080,train,True
4081,validation,False
4082,train,False
4083,validation,False
4084,validation,False
4085,train,True
4086,validation,False
4087,train,False
4088,train,True
4089,train,True
4090,test,False
4091,train,True
4092,train,False
4093,validation,False
4094,train,True
4095,test,False
4096,validation,False
4097,test,False
4098,train,False
4099,train,True
4100,test,False
4101,validation,False
4102,validation,False
4103,train,True
4104,test,False
4105,validation,False
4106,train,False
4107,test,False
4108,train,True
4109,train,False
4110,train,True
4111,validation,False
4112,train,False
4113,validation,False
4114,train,True
4115,train,True
4116,train,True
4117,validation,False
4118,test,False
4119,validation,False
4120,train,True
4121,train,True
4122,train,False
4123,train,True
4124,train,True
4125,validation,False
4126,test,False
4127,train,False
4128,train,True
4129,train,True
4130,test,False
4131,train,True
4132,test,False
4133,test,False
4134,train,False
4135,train,False
4136,train,True
4137,train,False
4138,test,False
4139,train,True
4140,train,False
4141,test,False
4142,test,False
4143,test,False
4144,validation,False
4145,validation,False
4146,train,True
4147,validation,False
4148,test,False
4149,validation,False
4150,train,True
4151,validation,False
4152,validation,False
4153,train,False
4154,validation,False
4155,validation,False
4156,train,True
4157,train,True
4158,train,True
4159,validation,False
4160,test,False
4161,validation,False
4162,train,True
4163,validation,False
4164,validation,False
4165,train,True
4166,train,True
4167,validation,False
4168,validation,False
4169,train,True
4170,train,True
4171,train,True
4172,validation,False
4173,train,False
4174,train,False
4175,train,True
4176,test,False
4177,test,False
4178,train,True
4179,train,False
4180,train,True
4181,validation,False
4182,validation,False
4183,train,True
4184,train,False
4185,validation,False
4186,train,True
4187,train,True
4188,train,True
4189,test,False
4190,train,False
4191,train,True
4192,train,True
4193,validation,False
4194,test,False
4195,train,True
4196,train,True
4197,validation,False
4198,validation,False
4199,train,False
4200,train,True
4201,test,False
4202,train,True
4203,test,False
4204,validation,False
4205,train,True
4206,test,False
4207,test,False
4208,validation,False
4209,train,True
4210,train,False
4211,train,False
4212,train,True
4213,validation,False
4214,validation,False
4215,test,False
4216,train,True
4217,validation,False
4218,train,False
4219,test,False
4220,train,False
4221,validation,False
4222,test,False
4223,validation,False
4224,train,True
4225,test,False
4226,validation,False
4227,train,True
4228,validation,False
4229,train,True
4230,validation,False
4231,train,True
4232,validation,False
4233,test,False
4234,validation,False
4235,validation,False
4236,test,False
4237,test,False
4238,train,True
4239,test,False
4240,train,True
4241,train,True
4242,train,True
4243,train,True
4244,validation,False
4245,train,True
4246,test,False
4247,train,True
4248,test,False
4249,train,True
4250,train,True
4251,train,True
4252,test,False
4253,train,True
4254,train,False
4255,train,False
4256,train,True
4257,validation,False
4258,validation,False
4259,train,True
4260,train,False
4261,train,False
4262,train,True
4263,train,False
4264,train,True
4265,test,False
4266,train,True
4267,train,False
4268,train,True
4269,validation,False
4270,test,False
4271,train,True
4272,test,False
4273,validation,False
4274,train,True
4275,train,True
4276,train,True
4277,test,False
4278,train,False
4279,train,True
4280,train,True
4281,train,True
4282,train,True
4283,validation,False
4284,test,False
4285,train,False
4286,train,False
4287,validation,False
4288,train,False
4289,test,False
4290,train,True
4291,validation,False
4292,train,False
4293,train,True
4294,test,False
4295,train,False
4296,train,True
4297,train,False
4298,validation,False
4299,train,True
4300,train,True
4301,validation,False
4302,test,False
4303,validation,False
4304,test,False
4305,train,True
4306,test,False
4307,test,False
4308,train,True
4309,train,True
4310,validation,False
4311,validation,False
4312,train,True
4313,train,True
4314,validation,False
4315,test,False
4316,train,False
4317,train,False
4318,train,True
4319,validation,False
4320,validation,False
4321,train,True
4322,train,False
4323,train,True
4324,validation,False
4325,train,False
4326,train,False
4327,train,True
4328,test,False
4329,train,False
4330,test,False
4331,train,True
4332,train,True
4333,train,False
4334,train,True
4335,test,False
4336,train,True
4337,validation,False
4338,train,True
4339,train,True
4340,train,True
4341,train,True
4342,validation,False
4343,train,True
4344,train,True
4345,train,True
4346,test,False
4347,validation,False
4348,train,True
4349,train,True
4350,validation,False
4351,validation,False
4352,train,False
4353,train,True
4354,validation,False
4355,train,False
4356,train,True
4357,train,True
4358,test,False
4359,test,False
4360,train,True
4361,validation,False
4362,train,True
4363,train,True
4364,test,False
4365,train,False
4366,train,False
4367,test,False
4368,train,False
4369,test,False
4370,train,False
4371,validation,False
4372,train,True
4373,train,False
4374,test,False
4375,train,True
4376,train,False
4377,validation,False
4378,test,False
4379,train,True
4380,train,False
4381,test,False
4382,train,True
4383,validation,False
4384,train,False
4385,test,False
4386,validation,False
4387,train,False
4388,train,False
4389,train,True
4390,train,False
4391,train,True
4392,train,True
4393,test,False
4394,train,False
4395,test,False
4396,validation,False
4397,train,True
4398,train,False
4399,validation,False
4400,test,False
4401,validation,False
4402,train,True
4403,train,True
4404,test,False
4405,train,True
4406,train,False
4407,validation,False
4408,validation,False
4409,validation,False
4410,validation,False
4411,train,True
4412,test,False
4413,test,False
4414,validation,False
4415,train,True
4416,train,True
4417,train,True
4418,test,False
4419,validation,False
4420,validation,False
4421,train,True
4422,validation,False
4423,train,True
4424,train,True
4425,train,True
4426,train,False
4427,train,False
4428,validation,False
4429,train,True
4430,train,True
4431,train,True
4432,test,False
4433,validation,False
4434,train,True
4435,train,True
4436,train,True
4437,train,True
4438,validation,False
4439,test,False
4440,train,False
4441,train,False
4442,validation,False
4443,train,False
4444,train,True
4445,test,False
4446,train,True
4447,train,True
4448,validation,False
4449,validation,False
4450,train,True
4451,test,False
4452,train,True
4453,train,True
4454,train,True
4455,train,False
4456,train,False
4457,validation,False
4458,validation,False
4459,train,True
4460,train,True
4461,train,False
4462,validation,False
4463,train,False
4464,train,False
4465,validation,False
4466,train,False
4467,train,True
4468,test,False
4469,train,True
4470,test,False
4471,validation,False
4472,train,False
4473,train,True
4474,train,True
4475,train,False
4476,validation,False
4477,train,True
4478,test,False
4479,test,False
4480,train,True
4481,validation,False
4482,validation,False
4483,test,False
4484,train,False
4485,validation,False
4486,train,True
4487,train,False
4488,train,False
4489,test,False
4490,test,False
4491,train,True
4492,train,True
4493,validation,False
4494,validation,False
4495,validation,False
4496,train,True
4497,train,False
4498,train,True
4499,validation,False
4500,train,False
4501,train,False
4502,train,True
4503,train,False
4504,train,True
4505,validation,False
4506,train,True
4507,train,False
4508,validation,False
4509,train,False
4510,validation,False
4511,train,False
4512,train,False
4513,train,True
4514,validation,False
4515,validation,False
4516,train,True
4517,train,False
4518,train,True
4519,train,True
4520,train,False
4521,train,True
4522,validation,False
4523,validation,False
4524,test,False
4525,train,True
4526,train,False
4527,test,False
4528,train,True
4529,test,False
4530,train,False
4531,train,True
4532,train,True
4533,test,False
4534,train,True
4535,test,False
4536,validation,False
4537,validation,False
4538,train,False
4539,train,True
4540,train,False
4541,train,False
4542,train,False
4543,validation,False
4544,train,True
4545,train,True
4546,test,False
4547,train,True
4548,train,False
4549,train,True
4550,train,True
4551,validation,False
4552,train,False
4553,validation,False
4554,train,False
4555,test,False
4556,test,False
4557,train,True
4558,train,True
4559,train,False
4560,train,True
4561,validation,False
4562,test,False
4563,train,False
4564,train,True
4565,test,False
4566,validation,False
4567,train,True
4568,test,False
4569,train,False
4570,train,True
4571,validation,False
4572,validation,False
4573,train,True
4574,validation,False
4575,validation,False
4576,validation,False
4577,validation,False
4578,validation,False
4579,test,False
4580,validation,False
4581,test,False
4582,train,True
4583,validation,False
4584,train,True
4585,train,True
4586,validation,False
4587,train,False
4588,train,True
4589,test,False
4590,train,True
4591,validation,False
4592,train,True
4593,train,False
4594,train,False
4595,validation,False
4596,train,True
4597,train,True
4598,train,True
4599,validation,False
4600,train,True
4601,train,True
4602,test,False
4603,test,False
4604,train,True
4605,train,True
4606,train,False
4607,train,False
4608,train,False
4609,train,False
4610,test,False
4611,validation,False
4612,validation,False
4613,test,False
4614,train,True
4615,train,False
4616,train,True
4617,test,False
4618,train,True
4619,train,True
4620,train,True
4621,validation,False
4622,train,False
4623,train,True
4624,train,True
4625,validation,False
4626,train,True
4627,train,True
4628,test,False
4629,test,False
4630,train,False
4631,train,False
4632,test,False
4633,train,True
4634,train,False
4635,validation,False
4636,validation,False
4637,train,False
4638,validation,False
4639,train,False
4640,validation,False
4641,train,True
4642,validation,False
4643,validation,False
4644,train,False
4645,train,False
4646,validation,False
4647,validation,False
4648,test,False
4649,train,True
4650,train,True
4651,test,False
4652,test,False
4653,train,True
4654,train,True
4655,train,False
4656,train,False
4657,validation,False
4658,train,True
4659,validation,False
4660,train,False
4661,train,False
4662,test,False
4663,train,True
4664,train,False
4665,train,True
4666,train,False
4667,train,True
4668,train,False
4669,train,True
4670,validation,False
4671,train,True
4672,train,True
4673,test,False
4674,validation,False
4675,test,False
4676,train,True
4677,train,False
4678,validation,False
4679,train,False
4680,train,True
4681,train,False
4682,train,True
4683,train,True
4684,validation,False
4685,train,False
4686,train,True
4687,train,True
4688,train,True
4689,train,True
4690,train,False
4691,train,False
4692,train,False
4693,train,True
4694,train,True
4695,test,False
4696,test,False
4697,test,False
4698,train,True
4699,train,True
4700,test,False
4701,test,False
4702,train,True
4703,train,False
4704,test,False
4705,train,True
4706,train,True
4707,train,True
4708,train,True
4709,test,False
4710,train,True
4711,validation,False
4712,train,True
4713,validation,False
4714,train,True
4715,train,True
4716,test,False
4717,test,False
4718,train,True
4719,validation,False
4720,validation,False
4721,train,True
4722,train,True
4723,train,True
4724,train,True
4725,train,False
4726,train,False
4727,validation,False
4728,test,False
4729,test,False
4730,train,True
4731,train,False
4732,validation,False
4733,train,False
4734,test,False
4735,train,False
4736,train,True
4737,train,True
4738,train,True
4739,validation,False
4740,train,False
4741,train,True
4742,train,False
4743,train,True
4744,validation,False
4745,test,False
4746,train,True
4747,train,True
4748,train,True
4749,test,False
4750,test,False
4751,test,False
4752,train,False
4753,train,True
4754,validation,False
4755,validation,False
4756,validation,False
4757,train,False
4758,train,True
4759,train,True
4760,test,False
4761,test,False
4762,train,True
4763,train,False
4764,train,True
4765,train,True
4766,train,False
4767,validation,False
4768,train,False
4769,train,False
4770,train,True
4771,validation,False
4772,validation,False
4773,train,True
4774,test,False
4775,train,False
4776,test,False
4777,train,True
4778,train,True
4779,train,True
4780,test,False
4781,train,True
4782,train,True
4783,train,True
4784,train,True
4785,train,True
4786,train,True
4787,test,False
4788,train,False
4789,train,True
4790,test,False
4791,test,False
4792,train,True
4793,validation,False
4794,train,True
4795,validation,False
4796,train,True
4797,train,True
4798,train,False
4799,train,False
4800,train,True
4801,validation,False
4802,train,True
4803,train,True
4804,validation,False
4805,test,False
4806,train,True
4807,train,False
4808,train,True
4809,train,True
4810,validation,False
4811,validation,False
4812,train,False
4813,validation,False
4814,train,True
4815,train,True
4816,train,True
4817,train,False
4818,train,True
4819,train,False
4820,train,False
4821,test,False
4822,train,True
4823,validation,False
4824,test,False
4825,train,True
4826,train,True
4827,train,False
4828,train,True
4829,validation,False
4830,test,False
4831,test,False
4832,validation,False
4833,train,True
4834,train,True
4835,test,False
4836,train,True
4837,train,True
4838,train,True
4839,train,False
4840,test,False
4841,train,True
4842,validation,False
4843,train,True
4844,train,False
4845,train,True
4846,validation,False
4847,train,False
4848,train,True
4849,train,False
4850,test,False
4851,train,False
4852,validation,False
4853,train,False
4854,train,False
4855,train,True
4856,train,True
4857,test,False
4858,train,True
4859,train,True
4860,train,False
4861,validation,False
4862,train,False
4863,train,False
4864,train,True
4865,train,False
4866,train,True
4867,train,False
4868,train,True
4869,validation,False
4870,train,False
4871,train,True
4872,test,False
4873,validation,False
4874,validation,False
4875,train,False
4876,train,False
4877,validation,False
4878,train,True
4879,test,False
4880,validation,False
4881,validation,False
4882,train,False
4883,train,False
4884,test,False
4885,train,True
4886,train,False
4887,train,False
4888,train,True
4889,train,False
4890,validation,False
4891,test,False
4892,test,False
4893,test,False
4894,test,False
4895,test,False
4896,train,False
4897,train,True
4898,validation,False
4899,train,True
4900,train,True
4901,train,True
4902,validation,False
4903,train,True
4904,train,True
4905,train,False
4906,test,False
4907,train,True
4908,train,True
4909,validation,False
4910,validation,False
4911,test,False
4912,test,False
4913,validation,False
4914,train,False
4915,train,True
4916,test,False
4917,train,True
4918,train,True
4919,test,False
4920,train,False
4921,train,True
4922,test,False
4923,train,False
4924,train,True
4925,train,False
4926,train,True
4927,train,True
4928,train,True
4929,validation,False
4930,train,False
4931,train,True
4932,validation,False
4933,validation,False
4934,train,True
4935,train,False
4936,validation,False
4937,train,True
4938,train,True
4939,train,True
4940,test,False
4941,train,True
4942,train,True
4943,train,True
4944,validation,False
4945,test,False
4946,train,True
4947,train,False
4948,train,False
4949,test,False
4950,train,False
4951,train,True
4952,test,False
4953,test,False
4954,train,False
4955,train,False
4956,train,True
4957,train,True
4958,validation,False
4959,train,False
4960,validation,False
4961,train,True
4962,train,True
4963,test,False
4964,train,False
4965,test,False
4966,test,False
4967,train,True
4968,train,True
4969,train,False
4970,test,False
4971,test,False
4972,test,False
4973,validation,False
4974,validation,False
4975,train,True
4976,train,True
4977,train,True
4978,test,False
4979,train,True
4980,train,True
4981,test,False
4982,test,False
4983,train,False
4984,train,True
4985,train,False
4986,train,False
4987,train,True
4988,validation,False
4989,validation,False
4990,train,True
4991,train,False
4992,validation,False
4993,train,False
4994,train,True
4995,validation,False
4996,train,True
4997,train,False
4998,train,False
4999,train,False
5000,train,True
5001,train,False
5002,train,False
5003,train,True
5004,train,True
5005,test,False
5006,validation,False
5007,validation,False
5008,train,True
5009,train,False
5010,validation,False
5011,validation,False
5012,train,True
5013,train,False
5014,test,False
5015,validation,False
5016,test,False
5017,test,False
5018,train,True
5019,train,False
5020,train,True
5021,train,True
5022,train,False
5023,train,False
5024,train,True
5025,validation,False
5026,train,True
5027,test,False
5028,train,True
5029,train,True
5030,validation,False
5031,train,True
5032,train,True
5033,train,False
5034,train,True
5035,train,True
5036,validation,False
5037,test,False
5038,train,True
5039,train,True
5040,train,True
5041,train,True
5042,train,False
5043,train,True
5044,train,False
5045,validation,False
5046,train,True
5047,validation,False
5048,test,False
5049,train,True
5050,test,False
5051,train,True
5052,train,True
5053,train,False
5054,train,True
5055,test,False
5056,train,False
5057,train,False
5058,train,False
5059,train,True
5060,train,True
5061,test,False
5062,train,True
5063,train,True
5064,validation,False
5065,train,True
5066,test,False
5067,train,True
5068,train,False
5069,train,True
5070,validation,False
5071,test,False
5072,validation,False
5073,validation,False
5074,validation,False
5075,train,True
5076,test,False
5077,test,False
5078,train,True
5079,train,True
5080,validation,False
5081,validation,False
5082,test,False
5083,test,False
5084,train,True
5085,train,False
5086,validation,False
5087,test,False
5088,test,False
5089,train,True
5090,test,False
5091,train,True
5092,train,False
5093,train,False
5094,test,False
5095,train,True
5096,test,False
5097,validation,False
5098,train,True
5099,validation,False
5100,train,True
5101,test,False
5102,validation,False
5103,test,False
5104,validation,False
5105,train,True
5106,train,True
5107,test,False
5108,train,True
5109,validation,False
5110,train,True
5111,train,True
5112,validation,False
5113,test,False
5114,train,False
5115,validation,False
5116,test,False
5117,train,True
5118,train,True
5119,validation,False
5120,test,False
5121,validation,False
5122,train,True
5123,test,False
5124,test,False
5125,train,True
5126,train,True
5127,train,True
5128,test,False
5129,train,True
5130,train,True
5131,train,False
5132,train,True
5133,train,True
5134,test,False
5135,test,False
5136,test,False
5137,test,False
5138,train,True
5139,train,True
5140,train,True
5141,train,True
5142,test,False
5143,validation,False
5144,validation,False
5145,test,False
5146,train,False
5147,validation,False
5148,validation,False
5149,train,False
5150,train,True
5151,validation,False
5152,train,True
5153,train,True
5154,train,True
5155,validation,False
5156,train,True
5157,train,True
5158,train,True
5159,train,True
5160,validation,False
5161,train,True
5162,validation,False
5163,train,False
5164,validation,False
5165,test,False
5166,test,False
5167,train,True
5168,validation,False
5169,validation,False
5170,train,True
5171,train,False
5172,validation,False
5173,test,False
5174,validation,False
5175,train,True
5176,validation,False
5177,test,False
5178,train,True
5179,test,False
5180,train,True
5181,train,False
5182,train,True
5183,train,True
5184,validation,False
5185,train,False
5186,train,True
5187,train,True
5188,validation,False
5189,test,False
5190,train,True
5191,test,False
5192,train,True
5193,validation,False
5194,train,True
5195,validation,False
5196,validation,False
5197,test,False
5198,train,False
5199,validation,False
5200,train,True
5201,test,False
5202,train,True
5203,train,True
5204,train,True
5205,train,True
5206,train,False
5207,train,False
5208,train,False
5209,train,True
5210,train,True
5211,test,False
5212,validation,False
5213,train,False
5214,test,False
5215,train,True
5216,train,True
5217,train,True
5218,train,True
5219,train,False
5220,validation,False
5221,test,False
5222,train,True
5223,validation,False
5224,train,True
5225,validation,False
5226,train,True
5227,train,True
5228,train,True
5229,train,True
5230,train,True
5231,test,False
5232,train,False
5233,train,True
5234,train,True
5235,train,False
5236,test,False
5237,train,True
5238,validation,False
5239,train,True
5240,train,True
5241,test,False
5242,train,False
5243,train,True
5244,train,True
5245,train,True
5246,validation,False
5247,train,False
5248,test,False
5249,train,True
5250,train,True
5251,train,True
5252,train,True
5253,validation,False
5254,train,True
5255,train,True
5256,train,False
5257,train,True
5258,train,True
5259,validation,False
5260,test,False
5261,validation,False
5262,train,True
5263,train,True
5264,train,True
5265,train,True
5266,train,True
5267,train,True
5268,train,True
5269,train,True
5270,train,True
5271,train,False
5272,validation,False
5273,train,True
5274,test,False
5275,train,True
5276,train,True
5277,train,True
5278,train,True
5279,test,False
5280,validation,False
5281,train,True
5282,validation,False
5283,train,True
5284,validation,False
5285,train,True
5286,train,False
5287,train,False
5288,train,True
5289,test,False
5290,train,False
5291,test,False
5292,validation,False
5293,test,False
5294,train,True
5295,test,False
5296,train,False
5297,train,False
5298,test,False
5299,train,True
5300,test,False
5301,validation,False
5302,train,False
5303,validation,False
5304,train,True
5305,test,False
5306,validation,False
5307,train,True
5308,train,True
5309,train,False
5310,train,True
5311,validation,False
5312,train,False
5313,test,False
5314,validation,False
5315,train,False
5316,train,True
5317,train,True
5318,train,True
5319,test,False
5320,train,False
5321,validation,False
5322,train,False
5323,test,False
5324,train,True
5325,train,False
5326,validation,False
5327,test,False
5328,train,True
5329,train,True
5330,train,False
5331,train,True
5332,train,True
5333,train,True
5334,test,False
5335,validation,False
5336,train,True
5337,test,False
5338,train,True
5339,test,False
5340,train,True
5341,train,True
5342,train,True
5343,train,True
5344,validation,False
5345,train,True
5346,train,True
5347,train,True
5348,train,True
5349,train,True
5350,test,False
5351,validation,False
5352,train,False
5353,train,True
5354,validation,False
5355,train,False
5356,train,True
5357,test,False
5358,test,False
5359,train,False
5360,validation,False
5361,train,True
5362,train,False
5363,train,True
5364,train,True
5365,train,False
5366,train,True
5367,train,False
5368,train,False
5369,train,False
5370,train,True
5371,validation,False
5372,train,False
5373,train,True
5374,test,False
5375,test,False
5376,train,True
5377,train,False
5378,test,False
5379,train,True
5380,train,True
5381,validation,False
5382,test,False
5383,train,True
5384,validation,False
5385,train,True
5386,train,True
5387,train,False
5388,test,False
5389,validation,False
5390,train,True
5391,train,False
5392,train,False
5393,train,True
5394,test,False
5395,train,True
5396,test,False
5397,train,False
5398,train,False
5399,validation,False
5400,train,True
5401,test,False
5402,train,True
5403,validation,False
5404,test,False
5405,validation,False
5406,train,True
5407,validation,False
5408,train,False
5409,train,False
5410,validation,False
5411,train,True
5412,validation,False
5413,train,False
5414,train,False
5415,test,False
5416,train,True
5417,train,False
5418,test,False
5419,test,False
5420,validation,False
5421,train,False
5422,train,True
5423,train,True
5424,train,False
5425,validation,False
5426,train,True
5427,validation,False
5428,train,False
5429,validation,False
5430,train,True
5431,train,True
5432,train,True
5433,validation,False
5434,train,False
5435,test,False
5436,train,True
5437,test,False
5438,train,True
5439,validation,False
5440,train,True
5441,validation,False
5442,validation,False
5443,validation,False
5444,validation,False
5445,train,True
5446,test,False
5447,test,False
5448,train,False
5449,train,False
5450,train,True
5451,test,False
5452,train,True
5453,train,False
5454,train,True
5455,validation,False
5456,test,False
5457,validation,False
5458,train,True
5459,train,True
5460,train,True
5461,validation,False
5462,train,True
5463,validation,False
5464,train,True
5465,train,True
5466,validation,False
5467,train,True
5468,train,False
5469,train,True
5470,train,True
5471,train,True
5472,test,False
5473,train,True
5474,train,True
5475,train,False
5476,test,False
5477,train,True
5478,test,False
5479,train,False
5480,train,False
5481,test,False
5482,train,True
5483,train,True
5484,validation,False
5485,validation,False
5486,validation,False
5487,validation,False
5488,test,False
5489,train,True
5490,test,False
5491,validation,False
5492,train,True
5493,train,True
5494,train,True
5495,test,False
5496,train,True
5497,train,True
5498,test,False
5499,train,True
5500,train,False
5501,train,True
5502,validation,False
5503,validation,False
5504,test,False
5505,train,False
5506,train,True
5507,train,False
5508,test,False
5509,train,False
5510,train,False
5511,validation,False
5512,train,True
5513,train,True
5514,train,False
5515,train,False
5516,validation,False
5517,train,False
5518,test,False
5519,validation,False
5520,validation,False
5521,train,True
5522,train,True
5523,train,True
5524,train,True
5525,train,True
5526,test,False
5527,train,True
5528,validation,False
5529,test,False
5530,train,False
5531,train,True
5532,train,True
5533,test,False
5534,train,False
5535,validation,False
5536,train,True
5537,train,True
5538,train,False
5539,validation,False
5540,train,True
5541,validation,False
5542,test,False
5543,train,True
5544,train,True
5545,train,False
5546,train,True
5547,test,False
5548,train,True
5549,train,True
5550,train,False
5551,validation,False
5552,train,True
5553,validation,False
5554,train,True
5555,validation,False
5556,validation,False
5557,validation,False
5558,train,True
5559,validation,False
5560,train,True
5561,validation,False
5562,test,False
5563,validation,False
5564,train,True
5565,test,False
5566,train,True
5567,train,False
5568,test,False
5569,validation,False
5570,train,True
5571,test,False
5572,validation,False
5573,train,True
5574,train,True
5575,train,False
5576,train,True
5577,train,True
5578,train,True
5579,train,True
5580,test,False
5581,train,False
5582,train,True
5583,train,False
5584,validation,False
5585,train,True
5586,validation,False
5587,validation,False
5588,test,False
5589,test,False
5590,train,True
5591,test,False
5592,train,False
5593,train,True
5594,train,True
5595,train,True
5596,train,False
5597,validation,False
5598,validation,False
5599,validation,False
5600,train,True
5601,test,False
5602,train,True
5603,test,False
5604,train,True
5605,train,True
5606,validation,False
5607,test,False
5608,train,True
5609,train,False
5610,train,False
5611,train,True
5612,validation,False
5613,validation,False
5614,train,True
5615,train,True
5616,test,False
5617,train,True
5618,train,False
5619,validation,False
5620,train,True
5621,train,True
5622,validation,False
5623,train,False
5624,validation,False
5625,test,False
5626,train,True
5627,train,True
5628,validation,False
5629,train,False
5630,test,False
5631,train,True
5632,train,False
5633,train,False
5634,train,False
5635,test,False
5636,train,False
5637,train,True
5638,test,False
5639,train,False
5640,validation,False
5641,train,False
5642,test,False
5643,train,True
5644,train,True
5645,train,True
5646,train,True
5647,train,False
5648,train,False
5649,test,False
5650,train,True
5651,validation,False
5652,validation,False
5653,train,True
5654,train,False
5655,train,True
5656,train,True
5657,validation,False
5658,train,True
5659,test,False
5660,train,True
5661,train,True
5662,validation,False
5663,validation,False
5664,test,False
5665,train,True
5666,test,False
5667,train,True
5668,train,True
5669,validation,False
5670,train,True
5671,train,True
5672,validation,False
5673,train,True
5674,test,False
5675,train,True
5676,train,True
5677,train,True
5678,train,True
5679,test,False
5680,test,False
5681,train,False
5682,train,True
5683,validation,False
5684,train,False
5685,train,True
5686,validation,False
5687,test,False
5688,train,False
5689,validation,False
5690,train,False
5691,validation,False
5692,test,False
5693,validation,False
5694,test,False
5695,validation,False
5696,train,True
5697,train,True
5698,train,True
5699,train,True
5700,train,True
5701,train,True
5702,train,True
5703,test,False
5704,test,False
5705,train,False
5706,test,False
5707,train,True
5708,train,True
5709,test,False
5710,validation,False
5711,train,True
5712,validation,False
5713,train,True
5714,train,True
5715,test,False
5716,train,True
5717,train,False
5718,validation,False
5719,validation,False
5720,train,False
5721,train,True
5722,validation,False
5723,train,True
5724,train,True
5725,validation,False
5726,test,False
5727,train,False
5728,train,True
5729,test,False
5730,train,False
5731,train,False
5732,validation,False
5733,train,True
5734,validation,False
5735,validation,False
5736,train,False
5737,validation,False
5738,train,True
5739,train,True
5740,train,True
5741,train,True
5742,train,True
5743,train,False
5744,test,False
5745,test,False
5746,test,False
5747,train,True
5748,train,True
5749,train,False
5750,train,False
5751,validation,False
5752,validation,False
5753,train,True
5754,train,True
5755,validation,False
5756,test,False
5757,train,True
5758,train,True
5759,validation,False
5760,train,True
5761,train,False
5762,train,True
5763,train,True
5764,validation,False
5765,train,False
5766,validation,False
5767,train,False
5768,train,True
5769,test,False
5770,validation,False
5771,test,False
5772,train,True
5773,test,False
5774,train,True
5775,validation,False
5776,train,True
5777,train,False
5778,test,False
5779,train,True
5780,test,False
5781,validation,False
5782,train,True
5783,train,True
5784,train,True
5785,train,True
5786,train,True
5787,train,False
5788,train,False
5789,train,True
5790,validation,False
5791,train,True
5792,train,True
5793,train,True
5794,train,True
5795,train,False
5796,train,True
5797,train,True
5798,validation,False
5799,validation,False
5800,train,True
5801,train,True
5802,train,False
5803,test,False
5804,train,True
5805,validation,False
5806,test,False
5807,validation,False
5808,train,True
5809,train,True
5810,train,False
5811,train,False
5812,validation,False
5813,test,False
5814,train,False
5815,validation,False
5816,test,False
5817,validation,False
5818,train,True
5819,validation,False
5820,test,False
5821,test,False
5822,train,False
5823,validation,False
5824,train,False
5825,train,True
5826,validation,False
5827,test,False
5828,train,True
5829,train,True
5830,validation,False
5831,validation,False
5832,validation,False
5833,train,True
5834,train,True
5835,train,True
5836,train,True
5837,train,False
5838,validation,False
5839,train,True
5840,train,True
5841,train,True
5842,train,False
5843,train,True
5844,validation,False
5845,train,True
5846,train,True
5847,train,True
5848,validation,False
5849,train,True
5850,train,True
5851,validation,False
5852,train,True
5853,train,False
5854,train,True
5855,train,True
5856,train,True
5857,train,False
5858,validation,False
5859,test,False
5860,train,False
5861,test,False
5862,train,True
5863,validation,False
5864,test,False
5865,train,False
5866,train,True
5867,train,False
5868,train,False
5869,train,False
5870,test,False
5871,train,True
5872,train,True
5873,validation,False
5874,train,True
5875,train,True
5876,train,False
5877,test,False
5878,test,False
5879,train,False
5880,train,True
5881,train,True
5882,train,True
5883,validation,False
5884,test,False
5885,validation,False
5886,train,False
5887,train,True
5888,train,False
5889,train,True
5890,validation,False
5891,train,False
5892,test,False
5893,train,True
5894,train,True
5895,validation,False
5896,train,False
5897,train,True
5898,train,False
5899,train,True
5900,test,False
5901,train,True
5902,train,True
5903,validation,False
5904,train,True
5905,train,True
5906,test,False
5907,test,False
5908,validation,False
5909,test,False
5910,train,True
5911,train,True
5912,train,True
5913,train,False
5914,train,True
5915,train,True
5916,validation,False
5917,train,True
5918,train,True
5919,train,True
5920,train,True
5921,validation,False
5922,train,True
5923,train,True
5924,train,True
5925,train,False
5926,train,False
5927,train,True
5928,validation,False
5929,validation,False
5930,test,False
5931,test,False
5932,train,False
5933,validation,False
5934,train,True
5935,train,False
5936,train,False
5937,train,True
5938,train,True
5939,train,False
5940,train,False
5941,train,False
5942,train,False
5943,validation,False
5944,train,True
5945,train,True
5946,test,False
5947,train,True
5948,train,True
5949,train,False
5950,train,False
5951,validation,False
5952,train,False
5953,train,True
5954,validation,False
5955,validation,False
5956,train,False
5957,validation,False
5958,validation,False
5959,train,True
5960,train,True
5961,train,False
5962,validation,False
5963,train,False
5964,validation,False
5965,validation,False
5966,train,False
5967,test,False
5968,validation,False
5969,validation,False
5970,test,False
5971,test,False
5972,train,True
5973,train,True
5974,train,True
5975,train,False
5976,train,True
5977,train,True
5978,validation,False
5979,validation,False
5980,train,True
5981,train,True
5982,train,True
5983,validation,False
5984,test,False
5985,train,False
5986,train,False
5987,validation,False
5988,train,False
5989,train,True
5990,train,True
5991,train,True
5992,train,False
5993,validation,False
5994,train,True
5995,train,True
5996,train,True
5997,validation,False
5998,train,True
5999,validation,False
6000,validation,False
6001,test,False
6002,train,True
6003,train,False
6004,validation,False
6005,train,True
6006,train,False
6007,train,True
6008,train,True
6009,validation,False
6010,test,False
6011,train,False
6012,test,False
6013,train,True
6014,train,True
6015,test,False
6016,train,False
6017,validation,False
6018,validation,False
6019,train,False
6020,train,True
6021,train,False
6022,train,True
6023,train,True
6024,train,True
6025,test,False
6026,train,False
6027,train,True
6028,test,False
6029,validation,False
6030,train,True
6031,train,True
6032,train,True
6033,test,False
6034,train,True
6035,validation,False
6036,test,False
6037,train,False
6038,train,True
6039,train,False
6040,train,True
6041,test,False
6042,train,False
6043,validation,False
6044,train,True
6045,train,False
6046,train,True
6047,train,False
6048,test,False
6049,train,True
6050,validation,False
6051,train,False
6052,train,True
6053,test,False
6054,validation,False
6055,train,False
6056,train,True
6057,train,True
6058,validation,False
6059,train,True
6060,train,True
6061,validation,False
6062,train,False
6063,train,True
6064,validation,False
6065,train,True
6066,train,True
6067,validation,False
6068,validation,False
6069,test,False
6070,validation,False
6071,train,True
6072,train,True
6073,train,False
6074,train,True
6075,validation,False
6076,test,False
6077,validation,False
6078,validation,False
6079,validation,False
6080,test,False
6081,train,False
6082,train,False
6083,train,True
6084,train,True
6085,train,True
6086,validation,False
6087,validation,False
6088,test,False
6089,train,True
6090,train,True
6091,train,True
6092,test,False
6093,train,True
6094,test,False
6095,train,False
6096,train,True
6097,test,False
6098,test,False
6099,train,False
6100,validation,False
6101,train,True
6102,test,False
6103,validation,False
6104,train,True
6105,test,False
6106,train,False
6107,validation,False
6108,validation,False
6109,test,False
6110,train,False
6111,train,False
6112,train,True
6113,validation,False
6114,train,True
6115,test,False
6116,train,True
6117,test,False
6118,train,False
6119,train,True
6120,train,False
6121,validation,False
6122,train,True
6123,train,True
6124,test,False
6125,test,False
6126,validation,False
6127,train,True
6128,test,False
6129,test,False
6130,train,True
6131,validation,False
6132,test,False
6133,train,False
6134,train,True
6135,validation,False
6136,test,False
6137,train,True
6138,train,True
6139,train,True
6140,validation,False
6141,validation,False
6142,train,True
6143,train,True
6144,train,True
6145,test,False
6146,validation,False
6147,test,False
6148,train,False
6149,train,True
6150,test,False
6151,train,True
6152,validation,False
6153,validation,False
6154,train,False
6155,train,True
6156,train,False
6157,train,True
6158,validation,False
6159,train,True
6160,validation,False
6161,train,True
6162,train,True
6163,validation,False
6164,train,True
6165,test,False
6166,validation,False
6167,validation,False
6168,validation,False
6169,train,True
6170,train,True
6171,train,True
6172,test,False
6173,test,False
6174,train,True
6175,train,True
6176,test,False
6177,train,False
6178,train,True
6179,train,True
6180,validation,False
6181,validation,False
6182,train,True
6183,test,False
6184,train,False
6185,validation,False
6186,train,True
6187,train,False
6188,train,True
6189,test,False
6190,test,False
6191,train,True
6192,validation,False
6193,train,True
6194,test,False
6195,train,True
6196,train,False
6197,train,True
6198,train,False
6199,test,False
6200,test,False
6201,test,False
6202,validation,False
6203,validation,False
6204,train,True
6205,train,True
6206,train,False
6207,train,True
6208,validation,False
6209,test,False
6210,train,True
6211,train,False
6212,train,False
6213,test,False
6214,train,False
6215,test,False
6216,test,False
6217,test,False
6218,test,False
6219,validation,False
6220,train,True
6221,train,True
6222,test,False
6223,test,False
6224,train,False
6225,train,False
6226,validation,False
6227,validation,False
6228,validation,False
6229,validation,False
6230,test,False
6231,validation,False
6232,validation,False
6233,validation,False
6234,train,True
6235,test,False
6236,validation,False
6237,train,False
6238,train,False
6239,train,True
6240,test,False
6241,train,True
6242,train,True
6243,train,True
6244,train,True
6245,train,False
6246,train,True
6247,train,True
6248,train,True
6249,validation,False
6250,train,True
6251,train,True
6252,validation,False
6253,validation,False
6254,train,True
6255,test,False
6256,train,False
6257,train,True
6258,test,False
6259,train,False
6260,test,False
6261,train,True
6262,validation,False
6263,train,True
6264,test,False
6265,test,False
6266,train,True
6267,train,True
6268,train,False
6269,train,True
6270,train,True
6271,train,False
6272,test,False
6273,train,True
6274,train,True
6275,train,False
6276,train,True
6277,train,True
6278,train,True
6279,train,True
6280,train,False
6281,test,False
6282,train,True
6283,train,True
6284,train,False
6285,validation,False
6286,train,False
6287,train,False
6288,train,True
6289,train,True
6290,validation,False
6291,train,True
6292,train,True
6293,train,False
6294,test,False
6295,train,False
6296,train,True
6297,train,True
6298,train,False
6299,train,True
6300,validation,False
6301,train,False
6302,train,True
6303,train,True
6304,train,True
6305,test,False
6306,test,False
6307,train,True
6308,train,True
6309,validation,False
6310,train,True
6311,train,True
6312,train,False
6313,test,False
6314,train,False
6315,train,True
6316,train,True
6317,validation,False
6318,train,True
6319,validation,False
6320,validation,False
6321,train,False
6322,train,False
6323,train,False
6324,test,False
6325,train,False
6326,train,True
6327,train,False
6328,test,False
6329,validation,False
6330,validation,False
6331,train,True
6332,train,False
6333,train,False
6334,train,True
6335,validation,False
6336,test,False
6337,train,True
6338,train,False
6339,train,True
6340,validation,False
6341,train,True
6342,train,True
6343,train,True
6344,validation,False
6345,train,True
6346,validation,False
6347,train,False
6348,train,True
6349,test,False
6350,train,False
6351,train,False
6352,test,False
6353,validation,False
6354,train,False
6355,train,True
6356,train,False
6357,validation,False
6358,validation,False
6359,train,False
6360,test,False
6361,train,True
6362,train,True
6363,train,True
6364,train,True
6365,train,True
6366,train,False
6367,validation,False
6368,train,True
6369,test,False
6370,train,True
6371,train,False
6372,train,False
6373,validation,False
6374,train,True
6375,train,False
6376,validation,False
6377,test,False
6378,test,False
6379,test,False
6380,train,False
6381,test,False
6382,train,False
6383,train,False
6384,train,False
6385,train,True
6386,test,False
6387,train,True
6388,train,True
6389,validation,False
6390,train,True
6391,train,True
6392,train,False
6393,validation,False
6394,train,False
6395,test,False
6396,train,False
6397,train,False
6398,validation,False
6399,train,True
6400,train,True
6401,train,True
6402,validation,False
6403,train,False
6404,test,False
6405,test,False
6406,test,False
6407,train,False
6408,train,False
6409,train,True
6410,test,False
6411,validation,False
6412,train,True
6413,train,True
6414,train,False
6415,train,False
6416,test,False
6417,train,False
6418,train,True
6419,train,False
6420,test,False
6421,test,False
6422,train,True
6423,train,False
6424,train,True
6425,test,False
6426,test,False
6427,train,True
6428,train,True
6429,train,True
6430,test,False
6431,train,False
6432,test,False
6433,validation,False
6434,train,True
6435,train,True
6436,train,True
6437,train,False
6438,train,True
6439,train,True
6440,validation,False
6441,validation,False
6442,test,False
6443,train,True
6444,validation,False
6445,train,False
6446,train,True
6447,train,False
6448,test,False
6449,train,False
6450,train,True
6451,test,False
6452,validation,False
6453,train,True
6454,test,False
6455,train,False
6456,train,True
6457,train,True
6458,validation,False
6459,train,True
6460,train,False
6461,train,False
6462,validation,False
6463,train,True
6464,train,True
6465,validation,False
6466,train,True
6467,train,False
6468,train,True
6469,test,False
6470,validation,False
6471,test,False
6472,train,False
6473,train,False
6474,test,False
6475,test,False
6476,train,False
6477,validation,False
6478,test,False
6479,validation,False
6480,train,True
6481,validation,False
6482,train,True
6483,train,True
6484,train,True
6485,validation,False
6486,train,True
6487,train,True
6488,train,True
6489,validation,False
6490,validation,False
6491,train,True
6492,validation,False
6493,train,False
6494,validation,False
6495,validation,False
6496,train,True
6497,test,False
6498,train,False
6499,train,True
6500,train,False
6501,test,False
6502,validation,False
6503,train,True
6504,validation,False
6505,test,False
6506,train,True
6507,test,False
6508,train,False
6509,test,False
6510,test,False
6511,train,False
6512,train,True
6513,train,True
6514,train,True
6515,train,True
6516,train,True
6517,train,True
6518,validation,False
6519,validation,False
6520,train,True
6521,train,True
6522,train,True
6523,test,False
6524,test,False
6525,train,False
6526,train,True
6527,test,False
6528,test,False
6529,test,False
6530,train,True
6531,validation,False
6532,train,True
6533,test,False
6534,train,False
6535,train,True
6536,train,True
6537,train,False
6538,train,True
6539,train,True
6540,validation,False
6541,train,False
6542,train,False
6543,train,True
6544,train,True
6545,validation,False
6546,train,True
6547,validation,False
6548,test,False
6549,test,False
6550,train,True
6551,test,False
6552,train,True
6553,test,False
6554,train,True
6555,train,True
6556,train,False
6557,train,True
6558,validation,False
6559,test,False
6560,train,True
6561,train,True
6562,train,True
6563,validation,False
6564,test,False
6565,test,False
6566,train,True
6567,test,False
6568,test,False
6569,train,True
6570,train,False
6571,train,True
6572,train,True
6573,test,False
6574,test,False
6575,train,False
6576,test,False
6577,test,False
6578,validation,False
6579,train,False
6580,train,False
6581,validation,False
6582,train,True
6583,test,False
6584,train,True
6585,train,False
6586,test,False
6587,test,False
6588,train,False
6589,train,True
6590,train,True
6591,validation,False
6592,validation,False
6593,train,False
6594,train,False
6595,train,True
6596,test,False
6597,test,False
6598,train,False
6599,test,False
6600,test,False
6601,train,True
6602,train,True
6603,train,False
6604,train,False
6605,train,False
6606,validation,False
6607,train,True
6608,train,True
6609,train,True
6610,train,True
6611,train,False
6612,test,False
6613,train,True
6614,train,False
6615,train,False
6616,test,False
6617,train,False
6618,train,False
6619,validation,False
6620,train,True
6621,validation,False
6622,test,False
6623,train,True
6624,validation,False
6625,train,False
6626,train,True
6627,test,False
6628,train,False
6629,test,False
6630,train,True
6631,train,False
6632,train,False
6633,train,False
6634,train,True
6635,validation,False
6636,train,False
6637,test,False
6638,train,True
6639,train,True
6640,train,True
6641,train,False
6642,train,True
6643,train,True
6644,train,True
6645,train,False
6646,train,True
6647,train,True
6648,train,False
6649,test,False
6650,train,False
6651,test,False
6652,train,False
6653,train,False
6654,validation,False
6655,train,False
6656,test,False
6657,test,False
6658,train,True
6659,train,False
6660,train,False
6661,validation,False
6662,test,False
6663,train,False
6664,train,True
6665,train,True
6666,train,False
6667,train,False
6668,train,True
6669,train,True
6670,validation,False
6671,train,True
6672,train,True
6673,train,True
6674,train,True
6675,validation,False
6676,train,True
6677,test,False
6678,train,True
6679,test,False
6680,train,True
6681,validation,False
6682,train,False
6683,validation,False
6684,test,False
6685,train,False
6686,train,True
6687,test,False
6688,train,True
6689,train,True
6690,train,True
6691,train,True
6692,test,False
6693,train,True
6694,validation,False
6695,train,True
6696,train,True
6697,test,False
6698,train,True
6699,validation,False
6700,train,True
6701,train,False
6702,train,True
6703,train,False
6704,train,True
6705,test,False
6706,validation,False
6707,train,False
6708,train,True
6709,train,True
6710,test,False
6711,train,True
6712,validation,False
6713,validation,False
6714,train,False
6715,train,True
6716,train,False
6717,test,False
6718,train,True
6719,test,False
6720,train,True
6721,train,False
6722,train,False
6723,train,False
6724,train,True
6725,validation,False
6726,train,False
6727,validation,False
6728,validation,False
6729,train,True
6730,test,False
6731,validation,False
6732,test,False
6733,train,False
6734,validation,False
6735,validation,False
6736,train,False
6737,train,True
6738,validation,False
6739,test,False
6740,test,False
6741,train,True
6742,train,True
6743,train,True
6744,train,False
6745,test,False
6746,validation,False
6747,test,False
6748,train,True
6749,train,False
6750,train,True
6751,train,False
6752,validation,False
6753,train,True
6754,train,True
6755,train,True
6756,validation,False
6757,test,False
6758,train,True
6759,train,True
6760,train,True
6761,train,True
6762,train,True
6763,train,True
6764,validation,False
6765,test,False
6766,validation,False
6767,train,False
6768,train,False
6769,train,True
6770,validation,False
6771,train,False
6772,test,False
6773,train,True
6774,test,False
6775,validation,False
6776,train,True
6777,test,False
6778,validation,False
6779,train,True
6780,train,True
6781,train,False
6782,train,False
6783,test,False
6784,validation,False
6785,validation,False
6786,train,True
6787,test,False
6788,validation,False
6789,train,False
6790,train,True
6791,train,True
6792,train,True
6793,validation,False
6794,test,False
6795,train,True
6796,train,False
6797,train,True
6798,train,True
6799,test,False
6800,train,True
6801,train,True
6802,train,True
6803,train,True
6804,validation,False
6805,train,False
6806,test,False
6807,train,False
6808,test,False
6809,train,True
6810,validation,False
6811,train,True
6812,train,True
6813,test,False
6814,test,False
6815,validation,False
6816,train,True
6817,validation,False
6818,test,False
6819,validation,False
6820,test,False
6821,train,False
6822,train,False
6823,test,False
6824,test,False
6825,validation,False
6826,train,True
6827,train,True
6828,test,False
6829,train,True
6830,validation,False
6831,train,False
6832,validation,False
6833,train,False
6834,train,True
6835,train,False
6836,train,True
6837,test,False
6838,train,True
6839,test,False
6840,train,True
6841,validation,False
6842,train,True
6843,train,True
6844,train,True
6845,train,True
6846,test,False
6847,test,False
6848,train,True
6849,validation,False
6850,validation,False
6851,test,False
6852,train,True
6853,validation,False
6854,validation,False
6855,train,True
6856,train,False
6857,train,False
6858,train,True
6859,train,False
6860,train,True
6861,validation,False
6862,validation,False
6863,validation,False
6864,validation,False
6865,train,True
6866,test,False
6867,train,False
6868,validation,False
6869,train,True
6870,train,False
6871,train,True
6872,train,False
6873,test,False
6874,validation,False
6875,train,True
6876,validation,False
6877,train,True
6878,test,False
6879,train,False
6880,validation,False
6881,validation,False
6882,train,True
6883,train,True
6884,test,False
6885,train,True
6886,train,False
6887,validation,False
6888,test,False
6889,train,False
6890,train,False
6891,validation,False
6892,validation,False
6893,validation,False
6894,train,False
6895,validation,False
6896,test,False
6897,train,True
6898,train,True
6899,train,False
6900,test,False
6901,validation,False
6902,test,False
6903,validation,False
6904,train,False
6905,train,True
6906,train,False
6907,test,False
6908,train,True
6909,train,True
6910,test,False
6911,test,False
6912,validation,False
6913,validation,False
6914,test,False
6915,test,False
6916,train,False
6917,train,True
6918,test,False
6919,train,False
6920,test,False
6921,train,False
6922,validation,False
6923,train,False
6924,train,True
6925,train,True
6926,train,False
6927,test,False
6928,train,True
6929,train,True
6930,train,True
6931,validation,False
6932,train,True
6933,test,False
6934,train,False
6935,test,False
6936,validation,False
6937,test,False
6938,train,False
6939,train,True
6940,validation,False
6941,validation,False
6942,train,False
6943,validation,False
6944,validation,False
6945,test,False
6946,train,False
6947,validation,False
6948,train,True
6949,train,True
6950,validation,False
6951,train,True
6952,train,True
6953,train,True
6954,test,False
6955,train,True
6956,test,False
6957,validation,False
6958,validation,False
6959,train,True
6960,train,False
6961,train,True
6962,validation,False
6963,test,False
6964,train,True
6965,train,False
6966,train,True
6967,train,True
6968,train,False
6969,train,False
6970,train,True
6971,test,False
6972,validation,False
6973,validation,False
6974,validation,False
6975,train,True
6976,test,False
6977,train,True
6978,train,True
6979,train,True
6980,train,True
6981,test,False
6982,validation,False
6983,train,False
6984,validation,False
6985,test,False
6986,validation,False
6987,validation,False
6988,train,False
6989,train,True
6990,train,False
6991,train,False
6992,train,True
6993,train,True
6994,train,False
6995,test,False
6996,train,True
6997,train,False
6998,test,False
6999,test,False
7000,validation,False
7001,train,False
7002,train,False
7003,train,False
7004,validation,False
7005,train,True
7006,train,False
7007,train,True
7008,test,False
7009,validation,False
7010,validation,False
7011,train,True
7012,validation,False
7013,test,False
7014,test,False
7015,train,True
7016,train,True
7017,train,True
7018,train,False
7019,train,True
7020,train,True
7021,test,False
7022,test,False
7023,train,True
7024,train,True
7025,train,True
7026,validation,False
7027,train,True
7028,train,True
7029,validation,False
7030,train,False
7031,train,True
7032,validation,False
7033,train,False
7034,train,False
7035,test,False
7036,validation,False
7037,validation,False
7038,train,False
7039,validation,False
7040,test,False
7041,train,False
7042,train,False
7043,test,False
7044,test,False
7045,validation,False
7046,test,False
7047,train,True
7048,validation,False
7049,train,True
7050,train,True
7051,validation,False
7052,train,False
7053,train,True
7054,train,True
7055,validation,False
7056,train,True
7057,test,False
7058,train,True
7059,train,True
7060,validation,False
7061,validation,False
7062,validation,False
7063,train,True
7064,validation,False
7065,train,True
7066,train,True
7067,train,True
7068,test,False
7069,validation,False
7070,train,False
7071,test,False
7072,train,True
7073,test,False
7074,validation,False
7075,train,False
7076,train,True
7077,train,True
7078,validation,False
7079,validation,False
7080,train,True
7081,test,False
7082,train,True
7083,validation,False
7084,test,False
7085,train,False
7086,train,False
7087,train,True
7088,train,False
7089,train,True
7090,train,False
7091,validation,False
7092,train,True
7093,test,False
7094,train,True
7095,test,False
7096,train,True
7097,train,True
7098,train,True
7099,validation,False
7100,test,False
7101,train,True
7102,train,False
7103,train,True
7104,test,False
7105,test,False
7106,train,True
7107,train,True
7108,train,True
7109,validation,False
7110,train,True
7111,train,True
7112,train,False
7113,train,True
7114,train,False
7115,train,True
7116,test,False
7117,train,True
7118,train,True
7119,train,True
7120,train,False
7121,test,False
7122,validation,False
7123,train,True
7124,validation,False
7125,validation,False
7126,train,True
7127,test,False
7128,validation,False
7129,test,False
7130,train,True
7131,validation,False
7132,test,False
7133,train,True
7134,train,True
7135,test,False
7136,validation,False
7137,train,False
7138,train,True
7139,train,True
7140,test,False
7141,train,True
7142,validation,False
7143,validation,False
7144,validation,False
7145,train,True
7146,train,True
7147,test,False
7148,train,True
7149,test,False
7150,train,True
7151,train,False
7152,train,True
7153,train,True
7154,test,False
7155,train,False
7156,validation,False
7157,train,True
7158,validation,False
7159,train,True
7160,test,False
7161,validation,False
7162,validation,False
7163,validation,False
7164,train,True
7165,train,True
7166,train,True
7167,train,False
7168,test,False
7169,test,False
7170,train,True
7171,train,True
7172,train,True
7173,train,True
7174,test,False
7175,train,True
7176,train,True
7177,train,True
7178,validation,False
7179,test,False
7180,train,True
7181,train,False
7182,train,True
7183,test,False
7184,train,True
7185,test,False
7186,train,True
7187,train,True
7188,validation,False
7189,train,True
7190,test,False
7191,train,False
7192,train,True
7193,test,False
7194,train,True
7195,validation,False
7196,train,False
7197,train,False
7198,train,True
7199,train,False
7200,test,False
7201,test,False
7202,validation,False
7203,train,True
7204,test,False
7205,test,False
7206,validation,False
7207,test,False
7208,train,False
7209,train,True
7210,train,True
7211,train,False
7212,train,False
7213,train,True
7214,train,True
7215,train,True
7216,train,True
7217,train,True
7218,test,False
7219,test,False
7220,train,True
7221,train,True
7222,train,True
7223,train,True
7224,train,True
7225,train,True
7226,validation,False
7227,train,False
7228,train,True
7229,validation,False
7230,test,False
7231,validation,False
7232,train,False
7233,validation,False
7234,validation,False
7235,train,True
7236,validation,False
7237,train,True
7238,train,True
7239,train,False
7240,train,False
7241,train,False
7242,train,True
7243,test,False
7244,test,False
7245,validation,False
7246,train,True
7247,train,False
7248,train,False
7249,train,True
7250,train,False
7251,validation,False
7252,train,False
7253,test,False
7254,validation,False
7255,train,True
7256,test,False
7257,validation,False
7258,train,True
7259,train,False
7260,train,True
7261,validation,False
7262,train,False
7263,train,True
7264,train,True
7265,test,False
7266,train,True
7267,test,False
7268,test,False
7269,train,False
7270,train,True
7271,train,False
7272,train,True
7273,validation,False
7274,train,True
7275,test,False
7276,train,True
7277,train,False
7278,validation,False
7279,validation,False
7280,train,True
7281,train,True
7282,train,True
7283,validation,False
7284,test,False
7285,train,True
7286,train,True
7287,validation,False
7288,train,True
7289,train,True
7290,train,True
7291,train,True
7292,validation,False
7293,validation,False
7294,train,True
7295,validation,False
7296,train,False
7297,test,False
7298,train,False
7299,train,True
7300,validation,False
7301,test,False
7302,train,True
7303,validation,False
7304,train,True
7305,train,True
7306,validation,False
7307,test,False
7308,train,True
7309,train,False
7310,train,True
7311,validation,False
7312,train,False
7313,validation,False
7314,train,True
7315,train,True
7316,train,True
7317,train,False
7318,train,True
7319,train,False
7320,test,False
7321,train,True
7322,train,True
7323,validation,False
7324,validation,False
7325,validation,False
7326,test,False
7327,test,False
7328,train,True
7329,train,True
7330,train,True
7331,train,True
7332,validation,False
7333,train,True
7334,test,False
7335,test,False
7336,test,False
7337,train,False
7338,train,False
7339,test,False
7340,test,False
7341,train,True
7342,train,True
7343,train,True
7344,train,True
7345,train,True
7346,validation,False
7347,test,False
7348,train,False
7349,test,False
7350,train,False
7351,train,True
7352,train,True
7353,train,True
7354,train,True
7355,train,True
7356,train,True
7357,train,True
7358,test,False
7359,test,False
7360,train,True
7361,test,False
7362,train,False
7363,validation,False
7364,train,True
7365,train,True
7366,train,True
7367,train,False
7368,train,True
7369,validation,False
7370,test,False
7371,test,False
7372,validation,False
7373,train,True
7374,train,True
7375,test,False
7376,train,True
7377,train,True
7378,validation,False
7379,test,False
7380,train,True
7381,train,True
7382,test,False
7383,train,True
7384,validation,False
7385,train,False
7386,train,True
7387,validation,False
7388,test,False
7389,validation,False
7390,train,False
7391,train,True
7392,train,True
7393,train,False
7394,train,True
7395,train,True
7396,train,False
7397,train,False
7398,validation,False
7399,train,False
7400,validation,False
7401,train,False
7402,train,False
7403,train,True
7404,train,True
7405,test,False
7406,train,True
7407,train,False
7408,test,False
7409,train,True
7410,test,False
7411,validation,False
7412,train,True
7413,train,False
7414,test,False
7415,validation,False
7416,train,True
7417,train,True
7418,test,False
7419,validation,False
7420,validation,False
7421,test,False
7422,validation,False
7423,train,False
7424,train,True
7425,test,False
7426,train,True
7427,validation,False
7428,train,True
7429,train,True
7430,validation,False
7431,test,False
7432,test,False
7433,train,True
7434,train,True
7435,validation,False
7436,train,False
7437,train,True
7438,train,True
7439,train,True
7440,train,False
7441,train,True
7442,train,False
7443,validation,False
7444,train,True
7445,train,True
7446,test,False
7447,validation,False
7448,validation,False
7449,train,True
7450,test,False
7451,test,False
7452,train,True
7453,train,True
7454,train,True
7455,test,False
7456,validation,False
7457,train,True
7458,validation,False
7459,train,False
7460,train,True
7461,train,True
7462,train,True
7463,validation,False
7464,train,False
7465,train,True
7466,train,False
7467,train,True
7468,validation,False
7469,test,False
7470,validation,False
7471,train,True
7472,train,True
7473,train,True
7474,train,True
7475,train,True
7476,test,False
7477,validation,False
7478,validation,False
7479,test,False
7480,test,False
7481,train,True
7482,validation,False
7483,test,False
7484,validation,False
7485,train,True
7486,train,False
7487,validation,False
7488,train,False
7489,train,True
7490,test,False
7491,train,False
7492,train,True
7493,test,False
7494,validation,False
7495,train,False
7496,train,True
7497,train,True
7498,validation,False
7499,validation,False
7500,validation,False
7501,validation,False
7502,validation,False
7503,train,True
7504,train,True
7505,train,True
7506,train,True
7507,train,False
7508,validation,False
7509,train,True
7510,train,False
7511,train,False
7512,test,False
7513,test,False
7514,test,False
7515,validation,False
7516,train,False
7517,train,True
7518,test,False
7519,test,False
7520,train,True
7521,train,True
7522,train,True
7523,test,False
7524,test,False
7525,train,True
7526,test,False
7527,train,True
7528,train,True
7529,validation,False
7530,train,True
7531,train,True
7532,validation,False
7533,train,True
7534,test,False
7535,test,False
7536,train,True
7537,test,False
7538,validation,False
7539,test,False
7540,train,True
7541,train,True
7542,test,False
7543,train,False
7544,train,False
7545,validation,False
7546,train,True
7547,validation,False
7548,test,False
7549,train,True
7550,test,False
7551,validation,False
7552,validation,False
7553,train,True
7554,train,False
7555,train,True
7556,train,True
7557,validation,False
7558,train,True
7559,train,True
7560,test,False
7561,test,False
7562,test,False
7563,train,True
7564,test,False
7565,validation,False
7566,validation,False
7567,train,True
7568,train,True
7569,validation,False
7570,validation,False
7571,train,True
7572,train,True
7573,validation,False
7574,test,False
7575,train,False
7576,train,True
7577,train,True
7578,train,True
7579,train,True
7580,test,False
7581,validation,False
7582,test,False
7583,train,False
7584,train,False
7585,train,True
7586,train,True
7587,train,True
7588,validation,False
7589,test,False
7590,test,False
7591,test,False
7592,validation,False
7593,test,False
7594,train,True
7595,train,False
7596,train,False
7597,train,False
7598,train,True
7599,test,False
7600,train,False
7601,validation,False
7602,train,False
7603,validation,False
7604,train,True
7605,train,False
7606,train,False
7607,train,True
7608,train,True
7609,validation,False
7610,test,False
7611,train,True
7612,train,False
7613,test,False
7614,test,False
7615,train,False
7616,train,False
7617,train,True
7618,train,False
7619,train,True
7620,train,True
7621,validation,False
7622,test,False
7623,train,True
7624,train,True
7625,train,True
7626,train,True
7627,test,False
7628,train,True
7629,train,True
7630,validation,False
7631,train,False
7632,train,False
7633,train,True
7634,train,False
7635,validation,False
7636,test,False
7637,train,False
7638,train,True
7639,test,False
7640,validation,False
7641,train,True
7642,train,True
7643,train,False
7644,train,True
7645,validation,False
7646,train,False
7647,train,True
7648,validation,False
7649,test,False
7650,test,False
7651,train,False
7652,train,False
7653,validation,False
7654,validation,False
7655,train,True
7656,validation,False
7657,train,True
7658,train,True
7659,train,True
7660,test,False
7661,train,False
7662,train,True
7663,validation,False
7664,train,True
7665,train,True
7666,test,False
7667,train,True
7668,train,True
7669,test,False
7670,train,True
7671,train,False
7672,train,True
7673,train,False
7674,train,True
7675,train,False
7676,train,True
7677,train,True
7678,test,False
7679,train,True
7680,test,False
7681,validation,False
7682,train,True
7683,train,True
7684,train,True
7685,train,True
7686,test,False
7687,train,True
7688,validation,False
7689,test,False
7690,test,False
7691,train,True
7692,train,True
7693,train,False
7694,train,False
7695,test,False
7696,train,True
7697,train,True
7698,train,True
7699,train,True
7700,test,False
7701,train,True
7702,validation,False
7703,train,True
7704,train,True
7705,validation,False
7706,validation,False
7707,train,True
7708,test,False
7709,train,False
7710,validation,False
7711,train,False
7712,train,False
7713,train,True
7714,train,True
7715,train,True
7716,train,True
7717,train,False
7718,train,False
7719,train,True
7720,train,False
7721,train,True
7722,train,True
7723,train,False
7724,train,True
7725,train,True
7726,train,True
7727,validation,False
7728,test,False
7729,test,False
7730,train,False
7731,validation,False
7732,train,False
7733,test,False
7734,test,False
7735,train,True
7736,validation,False
7737,validation,False
7738,train,True
7739,test,False
7740,validation,False
7741,train,True
7742,train,True
7743,test,False
7744,test,False
7745,train,True
7746,validation,False
7747,validation,False
7748,train,True
7749,train,True
7750,train,True
7751,train,True
7752,test,False
7753,train,True
7754,train,False
7755,validation,False
7756,train,False
7757,validation,False
7758,test,False
7759,train,True
7760,train,True
7761,train,True
7762,train,False
7763,train,False
7764,train,False
7765,train,True
7766,train,False
7767,train,True
7768,test,False
7769,train,False
7770,test,False
7771,validation,False
7772,train,True
7773,test,False
7774,validation,False
7775,train,True
7776,train,True
7777,validation,False
7778,train,True
7779,validation,False
7780,validation,False
7781,train,False
7782,train,False
7783,validation,False
7784,train,False
7785,validation,False
7786,test,False
7787,train,True
7788,train,False
7789,train,True
7790,train,True
7791,test,False
7792,train,False
7793,test,False
7794,test,False
7795,validation,False
7796,train,False
7797,test,False
7798,validation,False
7799,train,True
7800,train,True
7801,test,False
7802,train,True
7803,validation,False
7804,test,False
7805,train,False
7806,test,False
7807,train,True
7808,test,False
7809,test,False
7810,train,True
7811,train,True
7812,validation,False
7813,train,False
7814,validation,False
7815,validation,False
7816,train,True
7817,test,False
7818,validation,False
7819,test,False
7820,train,False
7821,train,True
7822,validation,False
7823,train,True
7824,test,False
7825,train,False
7826,validation,False
7827,train,True
7828,train,True
7829,train,True
7830,test,False
7831,validation,False
7832,test,False
7833,train,True
7834,train,True
7835,train,True
7836,train,False
7837,train,True
7838,train,True
7839,validation,False
7840,train,True
7841,train,True
7842,validation,False
7843,train,True
7844,train,True
7845,test,False
7846,test,False
7847,train,True
7848,train,True
7849,train,True
7850,train,True
7851,train,True
7852,train,False
7853,validation,False
7854,train,False
7855,train,False
7856,train,True
7857,validation,False
7858,train,True
7859,test,False
7860,train,False
7861,train,False
7862,test,False
7863,train,True
7864,validation,False
7865,train,False
7866,validation,False
7867,validation,False
7868,train,True
7869,train,True
7870,train,True
7871,train,False
7872,train,False
7873,train,False
7874,test,False
7875,validation,False
7876,train,False
7877,train,True
7878,train,True
7879,train,False
7880,validation,False
7881,test,False
7882,train,True
7883,train,False
7884,train,False
7885,train,False
7886,train,True
7887,test,False
7888,validation,False
7889,test,False
7890,train,True
7891,validation,False
7892,validation,False
7893,train,True
7894,validation,False
7895,train,True
7896,train,True
7897,train,True
7898,test,False
7899,test,False
7900,test,False
7901,train,True
7902,train,True
7903,validation,False
7904,validation,False
7905,train,False
7906,train,True
7907,train,True
7908,train,True
7909,validation,False
7910,train,False
7911,train,False
7912,train,True
7913,validation,False
7914,train,True
7915,train,True
7916,test,False
7917,test,False
7918,validation,False
7919,train,True
7920,test,False
7921,train,False
7922,train,True
7923,validation,False
7924,train,True
7925,train,False
7926,train,True
7927,test,False
7928,validation,False
7929,validation,False
7930,train,False
7931,test,False
7932,train,False
7933,train,True
7934,train,True
7935,validation,False
7936,train,True
7937,train,True
7938,validation,False
7939,train,False
7940,train,False
7941,train,True
7942,test,False
7943,test,False
7944,test,False
7945,validation,False
7946,train,False
7947,train,True
7948,test,False
7949,validation,False
7950,train,True
7951,test,False
7952,train,True
7953,validation,False
7954,train,True
7955,train,False
7956,validation,False
7957,train,True
7958,train,True
7959,test,False
7960,validation,False
7961,validation,False
7962,test,False
7963,train,True
7964,validation,False
7965,train,False
7966,validation,False
7967,train,True
7968,test,False
7969,validation,False
7970,validation,False
7971,train,True
7972,test,False
7973,train,True
7974,train,True
7975,train,True
7976,train,True
7977,validation,False
7978,validation,False
7979,validation,False
7980,validation,False
7981,validation,False
7982,test,False
7983,train,False
7984,train,True
7985,train,True
7986,train,True
7987,train,False
7988,test,False
7989,test,False
7990,validation,False
7991,train,True
7992,train,True
7993,train,True
7994,test,False
7995,train,True
7996,test,False
7997,test,False
7998,train,True
7999,train,True
8000,validation,False
8001,train,True
8002,test,False
8003,test,False
8004,validation,False
8005,train,False
8006,validation,False
8007,train,True
8008,train,True
8009,validation,False
8010,train,True
8011,train,True
8012,train,False
8013,validation,False
8014,train,True
8015,train,False
8016,validation,False
8017,train,True
8018,train,True
8019,train,False
8020,train,True
8021,train,False
8022,test,False
8023,train,True
8024,train,True
8025,train,True
8026,validation,False
8027,train,True
8028,train,True
8029,test,False
8030,train,False
8031,train,True
8032,train,False
8033,validation,False
8034,train,True
8035,validation,False
8036,train,True
8037,test,False
8038,test,False
8039,test,False
8040,train,True
8041,train,True
8042,train,True
8043,validation,False
8044,train,True
8045,validation,False
8046,train,True
8047,train,True
8048,train,False
8049,validation,False
8050,train,True
8051,train,False
8052,train,True
8053,train,True
8054,train,False
8055,train,True
8056,validation,False
8057,train,True
8058,train,False
8059,test,False
8060,train,True
8061,train,True
8062,train,True
8063,train,True
8064,train,True
8065,validation,False
8066,validation,False
8067,test,False
8068,train,True
8069,test,False
8070,test,False
8071,test,False
8072,train,True
8073,train,True
8074,test,False
8075,validation,False
8076,train,True
8077,train,False
8078,train,True
8079,train,False
8080,test,False
8081,train,True
8082,validation,False
8083,train,False
8084,train,False
8085,train,False
8086,train,False
8087,train,True
8088,train,False
8089,train,True
8090,train,False
8091,train,True
8092,train,False
8093,validation,False
8094,test,False
8095,train,True
8096,train,True
8097,test,False
8098,train,False
8099,train,True
8100,train,True
8101,train,True
8102,validation,False
8103,train,True
8104,test,False
8105,validation,False
8106,validation,False
8107,train,False
8108,train,True
8109,train,True
8110,test,False
8111,test,False
8112,train,True
8113,train,True
8114,train,False
8115,test,False
8116,train,False
8117,test,False
8118,train,True
8119,train,False
8120,validation,False
8121,train,False
8122,train,True
8123,train,True
8124,train,False
8125,train,True
8126,validation,False
8127,test,False
8128,validation,False
8129,train,False
8130,train,False
8131,validation,False
8132,test,False
8133,validation,False
8134,train,False
8135,train,True
8136,test,False
8137,validation,False
8138,validation,False
8139,validation,False
8140,train,True
8141,train,False
8142,test,False
8143,train,True
8144,train,False
8145,train,True
8146,test,False
8147,validation,False
8148,test,False
8149,validation,False
8150,train,True
8151,test,False
8152,train,False
8153,train,True
8154,validation,False
8155,test,False
8156,test,False
8157,train,True
8158,train,False
8159,train,False
8160,train,True
8161,train,False
8162,test,False
8163,train,True
8164,train,True
8165,test,False
8166,test,False
8167,train,True
8168,train,False
8169,train,False
8170,test,False
8171,validation,False
8172,train,False
8173,train,True
8174,train,False
8175,train,True
8176,train,True
8177,validation,False
8178,validation,False
8179,test,False
8180,validation,False
8181,validation,False
8182,validation,False
8183,validation,False
8184,train,True
8185,test,False
8186,train,True
8187,validation,False
8188,train,True
8189,train,True
8190,validation,False
8191,train,True
8192,test,False
8193,train,False
8194,train,False
8195,train,True
8196,train,True
8197,train,False
8198,train,False
8199,train,True
8200,test,False
8201,train,False
8202,validation,False
8203,train,True
8204,train,True
8205,test,False
8206,test,False
8207,train,True
8208,train,False
8209,train,True
8210,train,True
8211,train,True
8212,train,True
8213,train,False
8214,train,True
8215,validation,False
8216,test,False
8217,test,False
8218,validation,False
8219,test,False
8220,train,True
8221,train,False
8222,train,True
8223,train,False
8224,train,False
8225,test,False
8226,train,True
8227,train,False
8228,test,False
8229,validation,False
8230,validation,False
8231,train,True
8232,train,False
8233,train,True
8234,test,False
8235,train,True
8236,test,False
8237,train,True
8238,validation,False
8239,train,False
8240,train,False
8241,test,False
8242,train,True
8243,train,True
8244,validation,False
8245,train,False
8246,train,False
8247,train,True
8248,train,True
8249,validation,False
8250,train,False
8251,train,True
8252,train,False
8253,train,False
8254,validation,False
8255,train,True
8256,train,False
8257,train,True
8258,validation,False
8259,validation,False
8260,train,False
8261,train,True
8262,train,True
8263,test,False
8264,test,False
8265,train,True
8266,validation,False
8267,train,False
8268,test,False
8269,train,False
8270,train,False
8271,train,False
8272,train,True
8273,validation,False
8274,validation,False
8275,train,False
8276,train,False
8277,test,False
8278,validation,False
8279,test,False
8280,test,False
8281,train,False
8282,test,False
8283,train,True
8284,test,False
8285,test,False
8286,train,False
8287,test,False
8288,train,True
8289,train,False
8290,validation,False
8291,train,True
8292,test,False
8293,train,True
8294,train,False
8295,train,True
8296,train,True
8297,test,False
8298,train,True
8299,validation,False
8300,test,False
8301,validation,False
8302,train,False
8303,validation,False
8304,train,False
8305,test,False
8306,train,False
8307,train,False
8308,test,False
8309,train,True
8310,validation,False
8311,train,False
8312,test,False
8313,test,False
8314,train,True
8315,test,False
8316,validation,False
8317,test,False
8318,train,False
8319,train,False
8320,validation,False
8321,train,True
8322,validation,False
8323,validation,False
8324,train,True
8325,train,True
8326,test,False
8327,train,True
8328,validation,False
8329,validation,False
8330,test,False
8331,validation,False
8332,train,True
8333,train,True
8334,train,True
8335,train,False
8336,train,True
8337,train,True
8338,test,False
8339,train,True
8340,test,False
8341,test,False
8342,train,True
8343,train,True
8344,train,False
8345,validation,False
8346,test,False
8347,test,False
8348,validation,False
8349,test,False
8350,validation,False
8351,train,True
8352,train,False
8353,train,True
8354,validation,False
8355,train,True
8356,test,False
8357,train,True
8358,validation,False
8359,train,True
8360,validation,False
8361,train,True
8362,validation,False
8363,train,True
8364,train,True
8365,train,False
8366,validation,False
8367,validation,False
8368,validation,False
8369,train,False
8370,train,True
8371,train,False
8372,validation,False
8373,train,True
8374,train,True
8375,train,True
8376,train,False
8377,validation,False
8378,test,False
8379,train,False
8380,train,True
8381,train,True
8382,train,False
8383,validation,False
8384,train,True
8385,validation,False
8386,validation,False
8387,train,False
8388,train,True
8389,train,True
8390,train,True
8391,train,True
8392,train,True
8393,test,False
8394,train,True
8395,test,False
8396,train,True
8397,train,False
8398,test,False
8399,train,False
8400,validation,False
8401,train,True
8402,test,False
8403,test,False
8404,validation,False
8405,test,False
8406,test,False
8407,train,True
8408,train,False
8409,validation,False
8410,train,True
8411,test,False
8412,validation,False
8413,train,True
8414,train,False
8415,train,True
8416,train,False
8417,validation,False
8418,validation,False
8419,train,True
8420,train,False
8421,train,True
8422,train,True
8423,train,True
8424,validation,False
8425,validation,False
8426,train,True
8427,train,True
8428,train,True
8429,validation,False
8430,test,False
8431,validation,False
8432,validation,False
8433,train,True
8434,test,False
8435,test,False
8436,validation,False
8437,train,False
8438,test,False
8439,validation,False
8440,test,False
8441,validation,False
8442,test,False
8443,validation,False
8444,train,True
8445,train,False
8446,validation,False
8447,validation,False
8448,train,True
8449,validation,False
8450,train,True
8451,train,True
8452,test,False
8453,train,True
8454,train,True
8455,train,True
8456,train,True
8457,train,False
8458,test,False
8459,test,False
8460,train,True
8461,test,False
8462,train,False
8463,train,False
8464,validation,False
8465,train,False
8466,validation,False
8467,test,False
8468,train,True
8469,test,False
8470,train,False
8471,train,True
8472,train,True
8473,train,True
8474,test,False
8475,train,True
8476,train,False
8477,train,True
8478,validation,False
8479,validation,False
8480,train,True
8481,train,True
8482,train,True
8483,train,False
8484,test,False
8485,train,True
8486,train,True
8487,train,True
8488,train,True
8489,train,True
8490,test,False
8491,train,True
8492,validation,False
8493,train,True
8494,train,False
8495,test,False
8496,train,True
8497,train,False
8498,validation,False
8499,train,True
8500,train,False
8501,train,True
8502,test,False
8503,validation,False
8504,validation,False
8505,train,False
8506,train,True
8507,validation,False
8508,test,False
8509,test,False
8510,train,True
8511,train,False
8512,train,True
8513,test,False
8514,train,False
8515,train,True
8516,train,False
8517,test,False
8518,train,False
8519,train,True
8520,train,True
8521,train,False
8522,train,True
8523,test,False
8524,test,False
8525,train,True
8526,train,False
8527,train,False
8528,test,False
8529,train,False
8530,train,True
8531,test,False
8532,test,False
8533,train,True
8534,train,True
8535,test,False
8536,train,True
8537,train,True
8538,test,False
8539,validation,False
8540,train,True
8541,train,False
8542,test,False
8543,train,False
8544,validation,False
8545,train,False
8546,train,True
8547,test,False
8548,train,True
8549,test,False
8550,train,False
8551,train,True
8552,train,True
8553,train,False
8554,train,True
8555,train,True
8556,test,False
8557,test,False
8558,train,False
8559,train,True
8560,validation,False
8561,validation,False
8562,train,True
8563,train,True
8564,test,False
8565,test,False
8566,train,True
8567,test,False
8568,train,False
8569,test,False
8570,train,True
8571,test,False
8572,train,False
8573,validation,False
8574,train,True
8575,validation,False
8576,train,True
8577,train,True
8578,validation,False
8579,validation,False
8580,train,True
8581,validation,False
8582,train,True
8583,test,False
8584,train,False
8585,validation,False
8586,train,True
8587,validation,False
8588,validation,False
8589,train,True
8590,test,False
8591,test,False
8592,train,True
8593,test,False
8594,train,True
8595,train,False
8596,train,False
8597,train,True
8598,train,True
8599,train,False
8600,train,True
8601,train,True
8602,train,True
8603,train,False
8604,train,True
8605,train,False
8606,train,False
8607,train,True
8608,validation,False
8609,train,True
8610,train,False
8611,validation,False
8612,train,True
8613,test,False
8614,train,True
8615,train,True
8616,train,True
8617,train,False
8618,train,False
8619,validation,False
8620,validation,False
8621,test,False
8622,test,False
8623,test,False
8624,validation,False
8625,test,False
8626,train,True
8627,train,False
8628,validation,False
8629,train,True
8630,test,False
8631,test,False
8632,train,False
8633,test,False
8634,train,True
8635,train,True
8636,test,False
8637,validation,False
8638,test,False
8639,validation,False
8640,validation,False
8641,train,True
8642,validation,False
8643,test,False
8644,train,False
8645,train,False
8646,validation,False
8647,train,True
8648,train,True
8649,test,False
8650,train,True
8651,train,True
8652,train,False
8653,train,True
8654,test,False
8655,train,True
8656,train,True
8657,validation,False
8658,train,True
8659,train,True
8660,train,False
8661,validation,False
8662,train,False
8663,train,True
8664,train,False
8665,train,True
8666,train,True
8667,validation,False
8668,train,True
8669,train,True
8670,train,True
8671,test,False
8672,test,False
8673,train,True
8674,test,False
8675,train,False
8676,validation,False
8677,test,False
8678,validation,False
8679,validation,False
8680,train,True
8681,train,False
8682,test,False
8683,train,True
8684,validation,False
8685,validation,False
8686,train,True
8687,train,True
8688,train,True
8689,validation,False
8690,test,False
8691,train,True
8692,train,True
8693,train,True
8694,train,True
8695,train,False
8696,validation,False
8697,test,False
8698,train,True
8699,validation,False
8700,train,True
8701,train,True
8702,train,True
8703,test,False
8704,validation,False
8705,train,True
8706,train,True
8707,train,False
8708,validation,False
8709,validation,False
8710,train,False
8711,validation,False
8712,test,False
8713,train,True
8714,train,True
8715,train,True
8716,train,False
8717,train,True
8718,validation,False
8719,train,True
8720,train,False
8721,train,True
8722,validation,False
8723,validation,False
8724,test,False
8725,train,True
8726,train,True
8727,train,True
8728,train,False
8729,validation,False
8730,train,True
8731,train,False
8732,train,True
8733,train,True
8734,train,False
8735,test,False
8736,test,False
8737,test,False
8738,test,False
8739,test,False
8740,train,True
8741,train,True
8742,test,False
8743,train,True
8744,train,True
8745,validation,False
8746,test,False
8747,test,False
8748,train,False
8749,validation,False
8750,train,False
8751,train,True
8752,train,False
8753,train,False
8754,train,False
8755,train,True
8756,test,False
8757,train,False
8758,train,True
8759,train,False
8760,train,False
8761,train,True
8762,validation,False
8763,test,False
8764,train,True
8765,train,True
8766,test,False
8767,train,False
8768,validation,False
8769,train,False
8770,validation,False
8771,train,True
8772,train,True
8773,train,False
8774,train,True
8775,train,False
8776,train,True
8777,train,True
8778,test,False
8779,test,False
8780,train,False
8781,train,True
8782,validation,False
8783,test,False
8784,train,True
8785,train,False
8786,train,False
8787,train,True
8788,train,True
8789,test,False
8790,test,False
8791,train,False
8792,train,False
8793,train,True
8794,validation,False
8795,train,True
8796,train,False
8797,test,False
8798,train,False
8799,train,True
8800,train,False
8801,train,True
8802,test,False
8803,train,True
8804,validation,False
8805,train,True
8806,train,False
8807,train,False
8808,validation,False
8809,train,True
8810,validation,False
8811,validation,False
8812,validation,False
8813,train,True
8814,train,True
8815,validation,False
8816,train,False
8817,test,False
8818,validation,False
8819,validation,False
8820,validation,False
8821,train,False
8822,train,False
8823,train,False
8824,train,True
8825,test,False
8826,train,True
8827,validation,False
8828,train,True
8829,train,True
8830,train,True
8831,train,True
8832,validation,False
8833,validation,False
8834,train,False
8835,validation,False
8836,train,False
8837,train,False
8838,test,False
8839,validation,False
8840,train,False
8841,test,False
8842,train,True
8843,train,False
8844,train,False
8845,train,True
8846,validation,False
8847,validation,False
8848,train,True
8849,train,True
8850,train,True
8851,validation,False
8852,train,True
8853,train,True
8854,train,True
8855,train,False
8856,validation,False
8857,train,True
8858,test,False
8859,validation,False
8860,train,False
8861,train,False
8862,train,False
8863,train,False
8864,train,True
8865,train,False
8866,validation,False
8867,validation,False
8868,train,True
8869,train,True
8870,train,True
8871,test,False
8872,train,True
8873,test,False
8874,train,False
8875,train,True
8876,train,True
8877,train,True
8878,test,False
8879,validation,False
8880,train,True
8881,test,False
8882,test,False
8883,train,True
8884,train,True
8885,validation,False
8886,test,False
8887,train,False
8888,train,True
8889,train,False
8890,train,False
8891,train,False
8892,train,False
8893,train,False
8894,validation,False
8895,train,True
8896,train,False
8897,validation,False
8898,train,True
8899,train,True
8900,train,False
8901,train,False
8902,validation,False
8903,train,True
8904,train,True
8905,train,False
8906,train,False
8907,train,True
8908,validation,False
8909,train,True
8910,train,True
8911,train,True
8912,train,True
8913,train,True
8914,test,False
8915,train,False
8916,test,False
8917,validation,False
8918,validation,False
8919,validation,False
8920,test,False
8921,test,False
8922,test,False
8923,train,True
8924,train,True
8925,train,True
8926,train,True
8927,test,False
8928,validation,False
8929,train,True
8930,train,False
8931,validation,False
8932,train,False
8933,train,True
8934,train,False
8935,validation,False
8936,train,True
8937,validation,False
8938,test,False
8939,train,False
8940,train,True
8941,test,False
8942,train,True
8943,validation,False
8944,train,True
8945,train,True
8946,train,True
8947,test,False
8948,train,True
8949,train,True
8950,validation,False
8951,train,True
8952,validation,False
8953,validation,False
8954,train,True
8955,train,True
8956,train,True
8957,validation,False
8958,train,True
8959,train,False
8960,train,True
8961,train,True
8962,validation,False
8963,train,True
8964,train,True
8965,validation,False
8966,train,False
8967,train,True
8968,train,False
8969,validation,False
8970,train,True
8971,train,False
8972,train,True
8973,validation,False
8974,train,True
8975,train,True
8976,validation,False
8977,train,False
8978,test,False
8979,train,False
8980,test,False
8981,train,False
8982,train,True
8983,test,False
8984,train,True
8985,train,True
8986,train,True
8987,train,False
8988,validation,False
8989,test,False
8990,validation,False
8991,validation,False
8992,train,True
8993,test,False
8994,train,True
8995,train,True
8996,train,True
8997,train,True
8998,test,False
8999,validation,False
9000,validation,False
9001,train,False
9002,validation,False
9003,validation,False
9004,train,True
9005,test,False
9006,train,False
9007,test,False
9008,train,True
9009,test,False
9010,train,False
9011,validation,False
9012,test,False
9013,train,True
9014,train,False
9015,train,False
9016,train,True
9017,validation,False
9018,train,True
9019,train,False
9020,train,True
9021,train,True
9022,validation,False
9023,train,True
9024,validation,False
9025,validation,False
9026,test,False
9027,train,True
9028,test,False
9029,train,True
9030,test,False
9031,validation,False
9032,train,True
9033,train,False
9034,test,False
9035,train,True
9036,validation,False
9037,test,False
9038,train,True
9039,train,True
9040,test,False
9041,train,False
9042,train,False
9043,validation,False
9044,train,True
9045,test,False
9046,train,True
9047,train,True
9048,test,False
9049,train,False
9050,test,False
9051,test,False
9052,validation,False
9053,train,False
9054,validation,False
9055,train,True
9056,train,True
9057,train,True
9058,train,True
9059,train,True
9060,validation,False
9061,train,False
9062,validation,False
9063,train,True
9064,train,True
9065,train,True
9066,train,True
9067,train,True
9068,validation,False
9069,train,True
9070,train,True
9071,test,False
9072,train,False
9073,train,True
9074,test,False
9075,validation,False
9076,train,True
9077,test,False
9078,train,True
9079,train,True
9080,train,False
9081,train,True
9082,train,True
9083,test,False
9084,train,False
9085,train,True
9086,test,False
9087,validation,False
9088,train,False
9089,train,True
9090,train,True
9091,train,False
9092,train,True
9093,test,False
9094,train,True
9095,validation,False
9096,train,True
9097,train,True
9098,validation,False
9099,validation,False
9100,validation,False
9101,train,True
9102,validation,False
9103,validation,False
9104,train,False
9105,test,False
9106,test,False
9107,test,False
9108,train,False
9109,train,True
9110,train,False
9111,train,True
9112,train,True
9113,train,False
9114,validation,False
9115,train,False
9116,train,True
9117,validation,False
9118,train,True
9119,train,True
9120,train,True
9121,train,True
9122,train,False
9123,train,True
9124,test,False
9125,test,False
9126,test,False
9127,train,True
9128,train,True
9129,train,False
9130,train,False
9131,train,False
9132,train,True
9133,train,False
9134,train,True
9135,train,True
9136,validation,False
9137,validation,False
9138,test,False
9139,validation,False
9140,validation,False
9141,train,True
9142,validation,False
9143,train,True
9144,test,False
9145,train,False
9146,train,False
9147,train,True
9148,train,False
9149,train,True
9150,test,False
9151,train,True
9152,train,False
9153,train,False
9154,validation,False
9155,train,True
9156,train,True
9157,validation,False
9158,train,True
9159,train,True
9160,validation,False
9161,validation,False
9162,train,True
9163,train,False
9164,test,False
9165,train,True
9166,train,True
9167,train,True
9168,train,True
9169,test,False
9170,train,False
9171,train,True
9172,validation,False
9173,train,True
9174,test,False
9175,train,True
9176,train,True
9177,train,False
9178,train,True
9179,train,False
9180,train,True
9181,train,True
9182,test,False
9183,train,True
9184,train,True
9185,validation,False
9186,train,True
9187,test,False
9188,test,False
9189,train,False
9190,train,True
9191,test,False
9192,train,True
9193,train,False
9194,train,True
9195,validation,False
9196,test,False
9197,validation,False
9198,train,False
9199,train,True
9200,train,True
9201,train,True
9202,validation,False
9203,validation,False
9204,train,True
9205,train,False
9206,train,False
9207,train,True
9208,train,False
9209,train,True
9210,validation,False
9211,validation,False
9212,validation,False
9213,test,False
9214,train,True
9215,validation,False
9216,test,False
9217,test,False
9218,train,False
9219,train,True
9220,train,True
9221,train,False
9222,train,True
9223,test,False
9224,train,True
9225,train,True
9226,train,False
9227,test,False
9228,test,False
9229,train,False
9230,train,True
9231,validation,False
9232,train,False
9233,train,False
9234,test,False
9235,train,True
9236,test,False
9237,train,True
9238,train,True
9239,validation,False
9240,train,True
9241,train,True
9242,train,True
9243,train,True
9244,test,False
9245,test,False
9246,train,True
9247,train,True
9248,train,True
9249,train,True
9250,train,True
9251,train,True
9252,test,False
9253,validation,False
9254,train,True
9255,train,False
9256,train,True
9257,validation,False
9258,train,True
9259,test,False
9260,train,False
9261,validation,False
9262,train,False
9263,validation,False
9264,test,False
9265,train,True
9266,train,True
9267,test,False
9268,test,False
9269,test,False
9270,train,False
9271,train,False
9272,validation,False
9273,test,False
9274,train,True
9275,test,False
9276,train,True
9277,train,False
9278,train,False
9279,test,False
9280,validation,False
9281,test,False
9282,train,True
9283,train,True
9284,train,False
9285,train,True
9286,test,False
9287,train,False
9288,train,True
9289,test,False
9290,train,False
9291,train,True
9292,validation,False
9293,test,False
9294,validation,False
9295,validation,False
9296,train,True
9297,train,True
9298,train,True
9299,train,False
9300,validation,False
9301,validation,False
9302,train,False
9303,train,False
9304,test,False
9305,validation,False
9306,train,False
9307,test,False
9308,train,True
9309,train,True
9310,validation,False
9311,train,True
9312,validation,False
9313,test,False
9314,test,False
9315,test,False
9316,train,False
9317,test,False
9318,train,False
9319,test,False
9320,train,True
9321,validation,False
9322,validation,False
9323,validation,False
9324,train,False
9325,test,False
9326,test,False
9327,train,True
9328,train,False
9329,train,True
9330,train,True
9331,train,True
9332,train,True
9333,train,False
9334,train,False
9335,train,True
9336,train,True
9337,train,True
9338,test,False
9339,train,True
9340,train,False
9341,train,True
9342,train,False
9343,train,True
9344,train,True
9345,train,False
9346,train,False
9347,validation,False
9348,test,False
9349,train,True
9350,test,False
9351,test,False
9352,train,True
9353,train,False
9354,train,True
9355,test,False
9356,validation,False
9357,train,True
9358,train,True
9359,train,True
9360,test,False
9361,train,True
9362,train,True
9363,validation,False
9364,train,False
9365,train,True
9366,test,False
9367,train,True
9368,validation,False
9369,train,True
9370,test,False
9371,train,True
9372,validation,False
9373,train,False
9374,train,False
9375,train,True
9376,test,False
9377,test,False
9378,validation,False
9379,train,True
9380,train,True
9381,train,False
9382,test,False
9383,train,True
9384,train,True
9385,test,False
9386,train,True
9387,test,False
9388,train,False
9389,train,True
9390,train,True
9391,train,True
9392,train,True
9393,test,False
9394,train,True
9395,test,False
9396,validation,False
9397,validation,False
9398,train,False
9399,train,False
9400,train,True
9401,validation,False
9402,train,True
9403,train,True
9404,train,False
9405,train,True
9406,train,True
9407,train,False
9408,train,False
9409,train,True
9410,train,True
9411,test,False
9412,test,False
9413,validation,False
9414,train,True
9415,train,True
9416,train,True
9417,test,False
9418,train,True
9419,train,False
9420,test,False
9421,validation,False
9422,train,True
9423,validation,False
9424,validation,False
9425,train,True
9426,train,True
9427,test,False
9428,train,False
9429,train,True
9430,train,False
9431,test,False
9432,validation,False
9433,validation,False
9434,validation,False
9435,train,False
9436,test,False
9437,test,False
9438,test,False
9439,train,True
9440,test,False
9441,train,True
9442,train,True
9443,train,True
9444,train,True
9445,train,False
9446,validation,False
9447,validation,False
9448,test,False
9449,test,False
9450,validation,False
9451,train,True
9452,validation,False
9453,test,False
9454,train,False
9455,validation,False
9456,train,False
9457,train,False
9458,train,True
9459,train,True
9460,train,True
9461,train,True
9462,train,True
9463,test,False
9464,train,True
9465,train,True
9466,train,True
9467,train,True
9468,train,False
9469,train,True
9470,validation,False
9471,train,True
9472,validation,False
9473,train,True
9474,train,True
9475,train,False
9476,train,True
9477,validation,False
9478,validation,False
9479,test,False
9480,train,False
9481,train,False
9482,train,False
9483,train,True
9484,train,True
9485,train,False
9486,train,True
9487,test,False
9488,train,True
9489,train,False
9490,train,True
9491,train,False
9492,test,False
9493,train,False
9494,train,True
9495,validation,False
9496,train,True
9497,train,False
9498,test,False
9499,validation,False
9500,validation,False
9501,train,True
9502,train,True
9503,validation,False
9504,test,False
9505,train,True
9506,test,False
9507,train,True
9508,validation,False
9509,test,False
9510,test,False
9511,train,False
9512,train,True
9513,train,True
9514,train,True
9515,train,True
9516,train,True
9517,train,True
9518,validation,False
9519,train,True
9520,test,False
9521,test,False
9522,train,True
9523,train,True
9524,validation,False
9525,train,True
9526,validation,False
9527,test,False
9528,train,False
9529,train,True
9530,test,False
9531,validation,False
9532,train,False
9533,train,False
9534,train,False
9535,train,True
9536,validation,False
9537,train,True
9538,train,False
9539,validation,False
9540,train,True
9541,test,False
9542,validation,False
9543,train,True
9544,train,False
9545,train,True
9546,validation,False
9547,train,False
9548,test,False
9549,train,False
9550,train,True
9551,test,False
9552,test,False
9553,train,True
9554,train,True
9555,test,False
9556,test,False
9557,train,False
9558,test,False
9559,train,False
9560,train,False
9561,train,True
9562,train,True
9563,train,True
9564,train,True
9565,validation,False
9566,train,True
9567,train,True
9568,train,True
9569,test,False
9570,train,False
9571,train,True
9572,train,False
9573,train,True
9574,validation,False
9575,test,False
9576,train,True
9577,test,False
9578,train,True
9579,train,False
9580,train,False
9581,train,True
9582,train,False
9583,train,True
9584,train,True
9585,train,True
9586,train,True
9587,train,True
9588,train,True
9589,train,True
9590,validation,False
9591,train,True
9592,train,True
9593,train,True
9594,train,False
9595,train,True
9596,train,False
9597,train,True
9598,test,False
9599,test,False
9600,train,True
9601,validation,False
9602,train,True
9603,validation,False
9604,train,True
9605,train,True
9606,test,False
9607,train,True
9608,validation,False
9609,test,False
9610,train,False
9611,train,True
9612,train,False
9613,validation,False
9614,train,False
9615,validation,False
9616,train,False
9617,train,False
9618,test,False
9619,test,False
9620,validation,False
9621,test,False
9622,train,True
9623,train,True
9624,test,False
9625,train,True
9626,train,True
9627,test,False
9628,train,False
9629,train,False
9630,train,True
9631,validation,False
9632,test,False
9633,train,False
9634,train,True
9635,validation,False
9636,validation,False
9637,train,False
9638,train,True
9639,test,False
9640,validation,False
9641,train,False
9642,validation,False
9643,train,True
9644,validation,False
9645,train,True
9646,test,False
9647,test,False
9648,test,False
9649,train,True
9650,train,True
9651,test,False
9652,train,False
9653,test,False
9654,test,False
9655,train,True
9656,validation,False
9657,train,False
9658,test,False
9659,test,False
9660,validation,False
9661,train,False
9662,train,False
9663,train,True
9664,train,False
9665,validation,False
9666,test,False
9667,train,False
9668,train,True
9669,test,False
9670,test,False
9671,test,False
9672,train,True
9673,train,False
9674,validation,False
9675,train,True
9676,train,False
9677,train,True
9678,test,False
9679,train,True
9680,train,False
9681,test,False
9682,test,False
9683,train,True
9684,train,True
9685,train,False
9686,train,True
9687,train,True
9688,train,True
9689,validation,False
9690,test,False
9691,test,False
9692,train,True
9693,validation,False
9694,train,True
9695,train,False
9696,train,False
9697,test,False
9698,test,False
9699,train,True
9700,test,False
9701,validation,False
9702,train,True
9703,train,False
9704,test,False
9705,test,False
9706,train,True
9707,validation,False
9708,train,True
9709,train,True
9710,validation,False
9711,train,True
9712,train,False
9713,train,True
9714,train,True
9715,train,True
9716,validation,False
9717,test,False
9718,train,True
9719,train,True
9720,train,True
9721,test,False
9722,test,False
9723,test,False
9724,validation,False
9725,validation,False
9726,train,True
9727,train,False
9728,train,True
9729,train,True
9730,train,True
9731,train,True
9732,train,True
9733,train,True
9734,test,False
9735,train,False
9736,validation,False
9737,train,True
9738,train,True
9739,validation,False
9740,train,False
9741,train,True
9742,train,True
9743,test,False
9744,train,True
9745,train,True
9746,train,True
9747,test,False
9748,validation,False
9749,test,False
9750,train,True
9751,train,True
9752,train,False
9753,train,True
9754,train,True
9755,validation,False
9756,train,True
9757,validation,False
9758,validation,False
9759,validation,False
9760,test,False
9761,train,True
9762,train,True
9763,train,False
9764,test,False
9765,test,False
9766,train,True
9767,train,True
9768,train,False
9769,train,True
9770,test,False
9771,validation,False
9772,train,False
9773,test,False
9774,train,True
9775,validation,False
9776,validation,False
9777,train,True
9778,train,True
9779,validation,False
9780,train,False
9781,train,True
9782,train,True
9783,train,True
9784,train,True
9785,validation,False
9786,validation,False
9787,train,True
9788,test,False
9789,train,False
9790,train,False
9791,train,False
9792,train,False
9793,train,True
9794,train,False
9795,validation,False
9796,train,True
9797,train,False
9798,train,False
9799,train,True
9800,train,True
9801,train,False
9802,test,False
9803,train,True
9804,train,True
9805,train,True
9806,train,True
9807,train,False
9808,train,False
9809,train,False
9810,test,False
9811,train,True
9812,test,False
9813,train,False
9814,train,False
9815,train,False
9816,train,False
9817,validation,False
9818,train,False
9819,train,True
9820,test,False
9821,validation,False
9822,train,False
9823,test,False
9824,train,True
9825,validation,False
9826,validation,False
9827,train,True
9828,train,True
9829,train,True
9830,test,False
9831,test,False
9832,train,True
9833,validation,False
9834,test,False
9835,train,True
9836,test,False
9837,validation,False
9838,validation,False
9839,train,True
9840,train,False
9841,test,False
9842,train,False
9843,train,True
9844,test,False
9845,train,True
9846,train,True
9847,train,True
9848,validation,False
9849,train,True
9850,train,True
9851,validation,False
9852,train,True
9853,train,True
9854,validation,False
9855,train,True
9856,train,False
9857,validation,False
9858,train,False
9859,validation,False
9860,train,True
9861,train,True
9862,train,True
9863,train,True
9864,test,False
9865,train,True
9866,test,False
9867,test,False
9868,train,True
9869,validation,False
9870,train,False
9871,train,True
9872,train,True
9873,test,False
9874,train,False
9875,train,False
9876,train,False
9877,train,True
9878,validation,False
9879,train,False
9880,validation,False
9881,train,True
9882,train,True
9883,train,True
9884,train,False
9885,train,True
9886,train,True
9887,train,True
9888,train,False
9889,validation,False
9890,test,False
9891,train,True
9892,test,False
9893,train,True
9894,train,False
9895,train,True
9896,train,True
9897,train,True
9898,train,True
9899,train,True
9900,train,True
9901,train,True
9902,train,True
9903,train,False
9904,train,True
9905,train,True
9906,train,False
9907,test,False
9908,validation,False
9909,train,True
9910,validation,False
9911,train,True
9912,validation,False
9913,validation,False
9914,train,True
9915,train,True
9916,train,True
9917,train,True
9918,validation,False
9919,test,False
9920,validation,False
9921,train,True
9922,test,False
9923,validation,False
9924,test,False
9925,train,False
9926,test,False
9927,test,False
9928,train,True
9929,train,True
9930,validation,False
9931,train,True
9932,validation,False
9933,validation,False
9934,validation,False
9935,train,True
9936,train,True
9937,train,True
9938,validation,False
9939,train,True
9940,validation,False
9941,test,False
9942,validation,False
9943,train,True
9944,train,True
9945,validation,False
9946,train,True
9947,validation,False
9948,train,True
9949,train,True
9950,train,True
9951,train,True
9952,train,False
9953,train,True
9954,train,True
9955,train,True
9956,test,False
9957,test,False
9958,train,False
9959,validation,False
9960,validation,False
9961,train,False
9962,train,False
9963,train,False
9964,train,False
9965,train,False
9966,train,False
9967,test,False
9968,train,False
9969,train,True
9970,train,True
9971,test,False
9972,train,True
9973,validation,False
9974,test,False
9975,test,False
9976,test,False
9977,test,False
9978,test,False
9979,train,True
9980,train,False
9981,test,False
9982,test,False
9983,validation,False
9984,train,True
9985,train,True
9986,train,True
9987,train,False
9988,train,False
9989,train,True
9990,test,False
9991,train,True
9992,train,True
9993,test,False
9994,train,True
9995,train,False
9996,train,True
9997,test,False
9998,test,False
9999,train,False
10000,validation,False
10001,train,True
10002,test,False
10003,train,True
10004,train,True
10005,train,False
10006,validation,False
10007,validation,False
10008,validation,False
10009,train,True
10010,validation,False
10011,test,False
10012,train,True
10013,test,False
10014,train,True
10015,test,False
10016,train,True
10017,train,True
10018,validation,False
10019,train,False
10020,test,False
10021,validation,False
10022,train,True
10023,validation,False
10024,test,False
10025,train,False
10026,train,True
10027,train,True
10028,train,True
10029,test,False
10030,train,False
10031,train,False
10032,train,True
10033,train,True
10034,train,False
10035,train,True
10036,test,False
10037,train,True
10038,validation,False
10039,test,False
10040,train,True
10041,train,False
10042,train,True
10043,validation,False
10044,train,False
10045,test,False
10046,train,True
10047,train,False
10048,train,False
10049,validation,False
10050,test,False
10051,train,True
10052,validation,False
10053,validation,False
10054,train,False
10055,train,False
10056,validation,False
10057,train,True
10058,train,False
10059,train,True
10060,validation,False
10061,train,True
10062,train,False
10063,train,True
10064,test,False
10065,train,True
10066,validation,False
10067,train,False
10068,train,False
10069,train,True
10070,train,True
10071,test,False
10072,train,False
10073,train,True
10074,train,True
10075,train,False
10076,validation,False
10077,train,True
10078,validation,False
10079,train,False
10080,train,True
10081,train,True
10082,validation,False
10083,train,False
10084,test,False
10085,validation,False
10086,train,True
10087,validation,False
10088,train,True
10089,train,True
10090,train,False
10091,train,True
10092,train,True
10093,test,False
10094,validation,False
10095,train,True
10096,train,False
10097,train,False
10098,train,True
10099,train,True
10100,test,False
10101,validation,False
10102,train,True
10103,train,True
10104,validation,False
10105,train,True
10106,train,False
10107,train,True
10108,train,True
10109,train,False
10110,train,True
10111,test,False
10112,train,True
10113,train,False
10114,train,True
10115,test,False
10116,test,False
10117,train,True
10118,train,True
10119,validation,False
10120,validation,False
10121,validation,False
10122,train,True
10123,validation,False
10124,test,False
10125,train,False
10126,test,False
10127,train,False
10128,validation,False
10129,train,True
10130,train,False
10131,train,True
10132,train,False
10133,train,False
10134,validation,False
10135,train,True
10136,train,True
10137,test,False
10138,test,False
10139,train,False
10140,validation,False
10141,train,True
10142,train,True
10143,test,False
10144,train,True
10145,train,False
10146,train,True
10147,train,True
10148,test,False
10149,train,True
10150,validation,False
10151,validation,False
10152,validation,False
10153,train,True
10154,test,False
10155,train,True
10156,train,False
10157,train,True
10158,train,True
10159,train,True
10160,train,False
10161,test,False
10162,test,False
10163,train,True
10164,train,True
10165,train,False
10166,train,False
10167,train,True
10168,train,True
10169,validation,False
10170,train,False
10171,train,True
10172,train,False
10173,test,False
10174,test,False
10175,validation,False
10176,test,False
10177,train,True
10178,train,True
10179,train,True
10180,validation,False
10181,train,False
10182,test,False
10183,test,False
10184,validation,False
10185,validation,False
10186,train,True
10187,train,True
10188,train,True
10189,test,False
10190,train,True
10191,train,False
10192,train,True
10193,train,True
10194,test,False
10195,train,True
10196,train,True
10197,train,False
10198,train,True
10199,train,False
10200,train,True
10201,test,False
10202,test,False
10203,train,False
10204,train,True
10205,train,True
10206,train,False
10207,validation,False
10208,train,True
10209,test,False
10210,validation,False
10211,train,False
10212,test,False
10213,train,True
10214,train,False
10215,validation,False
10216,train,True
10217,train,False
10218,train,True
10219,test,False
10220,validation,False
10221,validation,False
10222,test,False
10223,train,True
10224,train,True
10225,train,True
10226,test,False
10227,train,False
10228,validation,False
10229,validation,False
10230,train,False
10231,train,True
10232,train,False
10233,train,True
10234,test,False
10235,test,False
10236,validation,False
10237,train,False
10238,train,True
10239,train,True
10240,train,True
10241,train,True
10242,test,False
10243,test,False
10244,train,False
10245,train,False
10246,train,False
10247,train,True
10248,train,True
10249,test,False
10250,test,False
10251,train,True
10252,train,False
10253,validation,False
10254,train,True
10255,train,False
10256,validation,False
10257,train,True
10258,validation,False
10259,train,True
10260,validation,False
10261,validation,False
10262,train,True
10263,train,False
10264,test,False
10265,train,False
10266,validation,False
10267,train,True
10268,validation,False
10269,train,True
10270,validation,False
10271,train,True
10272,validation,False
10273,train,False
10274,test,False
10275,test,False
10276,test,False
10277,train,False
10278,train,True
10279,train,True
10280,train,True
10281,train,True
10282,train,True
10283,test,False
10284,test,False
10285,train,True
10286,train,False
10287,train,True
10288,train,True
10289,validation,False
10290,test,False
10291,validation,False
10292,train,True
10293,validation,False
10294,train,True
10295,train,False
10296,train,True
10297,test,False
10298,test,False
10299,test,False
10300,train,True
10301,test,False
10302,train,False
10303,train,False
10304,train,True
10305,validation,False
10306,train,True
10307,validation,False
10308,train,False
10309,train,False
10310,validation,False
10311,train,True
10312,test,False
10313,train,True
10314,validation,False
10315,validation,False
10316,test,False
10317,validation,False
10318,train,True
10319,train,False
10320,train,True
10321,train,True
10322,train,False
10323,train,False
10324,train,False
10325,train,True
10326,train,False
10327,train,True
10328,train,True
10329,train,False
10330,test,False
10331,test,False
10332,validation,False
10333,validation,False
10334,validation,False
10335,train,False
10336,train,False
10337,validation,False
10338,train,False
10339,validation,False
10340,validation,False
10341,validation,False
10342,train,True
10343,validation,False
10344,train,True
10345,train,True
10346,validation,False
10347,train,False
10348,train,True
10349,train,False
10350,train,False
10351,train,True
10352,train,True
10353,train,False
10354,validation,False
10355,train,False
10356,validation,False
10357,test,False
10358,validation,False
10359,test,False
10360,train,True
10361,train,False
10362,train,True
10363,train,True
10364,train,True
10365,validation,False
10366,train,True
10367,train,False
10368,train,True
10369,validation,False
10370,validation,False
10371,train,True
10372,train,True
10373,validation,False
10374,validation,False
10375,train,True
10376,train,True
10377,train,True
10378,train,True
10379,train,True
10380,test,False
10381,train,True
10382,train,False
10383,train,True
10384,validation,False
10385,train,True
10386,train,True
10387,test,False
10388,validation,False
10389,train,False
10390,test,False
10391,train,True
10392,validation,False
10393,train,True
10394,train,False
10395,validation,False
10396,test,False
10397,train,True
10398,test,False
10399,validation,False
10400,validation,False
10401,train,True
10402,train,True
10403,train,True
10404,train,False
10405,validation,False
10406,train,True
10407,validation,False
10408,train,False
10409,train,True
10410,train,False
10411,validation,False
10412,train,True
10413,validation,False
10414,train,True
10415,test,False
10416,train,True
10417,test,False
10418,train,True
10419,train,True
10420,train,False
10421,train,True
10422,test,False
10423,train,False
10424,test,False
10425,validation,False
10426,test,False
10427,train,True
10428,train,True
10429,train,True
10430,train,True
10431,validation,False
10432,train,False
10433,train,False
10434,validation,False
10435,test,False
10436,test,False
10437,validation,False
10438,train,True
10439,train,False
10440,test,False
10441,test,False
10442,train,True
10443,train,False
10444,train,True
10445,validation,False
10446,train,False
10447,train,True
10448,validation,False
10449,train,True
10450,validation,False
10451,train,False
10452,test,False
10453,train,True
10454,test,False
10455,validation,False
10456,test,False
10457,test,False
10458,train,True
10459,train,False
10460,train,True
10461,validation,False
10462,train,True
10463,train,False
10464,train,True
10465,test,False
10466,train,True
10467,train,False
10468,train,False
10469,train,False
10470,test,False
10471,train,False
10472,test,False
10473,train,True
10474,train,True
10475,validation,False
10476,train,True
10477,train,False
10478,train,True
10479,train,False
10480,validation,False
10481,train,True
10482,validation,False
10483,train,False
10484,test,False
10485,test,False
10486,validation,False
10487,train,True
10488,train,False
10489,test,False
10490,train,True
10491,train,True
10492,train,True
10493,train,True
10494,train,True
10495,train,True
10496,train,True
10497,validation,False
10498,test,False
10499,validation,False
10500,validation,False
10501,validation,False
10502,test,False
10503,validation,False
10504,train,False
10505,train,True
10506,train,True
10507,train,True
10508,validation,False
10509,train,False
10510,train,True
10511,train,False
10512,test,False
10513,test,False
10514,train,True
10515,train,True
10516,test,False
10517,train,True
10518,test,False
10519,train,False
10520,train,True
10521,train,False
10522,test,False
10523,validation,False
10524,train,True
10525,validation,False
10526,train,True
10527,test,False
10528,test,False
10529,test,False
10530,test,False
10531,train,True
10532,train,False
10533,train,True
10534,test,False
10535,train,True
10536,train,True
10537,train,False
10538,train,False
10539,test,False
10540,test,False
10541,train,True
10542,validation,False
10543,train,True
10544,validation,False
10545,test,False
10546,train,True
10547,test,False
10548,train,True
10549,validation,False
10550,validation,False
10551,test,False
10552,validation,False
10553,train,True
10554,train,False
10555,validation,False
10556,train,True
10557,train,True
10558,validation,False
10559,train,False
10560,train,False
10561,train,True
10562,train,True
10563,validation,False
10564,test,False
10565,validation,False
10566,test,False
10567,train,False
10568,train,False
10569,train,True
10570,train,True
10571,train,True
10572,train,False
10573,test,False
10574,train,True
10575,train,True
10576,test,False
10577,validation,False
10578,test,False
10579,train,False
10580,validation,False
10581,train,True
10582,train,True
10583,train,True
10584,validation,False
10585,validation,False
10586,validation,False
10587,train,True
10588,train,True
10589,validation,False
10590,train,True
10591,validation,False
10592,validation,False
10593,train,False
10594,train,False
10595,test,False
10596,test,False
10597,test,False
10598,test,False
10599,train,True
10600,validation,False
10601,train,True
10602,test,False
10603,test,False
10604,train,True
10605,test,False
10606,train,True
10607,train,False
10608,train,True
10609,train,True
10610,train,True
10611,train,True
10612,test,False
10613,train,False
10614,validation,False
10615,train,True
10616,train,False
10617,train,False
10618,validation,False
10619,train,False
10620,validation,False
10621,train,True
10622,train,True
10623,test,False
10624,train,True
10625,validation,False
10626,test,False
10627,train,True
10628,test,False
10629,train,True
10630,train,False
10631,train,True
10632,train,True
10633,train,True
10634,train,True
10635,train,True
10636,train,False
10637,train,True
10638,test,False
10639,train,True
10640,train,True
10641,train,False
10642,test,False
10643,train,True
10644,validation,False
10645,train,True
10646,validation,False
10647,train,True
10648,train,True
10649,train,True
10650,train,True
10651,train,True
10652,validation,False
10653,train,True
10654,test,False
10655,validation,False
10656,train,True
10657,test,False
10658,validation,False
10659,train,False
10660,train,True
10661,validation,False
10662,test,False
10663,train,True
10664,train,True
10665,test,False
10666,train,False
10667,train,True
10668,train,False
10669,test,False
10670,test,False
10671,train,False
10672,validation,False
10673,validation,False
10674,train,True
10675,test,False
10676,train,True
10677,train,True
10678,test,False
10679,train,True
10680,validation,False
10681,validation,False
10682,validation,False
10683,train,True
10684,validation,False
10685,validation,False
10686,validation,False
10687,test,False
10688,test,False
10689,test,False
10690,train,True
10691,validation,False
10692,validation,False
10693,train,True
10694,train,False
10695,train,True
10696,validation,False
10697,validation,False
10698,validation,False
10699,train,True
10700,test,False
10701,validation,False
10702,test,False
10703,train,True
10704,test,False
10705,test,False
10706,train,True
10707,train,True
10708,validation,False
10709,test,False
10710,test,False
10711,train,True
10712,train,True
10713,train,True
10714,validation,False
10715,test,False
10716,train,True
10717,train,False
10718,train,True
10719,train,True
10720,train,True
10721,train,True
10722,test,False
10723,test,False
10724,test,False
10725,train,False
10726,validation,False
10727,train,False
10728,train,False
10729,validation,False
10730,train,False
10731,train,True
10732,validation,False
10733,test,False
10734,validation,False
10735,validation,False
10736,validation,False
10737,train,True
10738,train,False
10739,test,False
10740,train,True
10741,validation,False
10742,train,False
10743,train,True
10744,validation,False
10745,test,False
10746,train,True
10747,train,True
10748,test,False
10749,train,True
10750,test,False
10751,validation,False
10752,test,False
10753,train,True
10754,train,True
10755,train,True
10756,train,True
10757,train,False
10758,train,True
10759,train,True
10760,validation,False
10761,validation,False
10762,validation,False
10763,train,True
10764,validation,False
10765,train,True
10766,validation,False
10767,train,False
10768,validation,False
10769,train,True
10770,train,True
10771,train,False
10772,train,True
10773,validation,False
10774,train,True
10775,train,True
10776,validation,False
10777,train,True
10778,train,False
10779,test,False
10780,train,True
10781,train,True
10782,train,True
10783,test,False
10784,test,False
10785,train,True
10786,validation,False
10787,validation,False
10788,train,False
10789,train,True
10790,test,False
10791,train,True
10792,test,False
10793,validation,False
10794,train,False
10795,validation,False
10796,validation,False
10797,train,False
10798,train,True
10799,validation,False
10800,train,True
10801,train,False
10802,train,True
10803,train,False
10804,validation,False
10805,train,True
10806,validation,False
10807,validation,False
10808,train,True
10809,train,True
10810,train,False
10811,train,True
10812,train,True
10813,train,True
10814,train,True
10815,train,False
10816,train,True
10817,train,True
10818,test,False
10819,train,True
10820,train,True
10821,train,True
10822,train,True
10823,train,True
10824,train,True
10825,validation,False
10826,train,False
10827,train,False
10828,train,True
10829,validation,False
10830,train,True
10831,train,True
10832,test,False
10833,validation,False
10834,train,True
10835,train,False
10836,test,False
10837,validation,False
10838,test,False
10839,validation,False
10840,train,True
10841,train,True
10842,test,False
10843,test,False
10844,train,True
10845,test,False
10846,train,True
10847,train,True
10848,train,True
10849,train,False
10850,train,True
10851,train,False
10852,train,True
10853,train,False
10854,train,True
10855,test,False
10856,train,False
10857,test,False
10858,train,True
10859,validation,False
10860,test,False
10861,test,False
10862,validation,False
10863,train,False
10864,test,False
10865,test,False
10866,train,False
10867,train,True
10868,validation,False
10869,train,True
10870,test,False
10871,test,False
10872,test,False
10873,train,True
10874,train,True
10875,test,False
10876,train,True
10877,train,False
10878,train,True
10879,train,False
10880,train,True
10881,train,False
10882,train,False
10883,train,True
10884,test,False
10885,validation,False
10886,validation,False
10887,validation,False
10888,train,True
10889,train,True
10890,validation,False
10891,train,False
10892,train,True
10893,train,True
10894,test,False
10895,train,True
10896,train,True
10897,train,True
10898,train,True
10899,validation,False
10900,train,True
10901,train,True
10902,test,False
10903,train,True
10904,test,False
10905,train,False
10906,validation,False
10907,train,True
10908,train,False
10909,validation,False
10910,train,False
10911,train,True
10912,validation,False
10913,train,True
10914,train,True
10915,train,True
10916,train,True
10917,train,True
10918,train,True
10919,test,False
10920,train,True
10921,validation,False
10922,train,False
10923,train,True
10924,train,True
10925,train,True
10926,test,False
10927,train,True
10928,train,False
10929,train,False
10930,validation,False
10931,test,False
10932,validation,False
10933,train,True
10934,train,False
10935,test,False
10936,train,True
10937,validation,False
10938,train,True
10939,train,True
10940,validation,False
10941,test,False
10942,train,True
10943,train,False
10944,train,False
10945,train,True
10946,train,True
10947,train,False
10948,validation,False
10949,train,True
10950,train,False
10951,test,False
10952,validation,False
10953,train,True
10954,test,False
10955,train,False
10956,test,False
10957,train,True
10958,validation,False
10959,test,False
10960,train,False
10961,train,True
10962,train,False
10963,test,False
10964,validation,False
10965,validation,False
10966,train,True
10967,train,True
10968,validation,False
10969,train,True
10970,test,False
10971,train,True
10972,train,False
10973,validation,False
10974,test,False
10975,train,False
10976,train,False
10977,test,False
10978,train,True
10979,validation,False
10980,train,True
10981,train,False
10982,train,True
10983,train,True
10984,train,True
10985,train,True
10986,train,True
10987,validation,False
10988,train,True
10989,test,False
10990,train,True
10991,train,True
10992,test,False
10993,train,True
10994,test,False
10995,train,True
10996,train,True
10997,train,True
10998,train,False
10999,train,False
11000,validation,False
11001,train,True
11002,train,True
11003,train,True
11004,test,False
11005,validation,False
11006,train,False
11007,train,False
11008,train,True
11009,train,False
11010,train,True
11011,train,True
11012,train,False
11013,test,False
11014,validation,False
11015,validation,False
11016,test,False
11017,train,True
11018,train,False
11019,validation,False
11020,validation,False
11021,test,False
11022,validation,False
11023,test,False
11024,train,False
11025,train,False
11026,train,True
11027,test,False
11028,validation,False
11029,validation,False
11030,train,True
11031,train,True
11032,train,True
11033,train,True
11034,test,False
11035,train,False
11036,train,True
11037,train,False
11038,train,False
11039,validation,False
11040,train,True
11041,train,True
11042,train,True
11043,train,False
11044,test,False
11045,train,True
11046,train,False
11047,train,True
11048,train,True
11049,validation,False
11050,test,False
11051,train,False
11052,train,True
11053,train,True
11054,test,False
11055,train,False
11056,train,True
11057,train,False
11058,train,True
11059,validation,False
11060,validation,False
11061,train,True
11062,train,False
11063,validation,False
11064,train,False
11065,test,False
11066,train,True
11067,validation,False
11068,train,True
11069,test,False
11070,test,False
11071,test,False
11072,train,True
11073,train,False
11074,train,True
11075,test,False
11076,train,True
11077,validation,False
11078,train,True
11079,train,False
11080,train,False
11081,validation,False
11082,train,True
11083,test,False
11084,validation,False
11085,train,True
11086,validation,False
11087,train,True
11088,train,True
11089,test,False
11090,train,False
11091,validation,False
11092,train,True
11093,train,False
11094,train,False
11095,train,True
11096,train,True
11097,validation,False
11098,train,True
11099,train,False
11100,validation,False
11101,train,False
11102,train,True
11103,test,False
11104,test,False
11105,train,True
11106,validation,False
11107,train,True
11108,train,True
11109,train,False
11110,test,False
11111,train,True
11112,train,False
11113,validation,False
11114,train,False
11115,train,True
11116,train,True
11117,validation,False
11118,train,True
11119,train,True
11120,test,False
11121,train,True
11122,test,False
11123,train,True
11124,validation,False
11125,train,False
11126,validation,False
11127,test,False
11128,train,False
11129,train,True
11130,test,False
11131,validation,False
11132,test,False
11133,train,True
11134,train,True
11135,train,True
11136,train,True
11137,train,True
11138,train,True
11139,train,False
11140,train,True
11141,train,True
11142,train,False
11143,validation,False
11144,train,True
11145,train,False
11146,test,False
11147,train,False
11148,train,True
11149,train,True
11150,train,True
11151,validation,False
11152,train,True
11153,train,True
11154,validation,False
11155,train,True
11156,train,True
11157,train,True
11158,test,False
11159,test,False
11160,train,False
11161,validation,False
11162,validation,False
11163,train,False
11164,train,False
11165,train,True
11166,test,False
11167,validation,False
11168,validation,False
11169,train,False
11170,test,False
11171,test,False
11172,validation,False
11173,train,True
11174,train,True
11175,train,False
11176,train,True
11177,train,False
11178,train,True
11179,train,True
11180,train,True
11181,validation,False
11182,train,False
11183,train,True
11184,validation,False
11185,train,True
11186,train,True
11187,train,True
11188,train,False
11189,test,False
11190,train,True
11191,test,False
11192,train,True
11193,validation,False
11194,train,True
11195,test,False
11196,train,True
11197,train,True
11198,validation,False
11199,test,False
11200,validation,False
11201,test,False
11202,train,True
11203,validation,False
11204,train,True
11205,train,True
11206,train,False
11207,train,True
11208,train,True
11209,train,True
11210,train,True
11211,train,True
11212,train,True
11213,train,True
11214,train,True
11215,test,False
11216,train,False
11217,train,True
11218,test,False
11219,train,False
11220,validation,False
11221,test,False
11222,test,False
11223,train,True
11224,train,True
11225,test,False
11226,validation,False
11227,train,True
11228,validation,False
11229,train,False
11230,train,True
11231,test,False
11232,train,True
11233,train,False
11234,train,False
11235,validation,False
11236,test,False
11237,train,False
11238,train,False
11239,train,True
11240,train,True
11241,test,False
11242,train,True
11243,test,False
11244,train,True
11245,train,False
11246,test,False
11247,test,False
11248,validation,False
11249,validation,False
11250,test,False
11251,train,False
11252,test,False
11253,test,False
11254,train,False
11255,train,True
11256,train,True
11257,train,True
11258,test,False
11259,train,True
11260,validation,False
11261,train,True
11262,test,False
11263,train,True
11264,validation,False
11265,train,True
11266,train,True
11267,train,True
11268,test,False
11269,test,False
11270,train,True
11271,train,False
11272,train,True
11273,train,True
11274,validation,False
11275,train,True
11276,train,True
11277,train,False
11278,train,False
11279,train,True
11280,test,False
11281,test,False
11282,test,False
11283,test,False
11284,test,False
11285,train,False
11286,train,True
11287,train,False
11288,train,True
11289,train,True
11290,validation,False
11291,validation,False
11292,train,True
11293,train,True
11294,train,True
11295,validation,False
11296,train,False
11297,test,False
11298,validation,False
11299,test,False
11300,train,True
11301,train,False
11302,train,True
11303,train,True
11304,train,False
11305,train,True
11306,test,False
11307,train,True
11308,test,False
11309,train,True
11310,train,True
11311,validation,False
11312,train,True
11313,train,False
11314,validation,False
11315,validation,False
11316,train,False
11317,train,True
11318,train,True
11319,train,False
11320,train,True
11321,train,False
11322,train,False
11323,train,True
11324,validation,False
11325,train,False
11326,test,False
11327,train,True
11328,validation,False
11329,validation,False
11330,train,True
11331,test,False
11332,train,True
11333,train,True
11334,test,False
11335,train,False
11336,test,False
11337,train,False
11338,test,False
11339,validation,False
11340,train,False
11341,train,True
11342,train,True
11343,train,True
11344,test,False
11345,validation,False
11346,train,False
11347,train,True
11348,validation,False
11349,train,True
11350,train,True
11351,validation,False
11352,validation,False
11353,train,False
11354,validation,False
11355,train,True
11356,train,True
11357,train,True
11358,train,False
11359,train,True
11360,test,False
11361,test,False
11362,train,False
11363,train,False
11364,validation,False
11365,train,True
11366,validation,False
11367,test,False
11368,train,True
11369,validation,False
11370,train,True
11371,train,True
11372,test,False
11373,test,False
11374,validation,False
11375,train,False
11376,train,True
11377,train,True
11378,test,False
11379,test,False
11380,train,False
11381,train,True
11382,train,True
11383,validation,False
11384,validation,False
11385,train,True
11386,train,False
11387,test,False
11388,train,True
11389,test,False
11390,train,True
11391,validation,False
11392,validation,False
11393,train,False
11394,validation,False
11395,train,True
11396,test,False
11397,train,True
11398,validation,False
11399,validation,False
11400,train,False
11401,validation,False
11402,test,False
11403,train,True
11404,train,True
11405,train,False
11406,train,False
11407,train,True
11408,train,True
11409,test,False
11410,test,False
11411,train,False
11412,test,False
11413,train,True
11414,train,True
11415,train,False
11416,test,False
11417,test,False
11418,train,False
11419,train,True
11420,train,True
11421,test,False
11422,validation,False
11423,test,False
11424,validation,False
11425,train,True
11426,test,False
11427,test,False
11428,train,True
11429,train,True
11430,test,False
11431,validation,False
11432,train,False
11433,train,True
11434,train,True
11435,train,True
11436,train,True
11437,test,False
11438,train,True
11439,train,True
11440,train,True
11441,train,True
11442,train,True
11443,validation,False
11444,test,False
11445,test,False
11446,train,True
11447,train,True
11448,validation,False
11449,train,True
11450,test,False
11451,test,False
11452,validation,False
11453,test,False
11454,validation,False
11455,train,True
11456,test,False
11457,train,False
11458,train,False
11459,train,False
11460,train,True
11461,train,True
11462,validation,False
11463,validation,False
11464,train,False
11465,test,False
11466,test,False
11467,train,False
11468,train,True
11469,train,True
11470,train,False
11471,train,True
11472,train,False
11473,train,True
11474,train,True
11475,test,False
11476,train,False
11477,train,True
11478,train,True
11479,train,True
11480,test,False
11481,train,False
11482,train,True
11483,train,False
11484,validation,False
11485,test,False
11486,train,False
11487,test,False
11488,test,False
11489,test,False
11490,validation,False
11491,validation,False
11492,test,False
11493,test,False
11494,validation,False
11495,train,True
11496,train,True
11497,validation,False
11498,train,True
11499,validation,False
11500,train,True
11501,train,True
11502,test,False
11503,train,True
11504,validation,False
11505,train,False
11506,validation,False
11507,validation,False
11508,train,True
11509,train,False
11510,train,True
11511,train,True
11512,test,False
11513,train,False
11514,test,False
11515,train,True
11516,validation,False
11517,validation,False
11518,train,True
11519,train,False
11520,validation,False
11521,validation,False
11522,train,False
11523,train,True
11524,train,False
11525,train,True
11526,test,False
11527,train,False
11528,validation,False
11529,train,True
11530,test,False
11531,train,True
11532,train,True
11533,validation,False
11534,train,True
11535,test,False
11536,train,True
11537,train,False
11538,train,True
11539,train,True
11540,train,False
11541,validation,False
11542,test,False
11543,validation,False
11544,train,False
11545,train,True
11546,train,True
11547,test,False
11548,validation,False
11549,train,False
11550,train,True
11551,train,False
11552,validation,False
11553,train,True
11554,train,True
11555,test,False
11556,train,True
11557,train,True
11558,test,False
11559,train,True
11560,train,True
11561,test,False
11562,train,False
11563,test,False
11564,train,False
11565,validation,False
11566,train,False
11567,train,True
11568,train,True
11569,train,False
11570,train,False
11571,validation,False
11572,train,False
11573,test,False
11574,train,True
11575,train,True
11576,train,True
11577,test,False
11578,test,False
11579,train,False
11580,test,False
11581,test,False
11582,test,False
11583,train,True
11584,test,False
11585,test,False
11586,train,True
11587,test,False
11588,train,True
11589,train,False
11590,validation,False
11591,train,True
11592,train,False
11593,train,False
11594,test,False
11595,train,True
11596,train,True
11597,validation,False
11598,train,True
11599,train,True
11600,train,True
11601,train,False
11602,test,False
11603,train,True
11604,train,True
11605,train,True
11606,train,True
11607,validation,False
11608,validation,False
11609,test,False
11610,train,True
11611,train,True
11612,train,True
11613,train,True
11614,train,False
11615,train,True
11616,test,False
11617,test,False
11618,train,True
11619,train,True
11620,test,False
11621,train,True
11622,train,False
11623,train,False
11624,validation,False
11625,test,False
11626,train,True
11627,train,True
11628,test,False
11629,train,False
11630,test,False
11631,train,True
11632,train,True
11633,train,False
11634,validation,False
11635,train,True
11636,test,False
11637,train,True
11638,validation,False
11639,test,False
11640,test,False
11641,validation,False
11642,test,False
11643,test,False
11644,train,True
11645,train,True
11646,train,True
11647,train,True
11648,train,False
11649,test,False
11650,validation,False
11651,train,True
11652,train,False
11653,train,True
11654,train,True
11655,test,False
11656,validation,False
11657,validation,False
11658,train,True
11659,test,False
11660,train,False
11661,train,True
11662,validation,False
11663,train,False
11664,train,True
11665,train,False
11666,train,False
11667,validation,False
11668,train,False
11669,validation,False
11670,train,True
11671,test,False
11672,train,True
11673,train,True
11674,validation,False
11675,train,True
11676,validation,False
11677,test,False
11678,train,True
11679,train,False
11680,train,True
11681,train,True
11682,train,False
11683,validation,False
11684,train,True
11685,train,True
11686,test,False
11687,train,True
11688,train,True
11689,train,True
11690,train,False
11691,train,False
11692,train,True
11693,train,True
11694,train,True
11695,test,False
11696,test,False
11697,train,False
11698,train,True
11699,train,True
11700,test,False
11701,validation,False
11702,train,True
11703,train,False
11704,train,True
11705,validation,False
11706,train,True
11707,validation,False
11708,train,True
11709,train,False
11710,train,False
11711,train,True
11712,train,True
11713,train,True
11714,test,False
11715,validation,False
11716,validation,False
11717,test,False
11718,validation,False
11719,validation,False
11720,train,True
11721,train,True
11722,test,False
11723,train,True
11724,train,True
11725,train,True
11726,test,False
11727,validation,False
11728,test,False
11729,train,False
11730,train,True
11731,train,True
11732,validation,False
11733,train,True
11734,validation,False
11735,train,True
11736,train,True
11737,train,False
11738,train,False
11739,validation,False
11740,train,True
11741,validation,False
11742,train,True
11743,validation,False
11744,train,True
11745,train,False
11746,train,True
11747,train,True
11748,test,False
11749,test,False
11750,train,True
11751,train,False
11752,test,False
11753,train,False
11754,test,False
11755,train,True
11756,validation,False
11757,test,False
11758,train,False
11759,train,True
11760,train,True
11761,train,True
11762,validation,False
11763,train,False
11764,test,False
11765,train,True
11766,train,False
11767,train,False
11768,train,True
11769,test,False
11770,validation,False
11771,train,True
11772,validation,False
11773,train,False
11774,test,False
11775,validation,False
11776,train,True
11777,train,True
11778,test,False
11779,train,False
11780,train,False
11781,train,True
11782,train,True
11783,test,False
11784,train,True
11785,train,False
11786,test,False
11787,test,False
11788,test,False
11789,train,True
11790,train,False
11791,train,False
11792,train,False
11793,test,False
11794,train,True
11795,train,False
11796,validation,False
11797,test,False
11798,train,True
11799,train,True
11800,train,True
11801,train,False
11802,train,True
11803,validation,False
11804,train,True
11805,train,True
11806,train,False
11807,test,False
11808,test,False
11809,train,True
11810,train,False
11811,train,True
11812,test,False
11813,train,True
11814,test,False
11815,train,False
11816,train,False
11817,train,True
11818,train,True
11819,train,True
11820,validation,False
11821,train,True
11822,test,False
11823,train,True
11824,train,True
11825,test,False
11826,validation,False
11827,train,True
11828,train,True
11829,train,False
11830,test,False
11831,validation,False
11832,train,True
11833,validation,False
11834,validation,False
11835,validation,False
11836,train,False
11837,train,True
11838,train,True
11839,train,False
11840,train,True
11841,train,False
11842,train,True
11843,test,False
11844,train,True
11845,train,True
11846,validation,False
11847,validation,False
11848,train,True
11849,test,False
11850,train,True
11851,test,False
11852,train,False
11853,train,True
11854,validation,False
11855,train,False
11856,test,False
11857,train,True
11858,train,False
11859,train,True
11860,validation,False
11861,test,False
11862,train,True
11863,validation,False
11864,test,False
11865,test,False
11866,train,False
11867,train,True
11868,validation,False
11869,train,True
11870,train,True
11871,test,False
11872,test,False
11873,validation,False
11874,validation,False
11875,validation,False
11876,train,True
11877,train,False
11878,train,False
11879,test,False
11880,validation,False
11881,train,False
11882,validation,False
11883,validation,False
11884,train,False
11885,train,True
11886,train,True
11887,test,False
11888,validation,False
11889,train,True
11890,train,False
11891,validation,False
11892,train,True
11893,train,True
11894,test,False
11895,test,False
11896,train,True
11897,train,True
11898,validation,False
11899,validation,False
11900,test,False
11901,train,True
11902,train,True
11903,train,True
11904,train,False
11905,validation,False
11906,test,False
11907,train,True
11908,train,True
11909,train,True
11910,validation,False
11911,validation,False
11912,train,True
11913,train,True
11914,train,True
11915,train,False
11916,train,True
11917,train,True
11918,train,False
11919,train,False
11920,train,True
11921,train,True
11922,validation,False
11923,test,False
11924,train,False
11925,validation,False
11926,train,True
11927,train,False
11928,test,False
11929,train,True
11930,validation,False
11931,test,False
11932,test,False
11933,validation,False
11934,validation,False
11935,train,True
11936,validation,False
11937,train,False
11938,train,True
11939,validation,False
11940,validation,False
11941,train,False
11942,validation,False
11943,train,True
11944,train,True
11945,train,True
11946,train,False
11947,train,False
11948,train,True
11949,train,True
11950,train,False
11951,train,True
11952,validation,False
11953,train,True
11954,validation,False
11955,train,True
11956,train,False
11957,train,True
11958,validation,False
11959,validation,False
11960,train,True
11961,test,False
11962,train,False
11963,test,False
11964,train,False
11965,train,False
11966,validation,False
11967,train,False
11968,train,False
11969,train,True
11970,train,True
11971,validation,False
11972,train,True
11973,test,False
11974,train,False
11975,train,True
11976,train,False
11977,train,True
11978,train,True
11979,validation,False
11980,validation,False
11981,train,True
11982,train,True
11983,train,True
11984,train,False
11985,train,True
11986,train,False
11987,train,True
11988,train,True
11989,validation,False
11990,validation,False
11991,train,True
11992,train,True
11993,train,True
11994,train,False
11995,test,False
11996,train,True
11997,test,False
11998,train,True
11999,validation,False
12000,test,False
12001,test,False
12002,test,False
12003,validation,False
12004,validation,False
12005,train,True
12006,train,False
12007,train,True
12008,test,False
12009,train,False
12010,test,False
12011,train,True
12012,train,False
12013,test,False
12014,train,False
12015,test,False
12016,test,False
12017,train,True
12018,train,True
12019,train,True
12020,validation,False
12021,train,True
12022,train,True
12023,validation,False
12024,test,False
12025,train,True
12026,test,False
12027,train,True
12028,validation,False
12029,train,True
12030,train,True
12031,validation,False
12032,train,True
12033,train,True
12034,train,True
12035,train,False
12036,train,True
12037,train,True
12038,validation,False
12039,test,False
12040,validation,False
12041,validation,False
12042,train,True
12043,validation,False
12044,train,True
12045,validation,False
12046,test,False
12047,train,True
12048,validation,False
12049,validation,False
12050,test,False
12051,train,False
12052,train,True
12053,train,True
12054,train,False
12055,train,True
12056,validation,False
12057,validation,False
12058,validation,False
12059,train,True
12060,train,False
12061,train,False
12062,test,False
12063,train,True
12064,test,False
12065,train,True
12066,train,True
12067,validation,False
12068,train,True
12069,test,False
12070,train,False
12071,train,True
12072,test,False
12073,validation,False
12074,train,True
12075,validation,False
12076,test,False
12077,validation,False
12078,validation,False
12079,train,False
12080,validation,False
12081,train,False
12082,test,False
12083,train,True
12084,test,False
12085,train,True
12086,test,False
12087,train,True
12088,test,False
12089,train,True
12090,validation,False
12091,train,True
12092,validation,False
12093,test,False
12094,train,False
12095,test,False
12096,train,True
12097,train,False
12098,train,False
12099,validation,False
12100,train,False
12101,train,True
12102,train,False
12103,test,False
12104,train,False
12105,train,True
12106,train,True
12107,test,False
12108,train,True
12109,train,True
12110,train,False
12111,train,False
12112,validation,False
12113,test,False
12114,test,False
12115,test,False
12116,test,False
12117,train,False
12118,train,True
12119,train,True
12120,test,False
12121,test,False
12122,train,False
12123,train,True
12124,validation,False
12125,train,True
12126,validation,False
12127,train,False
12128,validation,False
12129,train,False
12130,validation,False
12131,train,False
12132,train,True
12133,validation,False
12134,test,False
12135,train,True
12136,train,True
12137,validation,False
12138,train,True
12139,train,True
12140,validation,False
12141,test,False
12142,test,False
12143,validation,False
12144,train,True
12145,train,False
12146,validation,False
12147,train,True
12148,train,False
12149,test,False
12150,validation,False
12151,validation,False
12152,test,False
12153,train,True
12154,train,True
12155,test,False
12156,validation,False
12157,validation,False
12158,validation,False
12159,train,True
12160,train,True
12161,validation,False
12162,test,False
12163,train,True
12164,train,False
12165,train,False
12166,validation,False
12167,train,True
12168,test,False
12169,train,False
12170,train,True
12171,train,True
12172,train,False
12173,train,False
12174,test,False
12175,train,True
12176,train,True
12177,train,True
12178,validation,False
12179,test,False
12180,train,False
12181,test,False
12182,test,False
12183,train,True
12184,test,False
12185,train,False
12186,train,False
12187,test,False
12188,train,True
12189,train,True
12190,train,True
12191,train,True
12192,train,True
12193,train,True
12194,train,False
12195,validation,False
12196,validation,False
12197,train,True
12198,train,False
12199,train,False
12200,train,True
12201,validation,False
12202,test,False
12203,validation,False
12204,train,True
12205,train,False
12206,train,True
12207,train,False
12208,validation,False
12209,validation,False
12210,train,False
12211,test,False
12212,train,True
12213,validation,False
12214,test,False
12215,train,True
12216,train,False
12217,validation,False
12218,train,True
12219,train,True
12220,train,False
12221,train,True
12222,test,False
12223,validation,False
12224,validation,False
12225,train,False
12226,train,True
12227,test,False
12228,train,False
12229,train,True
12230,train,True
12231,train,True
12232,train,True
12233,test,False
12234,train,False
12235,train,True
12236,train,True
12237,train,False
12238,train,True
12239,validation,False
12240,train,True
12241,train,False
12242,train,True
12243,train,False
12244,train,False
12245,validation,False
12246,train,True
12247,validation,False
12248,train,True
12249,train,True
12250,test,False
12251,train,False
12252,test,False
12253,validation,False
12254,train,True
12255,train,True
12256,train,True
12257,train,True
12258,train,True
12259,test,False
12260,train,True
12261,train,True
12262,train,True
12263,train,True
12264,train,True
12265,train,True
12266,test,False
12267,train,False
12268,test,False
12269,train,False
12270,test,False
12271,train,True
12272,train,True
12273,validation,False
12274,train,True
12275,train,False
12276,validation,False
12277,train,False
12278,train,False
12279,train,True
12280,train,False
12281,train,True
12282,train,True
12283,train,True
12284,train,True
12285,train,False
12286,train,True
12287,validation,False
12288,train,False
12289,validation,False
12290,train,True
12291,test,False
12292,validation,False
12293,train,False
12294,train,False
12295,validation,False
12296,train,False
12297,validation,False
12298,train,False
12299,train,False
12300,train,False
12301,validation,False
12302,test,False
12303,train,True
12304,train,True
12305,validation,False
12306,train,True
12307,train,True
12308,train,True
12309,train,True
12310,test,False
12311,train,True
12312,train,True
12313,validation,False
12314,train,True
12315,validation,False
12316,train,False
12317,validation,False
12318,train,False
12319,validation,False
12320,train,False
12321,test,False
12322,train,True
12323,train,True
12324,train,True
12325,train,True
12326,test,False
12327,test,False
12328,train,True
12329,train,False
12330,train,False
12331,train,False
12332,train,True
12333,train,True
12334,train,True
12335,train,True
12336,train,True
12337,train,True
12338,validation,False
12339,test,False
12340,train,False
12341,validation,False
12342,train,False
12343,train,False
12344,test,False
12345,validation,False
12346,test,False
12347,validation,False
12348,train,True
12349,test,False
12350,train,True
12351,validation,False
12352,train,False
12353,train,True
12354,test,False
12355,train,True
12356,validation,False
12357,train,False
12358,test,False
12359,train,True
12360,train,True
12361,validation,False
12362,validation,False
12363,train,False
12364,train,False
12365,validation,False
12366,test,False
12367,train,True
12368,train,True
12369,validation,False
12370,validation,False
12371,train,True
12372,train,True
12373,train,True
12374,train,True
12375,test,False
12376,train,False
12377,validation,False
12378,train,False
12379,train,False
12380,train,True
12381,validation,False
12382,validation,False
12383,test,False
12384,train,True
12385,train,False
12386,test,False
12387,train,True
12388,test,False
12389,train,True
12390,train,False
12391,train,False
12392,train,True
12393,test,False
12394,train,False
12395,test,False
12396,train,False
12397,train,True
12398,test,False
12399,train,True
12400,validation,False
12401,train,False
12402,train,True
12403,train,True
12404,train,False
12405,test,False
12406,train,False
12407,train,False
12408,train,True
12409,train,True
12410,test,False
12411,test,False
12412,train,False
12413,test,False
12414,train,True
12415,validation,False
12416,train,True
12417,train,True
12418,test,False
12419,train,True
12420,test,False
12421,test,False
12422,validation,False
12423,test,False
12424,validation,False
12425,validation,False
12426,train,True
12427,validation,False
12428,train,False
12429,test,False
12430,train,True
12431,test,False
12432,train,True
12433,validation,False
12434,validation,False
12435,train,False
12436,validation,False
12437,train,True
12438,train,False
12439,train,True
12440,test,False
12441,train,True
12442,train,False
12443,train,False
12444,train,False
12445,validation,False
12446,test,False
12447,train,True
12448,train,True
12449,train,True
12450,train,True
12451,train,True
12452,validation,False
12453,train,False
12454,train,True
12455,train,False
12456,train,False
12457,train,False
12458,train,False
12459,test,False
12460,train,True
12461,train,True
12462,test,False
12463,train,False
12464,train,True
12465,train,False
12466,validation,False
12467,validation,False
12468,train,False
12469,train,True
12470,test,False
12471,train,True
12472,train,True
12473,train,True
12474,validation,False
12475,train,False
12476,train,True
12477,test,False
12478,train,False
12479,validation,False
12480,train,True
12481,train,True
12482,test,False
12483,train,True
12484,test,False
12485,validation,False
12486,test,False
12487,train,True
12488,train,True
12489,validation,False
12490,validation,False
12491,train,True
12492,train,True
12493,train,True
12494,test,False
12495,train,False
12496,train,False
12497,train,False
12498,test,False
12499,train,True
12500,train,True
12501,train,False
12502,train,True
12503,train,True
12504,test,False
12505,train,False
12506,test,False
12507,train,False
12508,train,True
12509,train,False
12510,train,True
12511,train,True
12512,train,True
12513,train,True
12514,train,True
12515,test,False
12516,train,True
12517,train,False
12518,test,False
12519,train,True
12520,validation,False
12521,train,False
12522,validation,False
12523,train,True
12524,validation,False
12525,test,False
12526,train,True
12527,train,True
12528,test,False
12529,train,False
12530,train,False
12531,validation,False
12532,train,True
12533,train,True
12534,train,True
12535,test,False
12536,test,False
12537,train,True
12538,test,False
12539,test,False
12540,train,True
12541,train,True
12542,test,False
12543,train,False
12544,train,True
12545,train,False
12546,train,True
12547,train,True
12548,test,False
12549,train,True
12550,train,True
12551,train,False
12552,test,False
12553,train,True
12554,test,False
12555,test,False
12556,train,False
12557,train,False
12558,train,False
12559,test,False
12560,train,True
12561,test,False
12562,train,False
12563,test,False
12564,test,False
12565,validation,False
12566,train,True
12567,train,True
12568,train,True
12569,train,True
12570,train,True
12571,train,True
12572,train,True
12573,test,False
12574,train,True
12575,train,False
12576,train,False
12577,test,False
12578,test,False
12579,train,False
12580,validation,False
12581,test,False
12582,train,False
12583,validation,False
12584,train,False
12585,train,True
12586,test,False
12587,train,False
12588,train,True
12589,train,True
12590,validation,False
12591,train,False
12592,test,False
12593,test,False
12594,train,False
12595,train,False
12596,train,True
12597,train,True
12598,train,False
12599,train,True
12600,train,True
12601,validation,False
12602,train,True
12603,validation,False
12604,train,False
12605,test,False
12606,validation,False
12607,train,False
12608,test,False
12609,train,True
12610,train,True
12611,test,False
12612,test,False
12613,train,False
12614,train,True
12615,validation,False
12616,train,True
12617,validation,False
12618,validation,False
12619,train,True
12620,test,False
12621,test,False
12622,train,True
12623,validation,False
12624,train,True
12625,train,True
12626,train,True
12627,train,False
12628,test,False
12629,validation,False
12630,train,True
12631,validation,False
12632,train,False
12633,validation,False
12634,train,False
12635,train,False
12636,train,True
12637,validation,False
12638,train,False
12639,train,False
12640,test,False
12641,train,True
12642,train,False
12643,validation,False
12644,validation,False
12645,train,True
12646,train,False
12647,train,True
12648,validation,False
12649,train,False
12650,train,True
12651,test,False
12652,train,True
12653,train,True
12654,test,False
12655,test,False
12656,validation,False
12657,train,True
12658,train,True
12659,train,False
12660,train,False
12661,test,False
12662,validation,False
12663,test,False
12664,train,True
12665,train,False
12666,train,False
12667,test,False
12668,test,False
12669,train,True
12670,validation,False
12671,train,False
12672,train,False
12673,train,True
12674,validation,False
12675,train,True
12676,train,False
12677,train,True
12678,test,False
12679,train,True
12680,train,True
12681,train,True
12682,test,False
12683,test,False
12684,validation,False
12685,test,False
12686,validation,False
12687,train,True
12688,test,False
12689,test,False
12690,validation,False
12691,train,True
12692,train,True
12693,train,True
12694,train,True
12695,test,False
12696,test,False
12697,test,False
12698,validation,False
12699,train,True
12700,train,True
12701,train,True
12702,train,False
12703,train,False
12704,train,False
12705,test,False
12706,validation,False
12707,validation,False
12708,validation,False
12709,train,False
12710,train,True
12711,validation,False
12712,validation,False
12713,train,True
12714,train,False
12715,train,True
12716,validation,False
12717,train,False
12718,test,False
12719,validation,False
12720,train,True
12721,train,True
12722,train,True
12723,train,True
12724,test,False
12725,validation,False
12726,train,False
12727,test,False
12728,train,True
12729,train,True
12730,train,False
12731,train,True
12732,validation,False
12733,validation,False
12734,train,True
12735,train,True
12736,validation,False
12737,test,False
12738,train,True
12739,test,False
12740,train,True
12741,test,False
12742,train,False
12743,train,False
12744,train,True
12745,train,True
12746,test,False
12747,train,False
12748,validation,False
12749,train,True
12750,test,False
12751,validation,False
12752,test,False
12753,test,False
12754,validation,False
12755,validation,False
12756,test,False
12757,train,True
12758,train,True
12759,train,True
12760,train,True
12761,train,False
12762,train,False
12763,validation,False
12764,train,True
12765,train,True
12766,train,False
12767,train,True
12768,train,False
12769,test,False
12770,test,False
12771,train,False
12772,train,False
12773,train,True
12774,train,True
12775,train,True
12776,train,False
12777,train,True
12778,test,False
12779,train,True
12780,test,False
12781,validation,False
12782,train,True
12783,train,True
12784,train,False
12785,train,True
12786,validation,False
12787,train,False
12788,validation,False
12789,validation,False
12790,train,True
12791,validation,False
12792,test,False
12793,test,False
12794,validation,False
12795,train,True
12796,train,False
12797,train,False
12798,validation,False
12799,train,True
12800,train,True
12801,train,True
12802,validation,False
12803,train,True
12804,train,True
12805,train,False
12806,train,True
12807,validation,False
12808,test,False
12809,train,False
12810,train,False
12811,train,True
12812,train,True
12813,validation,False
12814,train,False
12815,train,True
12816,train,False
12817,test,False
12818,train,True
12819,train,True
12820,train,True
12821,test,False
12822,train,False
12823,test,False
12824,train,True
12825,test,False
12826,train,True
12827,test,False
12828,train,True
12829,train,False
12830,test,False
12831,validation,False
12832,train,True
12833,train,True
12834,train,False
12835,train,True
12836,test,False
12837,validation,False
12838,train,True
12839,train,True
12840,train,True
12841,train,False
12842,train,True
12843,train,True
12844,train,True
12845,test,False
12846,train,False
12847,train,True
12848,train,True
12849,train,False
12850,train,True
12851,train,False
12852,train,True
12853,train,False
12854,train,False
12855,train,False
12856,train,True
12857,train,True
12858,train,False
12859,validation,False
12860,train,True
12861,train,True
12862,train,True
12863,validation,False
12864,validation,False
12865,train,True
12866,validation,False
12867,train,True
12868,test,False
12869,train,False
12870,test,False
12871,test,False
12872,validation,False
12873,test,False
12874,validation,False
12875,train,True
12876,train,True
12877,train,False
12878,train,True
12879,validation,False
12880,train,True
12881,validation,False
12882,train,True
12883,train,False
12884,train,True
12885,validation,False
12886,train,True
12887,train,True
12888,validation,False
12889,train,False
12890,train,True
12891,train,False
12892,train,True
12893,validation,False
12894,train,False
12895,train,True
12896,train,False
12897,train,False
12898,train,True
12899,train,True
12900,train,False
12901,train,False
12902,train,True
12903,validation,False
12904,train,True
12905,test,False
12906,train,False
12907,test,False
12908,train,True
12909,train,True
12910,train,True
12911,train,True
12912,test,False
12913,validation,False
12914,train,True
12915,validation,False
12916,test,False
12917,train,True
12918,train,True
12919,validation,False
12920,train,True
12921,train,False
12922,train,True
12923,validation,False
12924,train,True
12925,train,True
12926,train,True
12927,train,False
12928,test,False
12929,train,True
12930,validation,False
12931,validation,False
12932,train,True
12933,validation,False
12934,test,False
12935,train,True
12936,validation,False
12937,train,True
12938,train,True
12939,train,True
12940,train,False
12941,train,False
12942,test,False
12943,test,False
12944,train,True
12945,train,True
12946,test,False
12947,train,False
12948,validation,False
12949,test,False
12950,train,False
12951,train,True
12952,test,False
12953,test,False
12954,train,True
12955,train,False
12956,validation,False
12957,train,False
12958,test,False
12959,train,True
12960,validation,False
12961,validation,False
12962,train,True
12963,train,True
12964,validation,False
12965,train,True
12966,validation,False
12967,test,False
12968,train,True
12969,test,False
12970,train,True
12971,test,False
12972,train,False
12973,train,False
12974,train,True
12975,test,False
12976,validation,False
12977,train,True
12978,train,True
12979,validation,False
12980,train,False
12981,train,False
12982,validation,False
12983,train,False
12984,train,True
12985,test,False
12986,train,True
12987,train,False
12988,train,True
12989,train,True
12990,train,True
12991,validation,False
12992,train,True
12993,validation,False
12994,test,False
12995,validation,False
12996,train,False
12997,validation,False
12998,test,False
12999,train,True
13000,validation,False
13001,train,False
13002,train,True
13003,train,True
13004,validation,False
13005,validation,False
13006,test,False
13007,train,True
13008,test,False
13009,train,True
13010,train,False
13011,test,False
13012,train,True
13013,test,False
13014,test,False
13015,train,False
13016,test,False
13017,train,True
13018,train,False
13019,train,True
13020,train,True
13021,train,True
13022,train,True
13023,train,True
13024,test,False
13025,validation,False
13026,test,False
13027,validation,False
13028,train,True
13029,train,True
13030,train,True
13031,train,True
13032,test,False
13033,validation,False
13034,validation,False
13035,train,True
13036,train,False
13037,validation,False
13038,train,False
13039,train,True
13040,train,True
13041,train,False
13042,train,True
13043,train,True
13044,train,False
13045,train,True
13046,train,False
13047,train,True
13048,train,False
13049,train,True
13050,test,False
13051,test,False
13052,test,False
13053,train,True
13054,train,False
13055,train,False
13056,test,False
13057,train,True
13058,train,True
13059,validation,False
13060,train,False
13061,train,False
13062,validation,False
13063,train,True
13064,train,True
13065,train,True
13066,validation,False
13067,train,True
13068,train,False
13069,train,True
13070,test,False
13071,train,False
13072,validation,False
13073,validation,False
13074,train,True
13075,train,True
13076,test,False
13077,train,True
13078,train,True
13079,train,False
13080,test,False
13081,validation,False
13082,train,True
13083,train,True
13084,train,True
13085,train,True
13086,train,True
13087,train,True
13088,train,False
13089,test,False
13090,validation,False
13091,train,True
13092,train,True
13093,test,False
13094,test,False
13095,train,True
13096,train,True
13097,train,True
13098,train,False
13099,validation,False
13100,validation,False
13101,validation,False
13102,test,False
13103,validation,False
13104,test,False
13105,validation,False
13106,train,True
13107,validation,False
13108,train,True
13109,test,False
13110,train,False
13111,train,True
13112,train,False
13113,train,True
13114,train,True
13115,train,True
13116,validation,False
13117,validation,False
13118,train,False
13119,train,True
13120,test,False
13121,train,True
13122,train,False
13123,train,True
13124,validation,False
13125,validation,False
13126,train,True
13127,train,False
13128,train,True
13129,test,False
13130,train,True
13131,test,False
13132,test,False
13133,train,True
13134,test,False
13135,train,False
13136,train,False
13137,train,True
13138,test,False
13139,train,True
13140,train,True
13141,test,False
13142,train,True
13143,test,False
13144,test,False
13145,train,False
13146,validation,False
13147,train,True
13148,train,True
13149,test,False
13150,train,True
13151,train,True
13152,train,True
13153,test,False
13154,test,False
13155,train,False
13156,train,True
13157,validation,False
13158,validation,False
13159,train,True
13160,train,True
13161,validation,False
13162,train,True
13163,train,True
13164,train,True
13165,train,False
13166,train,True
13167,train,True
13168,validation,False
13169,train,True
13170,train,False
13171,train,True
13172,train,False
13173,validation,False
13174,validation,False
13175,test,False
13176,train,False
13177,train,True
13178,validation,False
13179,test,False
13180,test,False
13181,validation,False
13182,validation,False
13183,validation,False
13184,train,True
13185,train,False
13186,train,False
13187,train,False
13188,train,False
13189,train,True
13190,train,True
13191,train,False
13192,test,False
13193,train,True
13194,validation,False
13195,test,False
13196,train,False
13197,train,False
13198,test,False
13199,train,False
13200,validation,False
13201,train,True
13202,train,True
13203,train,True
13204,train,True
13205,test,False
13206,train,True
13207,train,True
13208,test,False
13209,validation,False
13210,train,True
13211,train,True
13212,train,True
13213,test,False
13214,validation,False
13215,train,True
13216,train,True
13217,train,True
13218,train,True
13219,train,True
13220,test,False
13221,test,False
13222,train,True
13223,test,False
13224,train,True
13225,train,True
13226,train,True
13227,train,False
13228,validation,False
13229,test,False
13230,validation,False
13231,test,False
13232,test,False
13233,validation,False
13234,train,True
13235,train,False
13236,train,True
13237,validation,False
13238,train,False
13239,train,True
13240,test,False
13241,train,True
13242,validation,False
13243,test,False
13244,train,True
13245,train,True
13246,train,True
13247,validation,False
13248,train,True
13249,train,True
13250,train,True
13251,train,True
13252,train,True
13253,train,True
13254,validation,False
13255,validation,False
13256,test,False
13257,train,True
13258,validation,False
13259,train,True
13260,validation,False
13261,test,False
13262,train,False
13263,train,False
13264,test,False
13265,train,True
13266,test,False
13267,train,True
13268,train,True
13269,validation,False
13270,train,True
13271,train,False
13272,test,False
13273,train,True
13274,train,True
13275,train,True
13276,train,False
13277,validation,False
13278,validation,False
13279,validation,False
13280,test,False
13281,test,False
13282,train,True
13283,train,True
13284,test,False
13285,train,True
13286,train,True
13287,train,False
13288,train,True
13289,train,True
13290,train,True
13291,test,False
13292,train,True
13293,test,False
13294,train,True
13295,test,False
13296,train,True
13297,train,True
13298,validation,False
13299,validation,False
13300,train,True
13301,train,False
13302,test,False
13303,train,False
13304,train,False
13305,train,True
13306,train,True
13307,train,True
13308,validation,False
13309,validation,False
13310,train,True
13311,train,True
13312,validation,False
13313,test,False
13314,train,True
13315,test,False
13316,train,True
13317,validation,False
13318,test,False
13319,train,True
13320,test,False
13321,train,False
13322,train,True
13323,train,True
13324,train,False
13325,validation,False
13326,test,False
13327,test,False
13328,test,False
13329,train,False
13330,test,False
13331,test,False
13332,validation,False
13333,test,False
13334,train,False
13335,train,False
13336,test,False
13337,train,False
13338,train,True
13339,train,True
13340,test,False
13341,validation,False
13342,validation,False
13343,train,False
13344,test,False
13345,validation,False
13346,train,False
13347,test,False
13348,train,False
13349,train,False
13350,test,False
13351,train,False
13352,test,False
13353,train,True
13354,train,False
13355,validation,False
13356,test,False
13357,test,False
13358,train,True
13359,test,False
13360,validation,False
13361,train,True
13362,train,False
13363,test,False
13364,validation,False
13365,train,True
13366,test,False
13367,train,True
13368,train,False
13369,train,True
13370,test,False
13371,test,False
13372,train,True
13373,validation,False
13374,train,False
13375,test,False
13376,test,False
13377,validation,False
13378,train,True
13379,train,True
13380,train,False
13381,train,True
13382,train,True
13383,test,False
13384,train,True
13385,test,False
13386,validation,False
13387,test,False
13388,validation,False
13389,train,True
13390,train,True
13391,train,False
13392,train,True
13393,train,True
13394,test,False
13395,train,False
13396,test,False
13397,validation,False
13398,train,True
13399,train,False
13400,train,True
13401,train,True
13402,validation,False
13403,train,True
13404,train,True
13405,validation,False
13406,train,False
13407,train,True
13408,validation,False
13409,validation,False
13410,test,False
13411,train,True
13412,train,True
13413,test,False
13414,validation,False
13415,train,True
13416,train,True
13417,train,False
13418,train,True
13419,validation,False
13420,train,True
13421,train,True
13422,train,False
13423,train,True
13424,train,True
13425,test,False
13426,train,True
13427,test,False
13428,train,True
13429,train,True
13430,train,True
13431,train,True
13432,train,True
13433,validation,False
13434,train,False
13435,test,False
13436,train,False
13437,test,False
13438,train,True
13439,validation,False
13440,validation,False
13441,validation,False
13442,test,False
13443,validation,False
13444,train,True
13445,validation,False
13446,train,False
13447,train,True
13448,train,True
13449,validation,False
13450,train,False
13451,train,False
13452,train,False
13453,validation,False
13454,validation,False
13455,train,True
13456,train,True
13457,train,True
13458,train,False
13459,train,True
13460,train,False
13461,train,False
13462,validation,False
13463,train,True
13464,validation,False
13465,validation,False
13466,validation,False
13467,train,True
13468,train,False
13469,train,False
13470,train,False
13471,validation,False
13472,test,False
13473,train,True
13474,train,True
13475,train,True
13476,train,False
13477,train,True
13478,train,True
13479,validation,False
13480,validation,False
13481,test,False
13482,train,True
13483,train,True
13484,test,False
13485,test,False
13486,train,True
13487,train,True
13488,train,False
13489,train,True
13490,train,True
13491,train,False
13492,validation,False
13493,test,False
13494,test,False
13495,train,True
13496,train,True
13497,test,False
13498,validation,False
13499,validation,False
13500,validation,False
13501,validation,False
13502,validation,False
13503,validation,False
13504,train,True
13505,test,False
13506,test,False
13507,train,False
13508,train,True
13509,train,True
13510,train,True
13511,train,False
13512,test,False
13513,train,True
13514,train,True
13515,train,False
13516,train,True
13517,test,False
13518,validation,False
13519,validation,False
13520,train,True
13521,test,False
13522,train,True
13523,train,True
13524,validation,False
13525,train,False
13526,validation,False
13527,train,True
13528,validation,False
13529,test,False
13530,validation,False
13531,train,True
13532,train,True
13533,train,True
13534,validation,False
13535,test,False
13536,train,False
13537,test,False
13538,train,False
13539,validation,False
13540,train,True
13541,train,True
13542,train,False
13543,train,True
13544,train,True
13545,train,False
13546,validation,False
13547,train,False
13548,train,True
13549,validation,False
13550,validation,False
13551,train,True
13552,test,False
13553,train,False
13554,train,True
13555,train,True
13556,train,True
13557,test,False
13558,validation,False
13559,test,False
13560,train,True
13561,validation,False
13562,train,True
13563,test,False
13564,validation,False
13565,train,False
13566,train,True
13567,train,False
13568,train,False
13569,train,True
13570,test,False
13571,train,False
13572,train,True
13573,train,True
13574,validation,False
13575,validation,False
13576,test,False
13577,train,True
13578,train,True
13579,train,False
13580,train,False
13581,test,False
13582,test,False
13583,test,False
13584,train,True
13585,validation,False
13586,validation,False
13587,validation,False
13588,train,True
13589,validation,False
13590,train,True
13591,train,True
13592,test,False
13593,train,False
13594,train,True
13595,train,True
13596,test,False
13597,train,False
13598,test,False
13599,train,True
13600,train,True
13601,train,True
13602,train,True
13603,train,False
13604,validation,False
13605,train,True
13606,train,False
13607,validation,False
13608,train,False
13609,validation,False
13610,train,False
13611,train,True
13612,validation,False
13613,test,False
13614,test,False
13615,train,True
13616,train,False
13617,train,True
13618,train,True
13619,test,False
13620,train,True
13621,train,True
13622,train,False
13623,train,True
13624,validation,False
13625,train,False
13626,validation,False
13627,train,True
13628,train,True
13629,train,True
13630,train,True
13631,train,False
13632,train,True
13633,train,False
13634,test,False
13635,test,False
13636,train,True
13637,train,True
13638,test,False
13639,train,True
13640,train,True
13641,train,True
13642,train,True
13643,test,False
13644,validation,False
13645,train,False
13646,train,False
13647,test,False
13648,train,False
13649,train,True
13650,train,True
13651,validation,False
13652,test,False
13653,train,False
13654,test,False
13655,train,True
13656,validation,False
13657,train,True
13658,train,False
13659,test,False
13660,validation,False
13661,test,False
13662,validation,False
13663,train,True
13664,train,True
13665,test,False
13666,train,True
13667,train,True
13668,test,False
13669,train,True
13670,validation,False
13671,test,False
13672,train,False
13673,train,False
13674,test,False
13675,train,False
13676,train,True
13677,train,False
13678,train,True
13679,train,False
13680,train,False
13681,test,False
13682,test,False
13683,train,True
13684,train,False
13685,train,True
13686,validation,False
13687,train,False
13688,train,True
13689,train,True
13690,validation,False
13691,train,True
13692,train,True
13693,test,False
13694,validation,False
13695,validation,False
13696,train,False
13697,train,True
13698,test,False
13699,train,False
13700,train,True
13701,test,False
13702,validation,False
13703,test,False
13704,validation,False
13705,train,True
13706,train,True
13707,validation,False
13708,train,True
13709,train,False
13710,train,False
13711,train,True
13712,train,True
13713,train,True
13714,validation,False
13715,train,True
13716,train,True
13717,validation,False
13718,test,False
13719,test,False
13720,test,False
13721,train,True
13722,train,True
13723,validation,False
13724,validation,False
13725,validation,False
13726,validation,False
13727,train,True
13728,train,True
13729,train,True
13730,train,True
13731,test,False
13732,train,False
13733,train,False
13734,test,False
13735,test,False
13736,train,True
13737,test,False
13738,train,True
13739,train,True
13740,validation,False
13741,test,False
13742,train,True
13743,train,True
13744,test,False
13745,validation,False
13746,test,False
13747,test,False
13748,test,False
13749,test,False
13750,test,False
13751,validation,False
13752,test,False
13753,test,False
13754,validation,False
13755,validation,False
13756,train,False
13757,test,False
13758,validation,False
13759,validation,False
13760,train,False
13761,train,True
13762,validation,False
13763,test,False
13764,train,True
13765,train,True
13766,train,True
13767,validation,False
13768,train,True
13769,test,False
13770,train,True
13771,test,False
13772,train,False
13773,train,False
13774,train,True
13775,test,False
13776,train,True
13777,validation,False
13778,validation,False
13779,validation,False
13780,train,True
13781,train,True
13782,train,True
13783,train,False
13784,train,True
13785,validation,False
13786,train,False
13787,validation,False
13788,validation,False
13789,train,True
13790,validation,False
13791,train,True
13792,train,False
13793,train,True
13794,validation,False
13795,test,False
13796,train,True
13797,train,True
13798,validation,False
13799,test,False
13800,train,True
13801,train,True
13802,train,True
13803,train,False
13804,train,True
13805,test,False
13806,test,False
13807,validation,False
13808,test,False
13809,train,True
13810,train,True
13811,train,False
13812,train,True
13813,test,False
13814,train,True
13815,test,False
13816,validation,False
13817,train,False
13818,train,False
13819,test,False
13820,test,False
13821,train,False
13822,validation,False
13823,train,False
13824,test,False
13825,validation,False
13826,train,False
13827,train,True
13828,test,False
13829,train,True
13830,validation,False
13831,train,True
13832,train,True
13833,train,True
13834,train,True
13835,test,False
13836,validation,False
13837,test,False
13838,train,True
13839,test,False
13840,train,True
13841,train,True
13842,test,False
13843,train,False
13844,train,True
13845,validation,False
13846,train,True
13847,train,True
13848,test,False
13849,train,False
13850,train,True
13851,train,True
13852,train,True
13853,train,True
13854,test,False
13855,test,False
13856,test,False
13857,validation,False
13858,train,True
13859,test,False
13860,train,False
13861,validation,False
13862,train,False
13863,train,True
13864,test,False
13865,train,False
13866,train,True
13867,train,False
13868,test,False
13869,test,False
13870,validation,False
13871,train,True
13872,train,True
13873,train,False
13874,test,False
13875,train,False
13876,validation,False
13877,train,False
13878,test,False
13879,train,True
13880,train,False
13881,validation,False
13882,validation,False
13883,validation,False
13884,train,True
13885,test,False
13886,validation,False
13887,train,True
13888,train,True
13889,test,False
13890,validation,False
13891,train,True
13892,test,False
13893,validation,False
13894,train,True
13895,test,False
13896,train,True
13897,train,True
13898,validation,False
13899,validation,False
13900,test,False
13901,train,True
13902,train,True
13903,train,True
13904,test,False
13905,test,False
13906,test,False
13907,train,True
13908,train,True
13909,train,True
13910,validation,False
13911,test,False
13912,train,False
13913,train,False
13914,train,True
13915,validation,False
13916,validation,False
13917,train,True
13918,validation,False
13919,train,True
13920,train,False
13921,train,False
13922,test,False
13923,train,True
13924,train,False
13925,validation,False
13926,validation,False
13927,train,False
13928,train,True
13929,train,True
13930,validation,False
13931,train,True
13932,train,True
13933,train,False
13934,train,True
13935,train,False
13936,train,False
13937,test,False
13938,train,True
13939,train,False
13940,test,False
13941,test,False
13942,test,False
13943,train,False
13944,test,False
13945,test,False
13946,train,True
13947,validation,False
13948,train,True
13949,train,True
13950,train,True
13951,train,True
13952,train,False
13953,train,True
13954,test,False
13955,train,True
13956,train,True
13957,train,True
13958,validation,False
13959,validation,False
13960,train,True
13961,validation,False
13962,test,False
13963,train,True
13964,test,False
13965,train,True
13966,train,True
13967,train,False
13968,train,True
13969,train,True
13970,train,True
13971,validation,False
13972,test,False
13973,train,True
13974,test,False
13975,train,False
13976,train,True
13977,train,False
13978,test,False
13979,train,True
13980,test,False
13981,test,False
13982,validation,False
13983,validation,False
13984,train,True
13985,train,True
13986,test,False
13987,test,False
13988,train,True
13989,train,True
13990,train,False
13991,test,False
13992,train,True
13993,train,False
13994,train,False
13995,train,True
13996,train,False
13997,test,False
13998,train,True
13999,train,True
14000,train,True
14001,train,True
14002,test,False
14003,test,False
14004,train,False
14005,test,False
14006,train,True
14007,train,True
14008,test,False
14009,train,True
14010,test,False
14011,train,True
14012,train,True
14013,validation,False
14014,validation,False
14015,train,True
14016,validation,False
14017,validation,False
14018,train,False
14019,train,True
14020,train,False
14021,train,False
14022,train,True
14023,train,True
14024,train,True
14025,train,True
14026,test,False
14027,train,False
14028,validation,False
14029,train,False
14030,validation,False
14031,train,True
14032,train,False
14033,train,True
14034,train,False
14035,train,False
14036,validation,False
14037,train,True
14038,train,True
14039,train,True
14040,train,True
14041,train,True
14042,validation,False
14043,validation,False
14044,train,True
14045,validation,False
14046,validation,False
14047,train,True
14048,test,False
14049,train,True
14050,train,True
14051,test,False
14052,validation,False
14053,train,True
14054,train,False
14055,train,False
14056,train,False
14057,train,True
14058,validation,False
14059,train,True
14060,train,True
14061,train,True
14062,validation,False
14063,train,False
14064,train,True
14065,train,True
14066,train,True
14067,train,True
14068,test,False
14069,train,False
14070,train,True
14071,train,True
14072,validation,False
14073,train,False
14074,validation,False
14075,train,False
14076,test,False
14077,test,False
14078,train,False
14079,test,False
14080,train,True
14081,train,False
14082,test,False
14083,test,False
14084,train,True
14085,validation,False
14086,validation,False
14087,validation,False
14088,train,True
14089,test,False
14090,train,True
14091,train,True
14092,train,True
14093,train,True
14094,train,False
14095,train,False
14096,validation,False
14097,test,False
14098,train,True
14099,train,False
14100,train,False
14101,train,True
14102,train,False
14103,train,True
14104,test,False
14105,validation,False
14106,train,True
14107,train,True
14108,test,False
14109,test,False
14110,train,True
14111,train,False
14112,test,False
14113,test,False
14114,test,False
14115,train,False
14116,validation,False
14117,train,True
14118,train,False
14119,train,True
14120,train,True
14121,train,True
14122,train,True
14123,train,True
14124,train,True
14125,test,False
14126,train,True
14127,validation,False
14128,train,False
14129,train,False
14130,test,False
14131,validation,False
14132,train,False
14133,train,True
14134,validation,False
14135,train,True
14136,validation,False
14137,train,False
14138,train,True
14139,validation,False
14140,train,True
14141,train,True
14142,test,False
14143,test,False
14144,train,True
14145,validation,False
14146,validation,False
14147,train,True
14148,train,False
14149,train,True
14150,validation,False
14151,train,True
14152,train,True
14153,validation,False
14154,validation,False
14155,train,True
14156,validation,False
14157,validation,False
14158,train,False
14159,train,True
14160,train,False
14161,test,False
14162,validation,False
14163,train,True
14164,train,True
14165,train,True
14166,train,True
14167,train,True
14168,train,True
14169,validation,False
14170,train,True
14171,train,True
14172,train,True
14173,train,True
14174,train,True
14175,train,False
14176,train,False
14177,test,False
14178,train,False
14179,validation,False
14180,train,True
14181,train,True
14182,train,True
14183,test,False
14184,train,True
14185,validation,False
14186,train,True
14187,train,True
14188,validation,False
14189,train,False
14190,train,True
14191,train,True
14192,validation,False
14193,train,False
14194,train,True
14195,test,False
14196,validation,False
14197,test,False
14198,train,False
14199,train,True
14200,test,False
14201,train,True
14202,test,False
14203,train,False
14204,train,True
14205,train,True
14206,train,True
14207,test,False
14208,test,False
14209,train,False
14210,train,True
14211,train,True
14212,train,True
14213,train,True
14214,train,False
14215,validation,False
14216,train,False
14217,train,True
14218,test,False
14219,train,False
14220,test,False
14221,train,False
14222,train,False
14223,train,True
14224,test,False
14225,test,False
14226,train,True
14227,validation,False
14228,train,True
14229,train,False
14230,train,True
14231,train,True
14232,validation,False
14233,validation,False
14234,test,False
14235,test,False
14236,train,True
14237,validation,False
14238,train,True
14239,train,False
14240,train,False
14241,train,False
14242,validation,False
14243,test,False
14244,train,False
14245,train,True
14246,train,True
14247,validation,False
14248,train,False
14249,train,False
14250,validation,False
14251,test,False
14252,train,False
14253,train,True
14254,test,False
14255,train,True
14256,train,True
14257,train,True
14258,train,True
14259,validation,False
14260,train,False
14261,validation,False
14262,train,True
14263,train,True
14264,validation,False
14265,validation,False
14266,train,True
14267,train,True
14268,train,True
14269,train,True
14270,train,True
14271,train,False
14272,train,True
14273,train,False
14274,train,True
14275,test,False
14276,train,True
14277,train,False
14278,validation,False
14279,train,True
14280,validation,False
14281,validation,False
14282,train,True
14283,train,False
14284,train,True
14285,train,True
14286,train,False
14287,train,True
14288,train,False
14289,train,False
14290,test,False
14291,train,False
14292,train,True
14293,validation,False
14294,validation,False
14295,test,False
14296,train,True
14297,train,True
14298,validation,False
14299,test,False
14300,train,True
14301,train,False
14302,train,True
14303,train,True
14304,train,True
14305,validation,False
14306,train,False
14307,train,False
14308,train,True
14309,train,True
14310,train,False
14311,train,False
14312,test,False
14313,train,True
14314,train,True
14315,train,False
14316,train,True
14317,validation,False
14318,validation,False
14319,train,False
14320,train,True
14321,train,True
14322,test,False
14323,test,False
14324,train,True
14325,train,True
14326,train,True
14327,train,False
14328,train,True
14329,train,False
14330,train,True
14331,train,True
14332,train,False
14333,train,True
14334,test,False
14335,train,False
14336,test,False
14337,train,False
14338,test,False
14339,train,True
14340,test,False
14341,train,False
14342,train,True
14343,train,True
14344,train,True
14345,train,True
14346,train,False
14347,train,True
14348,train,False
14349,train,False
14350,train,True
14351,test,False
14352,train,True
14353,train,False
14354,test,False
14355,test,False
14356,train,True
14357,train,True
14358,train,True
14359,train,True
14360,train,True
14361,validation,False
14362,train,True
14363,train,True
14364,test,False
14365,test,False
14366,train,True
14367,validation,False
14368,test,False
14369,validation,False
14370,train,True
14371,train,True
14372,train,True
14373,test,False
14374,test,False
14375,train,False
14376,validation,False
14377,validation,False
14378,test,False
14379,validation,False
14380,test,False
14381,train,True
14382,test,False
14383,train,True
14384,test,False
14385,train,True
14386,train,True
14387,train,False
14388,test,False
14389,train,True
14390,train,True
14391,test,False
14392,train,True
14393,train,True
14394,test,False
14395,train,False
14396,train,False
14397,validation,False
14398,train,True
14399,validation,False
14400,train,True
14401,validation,False
14402,train,True
14403,validation,False
14404,test,False
14405,validation,False
14406,train,True
14407,train,True
14408,train,False
14409,validation,False
14410,validation,False
14411,train,False
14412,validation,False
14413,validation,False
14414,validation,False
14415,train,True
14416,train,True
14417,train,False
14418,train,False
14419,test,False
14420,validation,False
14421,train,False
14422,train,True
14423,validation,False
14424,validation,False
14425,test,False
14426,test,False
14427,train,True
14428,validation,False
14429,test,False
14430,train,True
14431,train,True
14432,test,False
14433,test,False
14434,train,False
14435,validation,False
14436,train,True
14437,validation,False
14438,train,True
14439,train,False
14440,train,False
14441,train,True
14442,train,False
14443,train,True
14444,validation,False
14445,test,False
14446,train,True
14447,validation,False
14448,validation,False
14449,train,False
14450,train,True
14451,test,False
14452,train,True
14453,validation,False
14454,validation,False
14455,train,True
14456,train,False
14457,train,False
14458,train,False
14459,test,False
14460,train,False
14461,test,False
14462,train,True
14463,test,False
14464,train,False
14465,train,True
14466,test,False
14467,train,True
14468,train,True
14469,test,False
14470,test,False
14471,train,False
14472,train,False
14473,train,True
14474,train,False
14475,validation,False
14476,test,False
14477,test,False
14478,train,True
14479,train,True
14480,train,False
14481,train,True
14482,validation,False
14483,train,True
14484,test,False
14485,test,False
14486,train,True
14487,validation,False
14488,test,False
14489,train,True
14490,test,False
14491,train,False
14492,train,True
14493,train,True
14494,train,True
14495,train,True
14496,train,False
14497,validation,False
14498,train,True
14499,train,True
14500,train,False
14501,validation,False
14502,test,False
14503,train,True
14504,train,True
14505,train,True
14506,test,False
14507,validation,False
14508,test,False
14509,train,False
14510,validation,False
14511,train,True
14512,train,False
14513,train,True
14514,train,True
14515,test,False
14516,test,False
14517,train,True
14518,train,True
14519,train,False
14520,train,True
14521,validation,False
14522,train,False
14523,test,False
14524,test,False
14525,train,False
14526,train,True
14527,train,False
14528,train,True
14529,validation,False
14530,validation,False
14531,test,False
14532,test,False
14533,test,False
14534,train,True
14535,train,True
14536,train,True
14537,train,True
14538,train,False
14539,train,False
14540,train,True
14541,validation,False
14542,test,False
14543,test,False
14544,train,True
14545,validation,False
14546,train,False
14547,train,True
14548,train,True
14549,train,True
14550,train,True
14551,test,False
14552,test,False
14553,validation,False
14554,train,False
14555,train,True
14556,test,False
14557,train,False
14558,test,False
14559,train,True
14560,train,False
14561,train,True
14562,train,True
14563,validation,False
14564,validation,False
14565,validation,False
14566,train,True
14567,train,False
14568,train,True
14569,validation,False
14570,train,True
14571,test,False
14572,test,False
14573,train,True
14574,train,True
14575,validation,False
14576,train,True
14577,train,True
14578,validation,False
14579,train,True
14580,train,True
14581,train,False
14582,train,False
14583,train,True
14584,validation,False
14585,validation,False
14586,train,True
14587,train,False
14588,train,True
14589,train,False
14590,train,True
14591,validation,False
14592,train,True
14593,train,True
14594,train,True
14595,validation,False
14596,train,False
14597,test,False
14598,test,False
14599,validation,False
14600,test,False
14601,train,True
14602,test,False
14603,train,True
14604,train,False
14605,validation,False
14606,train,False
14607,validation,False
14608,train,True
14609,train,True
14610,validation,False
14611,train,True
14612,train,True
14613,train,False
14614,train,True
14615,train,False
14616,validation,False
14617,train,True
14618,test,False
14619,train,False
14620,validation,False
14621,train,True
14622,train,True
14623,test,False
14624,train,True
14625,validation,False
14626,validation,False
14627,test,False
14628,train,True
14629,train,False
14630,train,True
14631,test,False
14632,train,True
14633,validation,False
14634,train,False
14635,train,False
14636,validation,False
14637,train,False
14638,validation,False
14639,train,True
14640,train,True
14641,train,True
14642,test,False
14643,train,True
14644,test,False
14645,validation,False
14646,train,False
14647,train,True
14648,train,False
14649,train,False
14650,train,True
14651,validation,False
14652,train,True
14653,validation,False
14654,train,True
14655,test,False
14656,validation,False
14657,train,True
14658,train,True
14659,train,False
14660,train,True
14661,train,True
14662,train,True
14663,test,False
14664,test,False
14665,train,True
14666,train,False
14667,train,True
14668,train,True
14669,train,True
14670,validation,False
14671,train,True
14672,validation,False
14673,train,True
14674,train,True
14675,validation,False
14676,train,True
14677,validation,False
14678,test,False
14679,test,False
14680,train,True
14681,validation,False
14682,validation,False
14683,test,False
14684,train,True
14685,test,False
14686,train,False
14687,train,False
14688,validation,False
14689,test,False
14690,train,False
14691,validation,False
14692,train,False
14693,train,True
14694,train,True
14695,train,True
14696,train,False
14697,test,False
14698,train,True
14699,train,False
14700,test,False
14701,test,False
14702,train,True
14703,train,True
14704,test,False
14705,validation,False
14706,train,True
14707,validation,False
14708,train,False
14709,test,False
14710,train,True
14711,test,False
14712,train,True
14713,train,True
14714,train,False
14715,train,True
14716,train,False
14717,train,True
14718,train,False
14719,train,True
14720,train,True
14721,test,False
14722,test,False
14723,test,False
14724,validation,False
14725,train,True
14726,train,False
14727,train,True
14728,test,False
14729,train,True
14730,validation,False
14731,train,True
14732,train,True
14733,train,True
14734,test,False
14735,train,True
14736,train,True
14737,train,True
14738,test,False
14739,train,True
14740,train,True
14741,train,True
14742,train,True
14743,train,True
14744,validation,False
14745,train,True
14746,train,False
14747,train,True
14748,train,True
14749,train,True
14750,train,True
14751,train,True
14752,train,True
14753,test,False
14754,test,False
14755,train,False
14756,train,True
14757,train,True
14758,validation,False
14759,train,True
14760,train,True
14761,validation,False
14762,test,False
14763,train,True
14764,test,False
14765,train,True
14766,train,True
14767,validation,False
14768,train,True
14769,train,True
14770,train,False
14771,validation,False
14772,train,False
14773,train,True
14774,train,True
14775,train,True
14776,validation,False
14777,train,False
14778,train,True
14779,train,True
14780,train,True
14781,validation,False
14782,train,True
14783,train,True
14784,test,False
14785,test,False
14786,validation,False
14787,train,False
14788,validation,False
14789,validation,False
14790,validation,False
14791,train,True
14792,test,False
14793,validation,False
14794,train,True
14795,train,True
14796,validation,False
14797,test,False
14798,validation,False
14799,train,True
14800,train,True
14801,train,True
14802,test,False
14803,validation,False
14804,train,True
14805,train,False
14806,test,False
14807,test,False
14808,train,False
14809,train,True
14810,test,False
14811,validation,False
14812,test,False
14813,train,True
14814,train,True
14815,train,False
14816,test,False
14817,test,False
14818,train,True
14819,train,True
14820,validation,False
14821,test,False
14822,train,False
14823,train,False
14824,train,True
14825,train,True
14826,train,True
14827,validation,False
14828,validation,False
14829,test,False
14830,train,True
14831,train,True
14832,validation,False
14833,train,False
14834,test,False
14835,train,True
14836,test,False
14837,validation,False
14838,validation,False
14839,train,True
14840,train,True
14841,validation,False
14842,train,True
14843,validation,False
14844,test,False
14845,train,True
14846,test,False
14847,test,False
14848,train,True
14849,validation,False
14850,test,False
14851,validation,False
14852,train,False
14853,validation,False
14854,train,True
14855,train,False
14856,train,True
14857,test,False
14858,train,False
14859,train,False
14860,validation,False
14861,train,True
14862,test,False
14863,test,False
14864,test,False
14865,validation,False
14866,train,True
14867,train,False
14868,test,False
14869,train,True
14870,train,True
14871,test,False
14872,train,False
14873,test,False
14874,train,True
14875,train,True
14876,train,False
14877,test,False
14878,test,False
14879,train,True
14880,train,True
14881,train,True
14882,test,False
14883,validation,False
14884,train,True
14885,train,True
14886,test,False
14887,test,False
14888,validation,False
14889,validation,False
14890,train,True
14891,validation,False
14892,train,True
14893,train,True
14894,train,False
14895,test,False
14896,validation,False
14897,train,True
14898,train,True
14899,train,True
14900,train,True
14901,validation,False
14902,train,False
14903,test,False
14904,test,False
14905,train,False
14906,train,True
14907,train,False
14908,train,True
14909,train,True
14910,train,True
14911,validation,False
14912,train,False
14913,test,False
14914,train,True
14915,train,False
14916,validation,False
14917,validation,False
14918,validation,False
14919,train,True
14920,train,True
14921,train,True
14922,test,False
14923,train,False
14924,train,False
14925,train,True
14926,train,False
14927,train,True
14928,test,False
14929,train,True
14930,test,False
14931,validation,False
14932,test,False
14933,train,False
14934,train,False
14935,train,True
14936,validation,False
14937,train,False
14938,train,True
14939,train,False
14940,validation,False
14941,validation,False
14942,test,False
14943,train,True
14944,test,False
14945,validation,False
14946,train,False
14947,train,False
14948,train,False
14949,validation,False
14950,train,False
14951,train,True
14952,train,True
14953,train,True
14954,validation,False
14955,train,True
14956,train,True
14957,train,True
14958,train,True
14959,train,True
14960,validation,False
14961,train,True
14962,train,True
14963,validation,False
14964,train,True
14965,train,True
14966,train,True
14967,train,False
14968,train,True
14969,validation,False
14970,test,False
14971,train,True
14972,validation,False
14973,train,False
14974,train,True
14975,test,False
14976,train,True
14977,validation,False
14978,test,False
14979,train,True
14980,train,False
14981,train,False
14982,train,True
14983,train,False
14984,train,False
14985,train,False
14986,validation,False
14987,train,True
14988,test,False
14989,train,True
14990,validation,False
14991,train,True
14992,train,False
14993,train,True
14994,test,False
14995,train,False
14996,validation,False
14997,test,False
14998,train,True
14999,train,True
15000,train,False
15001,train,False
15002,validation,False
15003,train,True
15004,train,True
15005,validation,False
15006,train,True
15007,train,True
15008,train,True
15009,train,False
15010,train,False
15011,train,False
15012,train,True
15013,train,True
15014,train,True
15015,train,True
15016,validation,False
15017,test,False
15018,train,True
15019,validation,False
15020,train,True
15021,validation,False
15022,test,False
15023,test,False
15024,train,False
15025,train,False
15026,train,True
15027,train,True
15028,train,False
15029,validation,False
15030,validation,False
15031,test,False
15032,train,False
15033,train,True
15034,validation,False
15035,validation,False
15036,train,False
15037,train,True
15038,train,True
15039,train,True
15040,train,True
15041,train,False
15042,test,False
15043,test,False
15044,validation,False
15045,train,False
15046,train,True
15047,validation,False
15048,validation,False
15049,test,False
15050,validation,False
15051,train,True
15052,train,True
15053,train,True
15054,train,True
15055,train,True
15056,train,True
15057,train,True
15058,test,False
15059,train,True
15060,train,False
15061,train,True
15062,train,True
15063,train,False
15064,test,False
15065,validation,False
15066,validation,False
15067,train,True
15068,train,True
15069,validation,False
15070,test,False
15071,validation,False
15072,train,True
15073,train,False
15074,validation,False
15075,validation,False
15076,train,False
15077,train,True
15078,train,True
15079,validation,False
15080,train,True
15081,test,False
15082,validation,False
15083,test,False
15084,train,True
15085,test,False
15086,test,False
15087,train,True
15088,train,True
15089,train,False
15090,test,False
15091,train,True
15092,train,True
15093,validation,False
15094,train,False
15095,train,True
15096,train,True
15097,train,True
15098,train,True
15099,train,False
15100,train,True
15101,validation,False
15102,train,True
15103,train,True
15104,train,False
15105,train,True
15106,validation,False
15107,train,True
15108,train,True
15109,train,True
15110,test,False
15111,train,True
15112,train,False
15113,validation,False
15114,train,True
15115,train,True
15116,test,False
15117,train,True
15118,train,True
15119,train,False
15120,validation,False
15121,validation,False
15122,train,True
15123,train,True
15124,train,False
15125,train,True
15126,train,True
15127,train,True
15128,train,False
15129,validation,False
15130,train,True
15131,validation,False
15132,train,True
15133,test,False
15134,train,True
15135,test,False
15136,test,False
15137,validation,False
15138,validation,False
15139,test,False
15140,train,False
15141,train,True
15142,train,False
15143,train,False
15144,train,False
15145,train,True
15146,train,True
15147,validation,False
15148,train,True
15149,train,True
15150,validation,False
15151,train,False
15152,train,True
15153,validation,False
15154,train,True
15155,validation,False
15156,test,False
15157,train,False
15158,train,True
15159,train,True
15160,validation,False
15161,train,True
15162,test,False
15163,train,False
15164,train,False
15165,validation,False
15166,validation,False
15167,validation,False
15168,validation,False
15169,train,True
15170,train,False
15171,test,False
15172,train,False
15173,validation,False
15174,train,True
15175,test,False
15176,validation,False
15177,train,False
15178,train,True
15179,train,True
15180,train,False
15181,train,True
15182,validation,False
15183,train,True
15184,validation,False
15185,train,True
15186,train,True
15187,train,True
15188,train,True
15189,validation,False
15190,test,False
15191,validation,False
15192,train,True
15193,test,False
15194,test,False
15195,test,False
15196,train,True
15197,train,False
15198,validation,False
15199,validation,False
15200,train,True
15201,test,False
15202,validation,False
15203,test,False
15204,train,True
15205,train,True
15206,train,False
15207,train,False
15208,test,False
15209,train,True
15210,test,False
15211,train,True
15212,train,False
15213,train,False
15214,test,False
15215,train,True
15216,train,False
15217,train,True
15218,train,True
15219,train,False
15220,train,False
15221,test,False
15222,test,False
15223,train,True
15224,test,False
15225,test,False
15226,validation,False
15227,validation,False
15228,train,True
15229,train,False
15230,test,False
15231,train,True
15232,validation,False
15233,train,False
15234,validation,False
15235,test,False
15236,train,True
15237,train,False
15238,train,True
15239,train,True
15240,train,True
15241,train,True
15242,train,False
15243,train,True
15244,test,False
15245,validation,False
15246,train,True
15247,train,False
15248,validation,False
15249,train,False
15250,test,False
15251,train,False
15252,validation,False
15253,train,True
15254,train,True
15255,test,False
15256,validation,False
15257,train,True
15258,train,False
15259,train,True
15260,train,True
15261,train,False
15262,test,False
15263,train,True
15264,train,True
15265,validation,False
15266,validation,False
15267,train,False
15268,train,True
15269,validation,False
15270,validation,False
15271,test,False
15272,train,False
15273,train,True
15274,train,True
15275,train,False
15276,train,False
15277,validation,False
15278,validation,False
15279,train,False
15280,train,True
15281,train,False
15282,train,True
15283,validation,False
15284,validation,False
15285,train,False
15286,train,True
15287,train,True
15288,train,True
15289,test,False
15290,train,False
15291,validation,False
15292,train,True
15293,train,True
15294,validation,False
15295,train,True
15296,train,True
15297,train,True
15298,train,False
15299,validation,False
15300,train,False
15301,train,True
15302,train,True
15303,train,True
15304,test,False
15305,validation,False
15306,train,True
15307,test,False
15308,train,True
15309,train,True
15310,test,False
15311,train,True
15312,validation,False
15313,train,True
15314,train,True
15315,validation,False
15316,train,True
15317,train,True
15318,train,True
15319,train,False
15320,test,False
15321,validation,False
15322,train,True
15323,test,False
15324,train,True
15325,validation,False
15326,train,True
15327,validation,False
15328,validation,False
15329,train,True
15330,train,False
15331,train,True
15332,train,True
15333,validation,False
15334,train,True
15335,train,True
15336,validation,False
15337,validation,False
15338,train,True
15339,train,True
15340,train,True
15341,train,True
15342,train,True
15343,test,False
15344,validation,False
15345,train,False
15346,train,True
15347,train,False
15348,train,True
15349,train,False
15350,validation,False
15351,test,False
15352,validation,False
15353,test,False
15354,validation,False
15355,validation,False
15356,train,True
15357,validation,False
15358,train,False
15359,train,True
15360,train,False
15361,train,True
15362,test,False
15363,validation,False
15364,train,True
15365,train,False
15366,validation,False
15367,train,False
15368,train,True
15369,train,False
15370,train,False
15371,train,True
15372,validation,False
15373,train,True
15374,train,True
15375,train,True
15376,train,True
15377,validation,False
15378,train,True
15379,test,False
15380,train,True
15381,test,False
15382,test,False
15383,train,True
15384,train,False
15385,validation,False
15386,train,True
15387,validation,False
15388,train,False
15389,train,True
15390,test,False
15391,train,True
15392,train,True
15393,train,False
15394,train,True
15395,test,False
15396,train,True
15397,validation,False
15398,train,False
15399,train,True
15400,train,True
15401,train,True
15402,validation,False
15403,train,True
15404,train,False
15405,train,False
15406,train,True
15407,validation,False
15408,train,True
15409,train,True
15410,train,True
15411,test,False
15412,train,True
15413,train,False
15414,train,True
15415,train,True
15416,validation,False
15417,validation,False
15418,test,False
15419,train,False
15420,train,True
15421,train,True
15422,test,False
15423,train,False
15424,test,False
15425,test,False
15426,train,True
15427,train,True
15428,test,False
15429,test,False
15430,train,False
15431,validation,False
15432,train,True
15433,train,True
15434,train,True
15435,train,True
15436,train,True
15437,test,False
15438,train,True
15439,train,False
15440,test,False
15441,validation,False
15442,train,True
15443,train,False
15444,test,False
15445,train,True
15446,train,True
15447,train,True
15448,test,False
15449,test,False
15450,train,True
15451,validation,False
15452,train,False
15453,train,True
15454,train,True
15455,test,False
15456,train,True
15457,train,False
15458,train,True
15459,train,False
15460,train,False
15461,test,False
15462,validation,False
15463,train,False
15464,test,False
15465,train,False
15466,validation,False
15467,test,False
15468,validation,False
15469,train,False
15470,train,True
15471,validation,False
15472,train,False
15473,train,True
15474,validation,False
15475,train,True
15476,train,False
15477,validation,False
15478,train,True
15479,train,True
15480,train,False
15481,train,True
15482,train,True
15483,train,False
15484,validation,False
15485,test,False
15486,validation,False
15487,test,False
15488,train,False
15489,train,True
15490,train,True
15491,train,False
15492,test,False
15493,test,False
15494,train,True
15495,train,True
15496,train,True
15497,train,True
15498,train,True
15499,train,True
15500,train,False
15501,validation,False
15502,train,True
15503,validation,False
15504,test,False
15505,train,True
15506,validation,False
15507,train,True
15508,validation,False
15509,train,True
15510,train,False
15511,test,False
15512,train,True
15513,validation,False
15514,test,False
15515,train,False
15516,validation,False
15517,train,False
15518,train,True
15519,train,True
15520,test,False
15521,train,True
15522,train,False
15523,validation,False
15524,train,True
15525,validation,False
15526,train,True
15527,train,False
15528,train,False
15529,train,False
15530,train,True
15531,validation,False
15532,test,False
15533,train,True
15534,test,False
15535,train,False
15536,test,False
15537,test,False
15538,train,True
15539,train,False
15540,validation,False
15541,train,True
15542,train,True
15543,train,True
15544,train,True
15545,train,True
15546,test,False
15547,train,True
15548,train,True
15549,train,True
15550,train,True
15551,train,True
15552,test,False
15553,train,False
15554,train,True
15555,train,False
15556,train,False
15557,train,True
15558,train,True
15559,test,False
15560,validation,False
15561,test,False
15562,validation,False
15563,validation,False
15564,validation,False
15565,train,True
15566,train,False
15567,validation,False
15568,train,False
15569,train,True
15570,train,False
15571,train,False
15572,train,False
15573,validation,False
15574,train,False
15575,test,False
15576,train,True
15577,test,False
15578,train,False
15579,test,False
15580,test,False
15581,train,True
15582,validation,False
15583,validation,False
15584,train,False
15585,train,True
15586,train,True
15587,test,False
15588,train,True
15589,train,True
15590,train,False
15591,validation,False
15592,validation,False
15593,validation,False
15594,train,True
15595,validation,False
15596,test,False
15597,validation,False
15598,train,True
15599,train,True
15600,train,True
15601,train,True
15602,test,False
15603,train,False
15604,train,False
15605,train,False
15606,test,False
15607,train,True
15608,validation,False
15609,validation,False
15610,train,True
15611,train,False
15612,train,True
15613,validation,False
15614,train,True
15615,train,True
15616,train,True
15617,test,False
15618,train,True
15619,test,False
15620,validation,False
15621,train,False
15622,train,False
15623,test,False
15624,validation,False
15625,train,False
15626,validation,False
15627,test,False
15628,train,True
15629,train,True
15630,validation,False
15631,validation,False
15632,train,False
15633,validation,False
15634,test,False
15635,test,False
15636,train,False
15637,train,True
15638,train,True
15639,train,True
15640,train,True
15641,train,True
15642,train,True
15643,train,True
15644,train,True
15645,train,True
15646,test,False
15647,validation,False
15648,test,False
15649,train,True
15650,validation,False
15651,test,False
15652,validation,False
15653,train,True
15654,validation,False
15655,train,True
15656,train,False
15657,validation,False
15658,test,False
15659,validation,False
15660,train,False
15661,train,True
15662,test,False
15663,test,False
15664,train,True
15665,validation,False
15666,train,True
15667,test,False
15668,validation,False
15669,validation,False
15670,train,True
15671,train,True
15672,train,False
15673,validation,False
15674,validation,False
15675,train,False
15676,test,False
15677,train,True
15678,train,True
15679,train,False
15680,test,False
15681,validation,False
15682,train,True
15683,train,True
15684,test,False
15685,test,False
15686,validation,False
15687,train,True
15688,train,True
15689,train,True
15690,test,False
15691,train,True
15692,train,True
15693,test,False
15694,train,False
15695,test,False
15696,train,True
15697,train,True
15698,train,True
15699,train,True
15700,test,False
15701,train,True
15702,train,False
15703,train,True
15704,train,True
15705,train,True
15706,test,False
15707,test,False
15708,validation,False
15709,test,False
15710,train,False
15711,train,False
15712,train,False
15713,train,False
15714,train,True
15715,train,True
15716,train,True
15717,train,True
15718,train,True
15719,train,False
15720,train,True
15721,train,False
15722,validation,False
15723,train,True
15724,validation,False
15725,train,True
15726,test,False
15727,test,False
15728,validation,False
15729,train,False
15730,train,True
15731,train,True
15732,train,False
15733,train,True
15734,validation,False
15735,train,False
15736,train,True
15737,train,True
15738,train,True
15739,validation,False
15740,train,True
15741,train,False
15742,validation,False
15743,train,True
15744,train,True
15745,train,True
15746,train,True
15747,train,True
15748,test,False
15749,train,False
15750,validation,False
15751,train,True
15752,test,False
15753,train,True
15754,validation,False
15755,train,True
15756,train,True
15757,test,False
15758,train,True
15759,train,True
15760,train,False
15761,train,False
15762,train,False
15763,validation,False
15764,train,True
15765,test,False
15766,validation,False
15767,test,False
15768,train,False
15769,validation,False
15770,validation,False
15771,train,True
15772,test,False
15773,train,True
15774,validation,False
15775,test,False
15776,validation,False
15777,train,True
15778,test,False
15779,validation,False
15780,train,False
15781,train,True
15782,test,False
15783,train,True
15784,train,True
15785,test,False
15786,train,False
15787,test,False
15788,train,False
15789,train,True
15790,train,True
15791,train,False
15792,validation,False
15793,validation,False
15794,validation,False
15795,train,False
15796,train,True
15797,test,False
15798,train,False
15799,train,True
15800,test,False
15801,train,True
15802,train,True
15803,train,True
15804,train,True
15805,train,True
15806,test,False
15807,train,True
15808,validation,False
15809,test,False
15810,validation,False
15811,train,False
15812,train,True
15813,train,True
15814,train,True
15815,validation,False
15816,train,True
15817,train,True
15818,test,False
15819,test,False
15820,train,True
15821,train,False
15822,train,False
15823,validation,False
15824,validation,False
15825,train,False
15826,train,True
15827,train,False
15828,train,True
15829,train,False
15830,train,True
15831,train,True
15832,train,True
15833,train,True
15834,train,False
15835,train,True
15836,test,False
15837,test,False
15838,train,False
15839,train,False
15840,train,False
15841,test,False
15842,train,True
15843,train,True
15844,train,False
15845,train,True
15846,train,False
15847,test,False
15848,test,False
15849,validation,False
15850,validation,False
15851,train,True
15852,train,True
15853,validation,False
15854,validation,False
15855,train,True
15856,train,False
15857,train,True
15858,train,True
15859,validation,False
15860,train,False
15861,train,True
15862,train,True
15863,train,True
15864,train,True
15865,test,False
15866,validation,False
15867,train,False
15868,train,False
15869,test,False
15870,train,True
15871,train,False
15872,train,True
15873,train,True
15874,validation,False
15875,validation,False
15876,train,True
15877,train,True
15878,test,False
15879,train,True
15880,validation,False
15881,train,False
15882,train,False
15883,train,True
15884,train,True
15885,train,False
15886,train,True
15887,train,False
15888,test,False
15889,train,False
15890,train,False
15891,test,False
15892,train,True
15893,test,False
15894,train,False
15895,train,True
15896,test,False
15897,train,True
15898,validation,False
15899,test,False
15900,train,True
15901,validation,False
15902,validation,False
15903,train,True
15904,train,False
15905,train,False
15906,train,True
15907,train,True
15908,train,True
15909,train,True
15910,test,False
15911,train,True
15912,validation,False
15913,validation,False
15914,train,True
15915,test,False
15916,train,True
15917,train,False
15918,train,False
15919,train,False
15920,train,False
15921,train,False
15922,test,False
15923,train,False
15924,test,False
15925,train,True
15926,train,False
15927,test,False
15928,train,True
15929,train,True
15930,train,False
15931,train,True
15932,train,True
15933,train,True
15934,train,True
15935,test,False
15936,validation,False
15937,train,False
15938,train,False
15939,train,True
15940,test,False
15941,train,True
15942,train,False
15943,validation,False
15944,train,False
15945,train,True
15946,test,False
15947,train,False
15948,train,True
15949,train,False
15950,test,False
15951,validation,False
15952,train,False
15953,test,False
15954,test,False
15955,test,False
15956,validation,False
15957,validation,False
15958,train,True
15959,test,False
15960,validation,False
15961,validation,False
15962,train,True
15963,train,False
15964,train,True
15965,train,True
15966,train,True
15967,train,True
15968,test,False
15969,test,False
15970,train,False
15971,test,False
15972,test,False
15973,test,False
15974,train,False
15975,train,True
15976,validation,False
15977,test,False
15978,train,False
15979,train,True
15980,test,False
15981,train,True
15982,validation,False
15983,test,False
15984,train,True
15985,train,False
15986,train,False
15987,train,True
15988,test,False
15989,train,True
15990,train,True
15991,train,True
15992,train,True
15993,train,True
15994,test,False
15995,test,False
15996,train,False
15997,validation,False
15998,train,True
15999,test,False
16000,train,True
16001,test,False
16002,test,False
16003,train,True
16004,train,True
16005,train,False
16006,train,True
16007,validation,False
16008,train,False
16009,validation,False
16010,train,True
16011,train,True
16012,train,False
16013,train,True
16014,train,False
16015,train,True
16016,train,True
16017,test,False
16018,validation,False
16019,train,True
16020,test,False
16021,validation,False
16022,train,False
16023,test,False
16024,test,False
16025,train,True
16026,validation,False
16027,validation,False
16028,test,False
16029,train,True
16030,validation,False
16031,validation,False
16032,test,False
16033,train,False
16034,train,True
16035,test,False
16036,train,True
16037,validation,False
16038,train,False
16039,train,False
16040,validation,False
16041,test,False
16042,validation,False
16043,train,False
16044,train,True
16045,train,False
16046,validation,False
16047,train,False
16048,validation,False
16049,train,True
16050,train,False
16051,train,True
16052,validation,False
16053,train,True
16054,train,False
16055,validation,False
16056,test,False
16057,validation,False
16058,train,True
16059,train,True
16060,test,False
16061,train,True
16062,test,False
16063,train,False
16064,train,False
16065,test,False
16066,train,True
16067,train,True
16068,train,True
16069,train,False
16070,train,True
16071,test,False
16072,train,False
16073,validation,False
16074,train,True
16075,validation,False
16076,test,False
16077,test,False
16078,validation,False
16079,test,False
16080,train,True
16081,train,True
16082,test,False
16083,train,False
16084,validation,False
16085,test,False
16086,validation,False
16087,test,False
16088,test,False
16089,train,True
16090,test,False
16091,test,False
16092,train,True
16093,train,True
16094,test,False
16095,test,False
16096,train,True
16097,train,False
16098,validation,False
16099,train,False
16100,train,True
16101,train,True
16102,test,False
16103,train,False
16104,validation,False
16105,train,True
16106,train,False
16107,train,True
16108,train,True
16109,train,True
16110,validation,False
16111,test,False
16112,train,True
16113,train,True
16114,train,False
16115,train,True
16116,train,True
16117,test,False
16118,test,False
16119,train,True
16120,train,True
16121,train,False
16122,train,False
16123,train,False
16124,train,True
16125,train,False
16126,test,False
16127,train,True
16128,validation,False
16129,train,True
16130,train,False
16131,train,True
16132,train,False
16133,train,True
16134,train,True
16135,train,True
16136,train,True
16137,test,False
16138,validation,False
16139,validation,False
16140,test,False
16141,train,False
16142,test,False
16143,test,False
16144,train,False
16145,train,False
16146,test,False
16147,train,True
16148,test,False
16149,validation,False
16150,test,False
16151,train,False
16152,train,True
16153,train,False
16154,train,True
16155,train,False
16156,test,False
16157,train,False
16158,train,False
16159,test,False
16160,test,False
16161,train,True
16162,train,True
16163,test,False
16164,train,True
16165,validation,False
16166,test,False
16167,train,False
16168,train,True
16169,train,False
16170,train,False
16171,validation,False
16172,test,False
16173,test,False
16174,train,True
16175,test,False
16176,train,True
16177,train,True
16178,train,True
16179,validation,False
16180,test,False
16181,test,False
16182,test,False
16183,train,True
16184,train,True
16185,train,False
16186,train,True
16187,test,False
16188,train,True
16189,train,True
16190,train,True
16191,test,False
16192,test,False
16193,train,True
16194,train,True
16195,train,False
16196,train,False
16197,train,True
16198,test,False
16199,validation,False
16200,validation,False
16201,train,False
16202,test,False
16203,validation,False
16204,train,True
16205,train,True
16206,train,False
16207,train,False
16208,validation,False
16209,train,True
16210,validation,False
16211,train,False
16212,train,False
16213,train,True
16214,test,False
16215,train,True
16216,train,False
16217,train,False
16218,train,True
16219,train,True
16220,train,True
16221,train,True
16222,train,True
16223,train,True
16224,train,True
16225,train,True
16226,train,False
16227,train,True
16228,train,True
16229,train,False
16230,test,False
16231,train,True
16232,validation,False
16233,validation,False
16234,test,False
16235,test,False
16236,train,True
16237,train,True
16238,test,False
16239,test,False
16240,train,False
16241,train,False
16242,test,False
16243,train,True
16244,train,False
16245,train,False
16246,train,True
16247,validation,False
16248,train,True
16249,test,False
16250,train,False
16251,train,True
16252,validation,False
16253,validation,False
16254,train,False
16255,train,False
16256,train,True
16257,test,False
16258,train,True
16259,train,True
16260,train,True
16261,validation,False
16262,validation,False
16263,train,False
16264,validation,False
16265,train,False
16266,train,True
16267,train,True
16268,train,True
16269,train,False
16270,test,False
16271,validation,False
16272,train,False
16273,train,True
16274,train,False
16275,train,True
16276,train,True
16277,test,False
16278,validation,False
16279,train,True
16280,train,True
16281,test,False
16282,train,True
16283,validation,False
16284,test,False
16285,train,True
16286,validation,False
16287,train,True
16288,test,False
16289,train,False
16290,validation,False
16291,train,True
16292,validation,False
16293,test,False
16294,train,False
16295,validation,False
16296,train,True
16297,validation,False
16298,validation,False
16299,train,True
16300,test,False
16301,train,False
16302,train,True
16303,test,False
16304,train,True
16305,test,False
16306,test,False
16307,test,False
16308,train,True
16309,train,False
16310,train,False
16311,test,False
16312,train,False
16313,train,True
16314,train,True
16315,test,False
16316,train,False
16317,test,False
16318,test,False
16319,validation,False
16320,train,True
16321,train,True
16322,train,False
16323,train,True
16324,train,True
16325,train,False
16326,train,True
16327,train,True
16328,test,False
16329,train,True
16330,train,True
16331,train,False
16332,train,True
16333,validation,False
16334,validation,False
16335,train,False
16336,test,False
16337,train,True
16338,train,True
16339,validation,False
16340,validation,False
16341,test,False
16342,validation,False
16343,validation,False
16344,test,False
16345,train,False
16346,train,True
16347,train,False
16348,train,True
16349,test,False
16350,train,True
16351,train,False
16352,validation,False
16353,validation,False
16354,train,True
16355,train,True
16356,train,False
16357,validation,False
16358,train,True
16359,train,True
16360,validation,False
16361,test,False
16362,train,False
16363,train,False
16364,train,True
16365,train,True
16366,test,False
16367,train,False
16368,train,True
16369,train,True
16370,train,True
16371,validation,False
16372,train,True
16373,test,False
16374,test,False
16375,validation,False
16376,train,True
16377,train,True
16378,train,False
16379,train,False
16380,train,False
16381,train,False
16382,train,True
16383,train,False
16384,test,False
16385,train,False
16386,train,True
16387,test,False
16388,train,True
16389,validation,False
16390,train,True
16391,train,False
16392,test,False
16393,test,False
16394,test,False
16395,train,True
16396,train,True
16397,train,True
16398,train,True
16399,train,False
16400,train,False
16401,validation,False
16402,validation,False
16403,validation,False
16404,test,False
16405,validation,False
16406,validation,False
16407,test,False
16408,train,False
16409,train,False
16410,train,False
16411,train,False
16412,validation,False
16413,train,True
16414,validation,False
16415,train,True
16416,test,False
16417,train,False
16418,train,False
16419,train,True
16420,validation,False
16421,train,True
16422,train,False
16423,test,False
16424,validation,False
16425,train,True
16426,test,False
16427,validation,False
16428,train,False
16429,train,False
16430,test,False
16431,train,False
16432,train,False
16433,validation,False
16434,train,True
16435,validation,False
16436,train,True
16437,train,False
16438,train,True
16439,train,True
16440,train,True
16441,train,True
16442,test,False
16443,train,False
16444,train,True
16445,train,False
16446,train,True
16447,train,True
16448,train,True
16449,train,True
16450,train,False
16451,validation,False
16452,train,False
16453,train,False
16454,test,False
16455,test,False
16456,train,True
16457,train,True
16458,train,False
16459,train,False
16460,train,False
16461,train,True
16462,train,True
16463,train,True
16464,train,True
16465,test,False
16466,train,False
16467,validation,False
16468,train,False
16469,validation,False
16470,train,False
16471,train,True
16472,train,True
16473,train,True
16474,test,False
16475,train,True
16476,train,False
16477,test,False
16478,train,True
16479,test,False
16480,train,False
16481,train,True
16482,train,True
16483,train,True
16484,test,False
16485,train,False
16486,train,False
16487,train,True
16488,train,True
16489,validation,False
16490,train,True
16491,train,True
16492,train,False
16493,test,False
16494,train,True
16495,train,True
16496,train,True
16497,train,False
16498,train,True
16499,train,True
16500,train,True
16501,test,False
16502,validation,False
16503,train,False
16504,train,False
16505,validation,False
16506,train,False
16507,train,True
16508,train,True
16509,train,True
16510,test,False
16511,validation,False
16512,train,True
16513,train,False
16514,validation,False
16515,train,True
16516,train,False
16517,train,True
16518,test,False
16519,train,False
16520,train,True
16521,validation,False
16522,test,False
16523,validation,False
16524,train,False
16525,validation,False
16526,test,False
16527,test,False
16528,train,True
16529,train,False
16530,test,False
16531,validation,False
16532,train,False
16533,train,True
16534,train,True
16535,test,False
16536,validation,False
16537,train,True
16538,train,True
16539,test,False
16540,train,True
16541,validation,False
16542,train,False
16543,train,False
16544,train,True
16545,test,False
16546,validation,False
16547,validation,False
16548,train,True
16549,train,True
16550,test,False
16551,train,True
16552,train,True
16553,validation,False
16554,train,True
16555,train,False
16556,validation,False
16557,validation,False
16558,test,False
16559,train,False
16560,train,True
16561,train,True
16562,test,False
16563,validation,False
16564,train,True
16565,test,False
16566,train,False
16567,train,False
16568,validation,False
16569,train,True
16570,train,True
16571,train,False
16572,train,False
16573,train,False
16574,train,True
16575,test,False
16576,train,True
16577,validation,False
16578,test,False
16579,train,True
16580,train,True
16581,validation,False
16582,train,False
16583,test,False
16584,test,False
16585,train,True
16586,train,False
16587,test,False
16588,validation,False
16589,test,False
16590,test,False
16591,train,True
16592,train,False
16593,train,False
16594,train,False
16595,train,True
16596,train,True
16597,train,False
16598,validation,False
16599,train,False
16600,train,False
16601,train,False
16602,train,True
16603,train,True
16604,train,True
16605,train,False
16606,train,True
16607,train,False
16608,train,True
16609,validation,False
16610,train,False
16611,test,False
16612,train,False
16613,train,True
16614,train,True
16615,train,True
16616,train,True
16617,test,False
16618,train,True
16619,validation,False
16620,train,True
16621,train,True
16622,train,True
16623,train,True
16624,test,False
16625,validation,False
16626,train,True
16627,train,True
16628,validation,False
16629,train,True
16630,train,True
16631,train,False
16632,validation,False
16633,test,False
16634,train,False
16635,test,False
16636,test,False
16637,train,False
16638,train,True
16639,train,True
16640,test,False
16641,train,False
16642,validation,False
16643,train,True
16644,validation,False
16645,train,True
16646,train,True
16647,validation,False
16648,test,False
16649,train,True
16650,validation,False
16651,train,False
16652,train,True
16653,validation,False
16654,test,False
16655,test,False
16656,validation,False
16657,test,False
16658,train,True
16659,train,True
16660,train,False
16661,validation,False
16662,train,True
16663,train,False
16664,test,False
16665,train,True
16666,validation,False
16667,test,False
16668,train,True
16669,validation,False
16670,train,True
16671,train,True
16672,train,True
16673,train,True
16674,train,True
16675,validation,False
16676,validation,False
16677,train,True
16678,train,True
16679,validation,False
16680,train,False
16681,train,True
16682,train,True
16683,validation,False
16684,validation,False
16685,train,True
16686,validation,False
16687,train,False
16688,test,False
16689,train,True
16690,test,False
16691,test,False
16692,train,True
16693,train,True
16694,test,False
16695,train,False
16696,train,False
16697,train,False
16698,train,True
16699,validation,False
16700,validation,False
16701,train,True
16702,train,True
16703,train,False
16704,validation,False
16705,train,False
16706,validation,False
16707,train,True
16708,train,True
16709,test,False
16710,train,True
16711,train,True
16712,train,True
16713,test,False
16714,validation,False
16715,train,False
16716,test,False
16717,test,False
16718,train,True
16719,validation,False
16720,validation,False
16721,train,True
16722,train,True
16723,train,False
16724,train,True
16725,train,True
16726,train,False
16727,train,True
16728,train,True
16729,train,True
16730,test,False
16731,train,False
16732,validation,False
16733,train,True
16734,train,False
16735,train,False
16736,validation,False
16737,train,True
16738,validation,False
16739,train,True
16740,train,False
16741,train,False
16742,validation,False
16743,train,True
16744,train,True
16745,train,True
16746,train,True
16747,validation,False
16748,test,False
16749,train,True
16750,train,True
16751,train,False
16752,train,True
16753,train,True
16754,validation,False
16755,train,True
16756,validation,False
16757,validation,False
16758,validation,False
16759,train,True
16760,test,False
16761,test,False
16762,train,True
16763,train,False
16764,test,False
16765,test,False
16766,validation,False
16767,train,True
16768,validation,False
16769,train,True
16770,train,True
16771,test,False
16772,train,True
16773,validation,False
16774,train,True
16775,test,False
16776,train,True
16777,train,True
16778,test,False
16779,train,True
16780,test,False
16781,train,True
16782,train,True
16783,train,True
16784,train,True
16785,train,True
16786,test,False
16787,train,True
16788,train,False
16789,train,True
16790,train,False
16791,train,True
16792,train,False
16793,train,True
16794,train,False
16795,test,False
16796,test,False
16797,train,True
16798,train,True
16799,validation,False
16800,test,False
16801,train,True
16802,train,True
16803,validation,False
16804,train,True
16805,test,False
16806,train,True
16807,validation,False
16808,validation,False
16809,train,True
16810,train,True
16811,test,False
16812,test,False
16813,test,False
16814,validation,False
16815,train,True
16816,train,True
16817,test,False
16818,train,False
16819,train,False
16820,train,True
16821,test,False
16822,test,False
16823,train,True
16824,train,False
16825,test,False
16826,train,True
16827,train,False
16828,validation,False
16829,validation,False
16830,train,False
16831,train,True
16832,train,True
16833,test,False
16834,test,False
16835,test,False
16836,test,False
16837,test,False
16838,train,True
16839,train,True
16840,train,True
16841,train,False
16842,validation,False
16843,train,True
16844,train,False
16845,train,True
16846,train,True
16847,train,False
16848,train,False
16849,test,False
16850,train,True
16851,test,False
16852,train,False
16853,train,True
16854,test,False
16855,validation,False
16856,test,False
16857,train,False
16858,train,True
16859,train,True
16860,validation,False
16861,validation,False
16862,test,False
16863,train,True
16864,validation,False
16865,train,True
16866,train,True
16867,train,True
16868,train,True
16869,test,False
16870,test,False
16871,train,True
16872,train,True
16873,train,False
16874,train,False
16875,train,False
16876,train,True
16877,validation,False
16878,test,False
16879,test,False
16880,test,False
16881,train,True
16882,train,True
16883,train,False
16884,train,False
16885,train,True
16886,validation,False
16887,train,False
16888,train,True
16889,train,True
16890,train,True
16891,train,True
16892,test,False
16893,train,True
16894,validation,False
16895,validation,False
16896,train,True
16897,train,False
16898,train,True
16899,train,True
16900,train,False
16901,train,True
16902,test,False
16903,train,True
16904,validation,False
16905,train,True
16906,validation,False
16907,train,True
16908,validation,False
16909,test,False
16910,test,False
16911,train,True
16912,train,False
16913,train,True
16914,train,False
16915,test,False
16916,validation,False
16917,validation,False
16918,train,True
16919,train,True
16920,test,False
16921,test,False
16922,train,True
16923,train,True
16924,train,True
16925,validation,False
16926,test,False
16927,train,False
16928,validation,False
16929,train,True
16930,test,False
16931,validation,False
16932,validation,False
16933,train,True
16934,train,True
16935,train,False
16936,train,True
16937,train,False
16938,validation,False
16939,train,True
16940,train,True
16941,train,False
16942,train,True
16943,train,False
16944,train,True
16945,test,False
16946,test,False
16947,train,True
16948,train,True
16949,train,True
16950,train,True
16951,validation,False
16952,train,False
16953,validation,False
16954,test,False
16955,train,True
16956,train,True
16957,train,False
16958,train,True
16959,train,False
16960,train,True
16961,train,False
16962,train,True
16963,validation,False
16964,train,True
16965,train,False
16966,test,False
16967,validation,False
16968,test,False
16969,train,True
16970,validation,False
16971,train,True
16972,train,True
16973,train,True
16974,train,False
16975,test,False
16976,train,False
16977,train,True
16978,train,True
16979,train,True
16980,train,True
16981,train,False
16982,test,False
16983,validation,False
16984,train,True
16985,train,True
16986,train,True
16987,train,True
16988,train,False
16989,train,True
16990,train,False
16991,test,False
16992,test,False
16993,validation,False
16994,train,True
16995,train,False
16996,test,False
16997,train,True
16998,test,False
16999,validation,False
17000,validation,False
17001,train,True
17002,test,False
17003,train,True
17004,test,False
17005,validation,False
17006,train,True
17007,train,True
17008,validation,False
17009,test,False
17010,train,True
17011,train,False
17012,train,True
17013,train,True
17014,train,False
17015,train,False
17016,train,True
17017,test,False
17018,test,False
17019,train,True
17020,validation,False
17021,train,True
17022,train,False
17023,test,False
17024,validation,False
17025,train,True
17026,test,False
17027,test,False
17028,validation,False
17029,train,True
17030,train,True
17031,train,False
17032,test,False
17033,train,True
17034,train,False
17035,validation,False
17036,train,True
17037,test,False
17038,validation,False
17039,train,False
17040,validation,False
17041,test,False
17042,test,False
17043,train,True
17044,test,False
17045,train,True
17046,validation,False
17047,train,False
17048,test,False
17049,validation,False
17050,test,False
17051,validation,False
17052,train,True
17053,train,True
17054,test,False
17055,train,True
17056,train,False
17057,train,True
17058,train,True
17059,test,False
17060,train,True
17061,train,False
17062,train,True
17063,train,False
17064,train,True
17065,train,True
17066,train,False
17067,train,True
17068,train,True
17069,validation,False
17070,train,False
17071,train,False
17072,test,False
17073,train,True
17074,validation,False
17075,validation,False
17076,train,False
17077,train,True
17078,train,True
17079,test,False
17080,train,True
17081,train,False
17082,train,True
17083,train,True
17084,train,True
17085,validation,False
17086,validation,False
17087,train,False
17088,test,False
17089,train,False
17090,train,True
17091,validation,False
17092,test,False
17093,train,True
17094,train,True
17095,test,False
17096,test,False
17097,train,False
17098,validation,False
17099,train,True
17100,train,True
17101,validation,False
17102,test,False
17103,train,True
17104,train,True
17105,train,True
17106,test,False
17107,train,True
17108,test,False
17109,test,False
17110,train,True
17111,train,True
17112,test,False
17113,test,False
17114,train,True
17115,train,True
17116,validation,False
17117,train,True
17118,train,True
17119,validation,False
17120,train,True
17121,test,False
17122,validation,False
17123,train,False
17124,test,False
17125,validation,False
17126,train,True
17127,train,True
17128,test,False
17129,train,False
17130,train,True
17131,train,True
17132,train,True
17133,train,False
17134,validation,False
17135,validation,False
17136,train,True
17137,train,True
17138,train,False
17139,test,False
17140,train,True
17141,train,True
17142,train,True
17143,validation,False
17144,validation,False
17145,test,False
17146,test,False
17147,test,False
17148,validation,False
17149,test,False
17150,validation,False
17151,train,False
17152,train,True
17153,train,True
17154,train,False
17155,validation,False
17156,test,False
17157,train,True
17158,train,True
17159,train,True
17160,validation,False
17161,train,True
17162,validation,False
17163,validation,False
17164,train,False
17165,train,True
17166,train,True
17167,train,True
17168,train,True
17169,train,True
17170,train,True
17171,test,False
17172,train,True
17173,train,True
17174,train,True
17175,test,False
17176,validation,False
17177,test,False
17178,validation,False
17179,train,True
17180,train,True
17181,test,False
17182,validation,False
17183,train,True
17184,test,False
17185,test,False
17186,train,True
17187,train,False
17188,validation,False
17189,test,False
17190,train,True
17191,validation,False
17192,train,True
17193,train,True
17194,train,False
17195,validation,False
17196,train,False
17197,train,True
17198,validation,False
17199,train,True
17200,validation,False
17201,train,True
17202,train,False
17203,test,False
17204,validation,False
17205,train,False
17206,train,True
17207,validation,False
17208,test,False
17209,train,True
17210,test,False
17211,train,False
17212,test,False
17213,train,True
17214,train,False
17215,train,True
17216,train,False
17217,test,False
17218,train,True
17219,train,True
17220,train,False
17221,test,False
17222,train,True
17223,validation,False
17224,train,True
17225,train,True
17226,train,True
17227,validation,False
17228,validation,False
17229,train,True
17230,train,False
17231,train,False
17232,test,False
17233,train,True
17234,test,False
17235,train,True
17236,train,False
17237,train,False
17238,train,True
17239,validation,False
17240,test,False
17241,train,True
17242,train,True
17243,train,False
17244,train,False
17245,test,False
17246,train,False
17247,train,True
17248,train,True
17249,train,True
17250,train,True
17251,train,True
17252,train,True
17253,test,False
17254,train,True
17255,train,True
17256,train,False
17257,test,False
17258,train,True
17259,validation,False
17260,train,False
17261,train,False
17262,train,True
17263,validation,False
17264,train,True
17265,train,False
17266,train,True
17267,train,True
17268,train,True
17269,train,False
17270,train,True
17271,validation,False
17272,train,True
17273,validation,False
17274,train,True
17275,train,True
17276,train,True
17277,validation,False
17278,test,False
17279,test,False
17280,test,False
17281,train,False
17282,validation,False
17283,validation,False
17284,test,False
17285,validation,False
17286,validation,False
17287,train,True
17288,train,False
17289,train,True
17290,validation,False
17291,train,False
17292,train,True
17293,train,True
17294,test,False
17295,train,True
17296,validation,False
17297,validation,False
17298,train,True
17299,test,False
17300,train,False
17301,train,False
17302,train,False
17303,train,True
17304,test,False
17305,train,True
17306,train,True
17307,validation,False
17308,train,True
17309,train,True
17310,train,True
17311,train,True
17312,test,False
17313,test,False
17314,train,True
17315,train,False
17316,validation,False
17317,train,True
17318,test,False
17319,train,True
17320,train,False
17321,train,True
17322,train,False
17323,train,True
17324,train,True
17325,train,False
17326,train,True
17327,train,False
17328,train,False
17329,train,True
17330,train,True
17331,train,False
17332,train,True
17333,train,False
17334,train,False
17335,train,True
17336,train,False
17337,train,True
17338,validation,False
17339,train,False
17340,validation,False
17341,validation,False
17342,train,False
17343,validation,False
17344,test,False
17345,train,False
17346,train,True
17347,train,False
17348,train,False
17349,validation,False
17350,validation,False
17351,validation,False
17352,train,True
17353,train,False
17354,train,True
17355,train,False
17356,validation,False
17357,validation,False
17358,train,True
17359,train,True
17360,train,True
17361,test,False
17362,validation,False
17363,train,True
17364,train,True
17365,train,True
17366,train,True
17367,train,False
17368,validation,False
17369,train,False
17370,validation,False
17371,train,True
17372,validation,False
17373,test,False
17374,train,True
17375,test,False
17376,validation,False
17377,train,False
17378,train,False
17379,train,True
17380,validation,False
17381,train,True
17382,train,True
17383,validation,False
17384,test,False
17385,train,True
17386,train,True
17387,test,False
17388,train,True
17389,train,False
17390,train,True
17391,test,False
17392,test,False
17393,train,False
17394,test,False
17395,train,False
17396,train,True
17397,train,True
17398,validation,False
17399,validation,False
17400,train,True
17401,train,True
17402,train,True
17403,train,True
17404,test,False
17405,train,True
17406,validation,False
17407,train,True
17408,validation,False
17409,test,False
17410,train,True
17411,test,False
17412,train,False
17413,test,False
17414,train,True
17415,train,False
17416,train,False
17417,validation,False
17418,train,False
17419,train,True
17420,train,True
17421,train,True
17422,train,True
17423,train,True
17424,train,False
17425,train,True
17426,train,True
17427,validation,False
17428,test,False
17429,train,True
17430,train,True
17431,train,True
17432,validation,False
17433,test,False
17434,train,True
17435,train,False
17436,validation,False
17437,test,False
17438,train,True
17439,train,True
17440,test,False
17441,train,True
17442,train,True
17443,validation,False
17444,test,False
17445,train,True
17446,train,True
17447,test,False
17448,train,True
17449,test,False
17450,train,True
17451,test,False
17452,train,False
17453,train,True
17454,validation,False
17455,test,False
17456,validation,False
17457,train,True
17458,test,False
17459,train,True
17460,test,False
17461,train,True
17462,train,True
17463,train,True
17464,train,True
17465,test,False
17466,train,False
17467,train,False
17468,train,True
17469,validation,False
17470,test,False
17471,train,False
17472,train,False
17473,train,True
17474,train,True
17475,train,False
17476,test,False
17477,validation,False
17478,validation,False
17479,train,True
17480,test,False
17481,train,True
17482,train,True
17483,train,False
17484,train,True
17485,validation,False
17486,train,False
17487,test,False
17488,train,False
17489,train,False
17490,validation,False
17491,train,False
17492,train,True
17493,test,False
17494,validation,False
17495,train,True
17496,validation,False
17497,train,True
17498,train,False
17499,validation,False
17500,test,False
17501,validation,False
17502,train,False
17503,train,False
17504,test,False
17505,train,True
17506,train,True
17507,train,False
17508,test,False
17509,train,True
17510,validation,False
17511,train,False
17512,train,True
17513,train,True
17514,train,False
17515,train,True
17516,validation,False
17517,train,True
17518,train,False
17519,train,True
17520,test,False
17521,train,False
17522,train,False
17523,train,True
17524,train,True
17525,test,False
17526,train,False
17527,train,False
17528,test,False
17529,validation,False
17530,train,True
17531,train,True
17532,train,True
17533,train,True
17534,validation,False
17535,train,True
17536,train,True
17537,train,False
17538,train,True
17539,test,False
17540,validation,False
17541,train,True
17542,test,False
17543,test,False
17544,validation,False
17545,train,True
17546,test,False
17547,validation,False
17548,train,False
17549,train,False
17550,validation,False
17551,train,True
17552,train,True
17553,test,False
17554,train,True
17555,validation,False
17556,train,True
17557,train,True
17558,train,True
17559,train,False
17560,test,False
17561,validation,False
17562,validation,False
17563,test,False
17564,train,True
17565,test,False
17566,test,False
17567,train,True
17568,train,False
17569,validation,False
17570,train,True
17571,train,True
17572,train,True
17573,train,True
17574,test,False
17575,validation,False
17576,test,False
17577,train,False
17578,train,False
17579,train,False
17580,train,True
17581,validation,False
17582,validation,False
17583,train,True
17584,train,True
17585,train,False
17586,train,True
17587,validation,False
17588,train,False
17589,test,False
17590,train,True
17591,train,True
17592,validation,False
17593,test,False
17594,validation,False
17595,test,False
17596,train,True
17597,train,True
17598,train,True
17599,train,True
17600,train,True
17601,train,True
17602,validation,False
17603,validation,False
17604,validation,False
17605,train,True
17606,train,False
17607,validation,False
17608,train,True
17609,train,True
17610,validation,False
17611,validation,False
17612,validation,False
17613,test,False
17614,test,False
17615,test,False
17616,validation,False
17617,train,True
17618,train,False
17619,train,False
17620,train,False
17621,train,True
17622,test,False
17623,train,True
17624,train,False
17625,validation,False
17626,validation,False
17627,test,False
17628,validation,False
17629,train,True
17630,train,False
17631,test,False
17632,test,False
17633,test,False
17634,test,False
17635,test,False
17636,train,True
17637,test,False
17638,train,True
17639,train,True
17640,train,False
17641,test,False
17642,train,True
17643,validation,False
17644,test,False
17645,validation,False
17646,validation,False
17647,train,True
17648,train,False
17649,test,False
17650,train,True
17651,test,False
17652,train,False
17653,train,True
17654,validation,False
17655,validation,False
17656,train,False
17657,test,False
17658,train,False
17659,train,False
17660,train,False
17661,validation,False
17662,train,True
17663,test,False
17664,test,False
17665,validation,False
17666,train,True
17667,train,False
17668,validation,False
17669,train,False
17670,test,False
17671,validation,False
17672,test,False
17673,train,False
17674,train,True
17675,train,True
17676,train,True
17677,test,False
17678,validation,False
17679,test,False
17680,test,False
17681,train,True
17682,train,False
17683,train,True
17684,train,True
17685,train,True
17686,validation,False
17687,validation,False
17688,train,True
17689,train,False
17690,validation,False
17691,train,False
17692,validation,False
17693,train,True
17694,validation,False
17695,train,True
17696,validation,False
17697,train,False
17698,train,True
17699,validation,False
17700,test,False
17701,test,False
17702,test,False
17703,validation,False
17704,test,False
17705,test,False
17706,train,True
17707,train,False
17708,train,False
17709,train,False
17710,train,True
17711,train,False
17712,train,True
17713,train,True
17714,validation,False
17715,train,False
17716,test,False
17717,test,False
17718,train,True
17719,train,False
17720,validation,False
17721,train,True
17722,validation,False
17723,test,False
17724,test,False
17725,test,False
17726,train,True
17727,train,True
17728,train,True
17729,validation,False
17730,train,True
17731,train,True
17732,train,True
17733,test,False
17734,validation,False
17735,test,False
17736,validation,False
17737,test,False
17738,train,True
17739,train,True
17740,train,True
17741,train,True
17742,train,True
17743,validation,False
17744,test,False
17745,test,False
17746,test,False
17747,test,False
17748,train,True
17749,train,True
17750,train,True
17751,test,False
17752,test,False
17753,train,False
17754,validation,False
17755,validation,False
17756,train,False
17757,validation,False
17758,train,True
17759,validation,False
17760,validation,False
17761,validation,False
17762,test,False
17763,train,True
17764,validation,False
17765,validation,False
17766,validation,False
17767,validation,False
17768,test,False
17769,train,False
17770,validation,False
17771,train,False
17772,validation,False
17773,test,False
17774,validation,False
17775,validation,False
17776,train,False
17777,train,True
17778,train,True
17779,train,False
17780,train,False
17781,train,False
17782,validation,False
17783,validation,False
17784,validation,False
17785,train,True
17786,train,True
17787,train,True
17788,validation,False
17789,validation,False
17790,train,True
17791,train,True
17792,train,True
17793,train,True
17794,validation,False
17795,train,False
17796,train,True
17797,train,False
17798,train,False
17799,validation,False
17800,test,False
17801,validation,False
17802,train,True
17803,validation,False
17804,test,False
17805,train,True
17806,validation,False
17807,train,True
17808,train,True
17809,test,False
17810,train,True
17811,train,True
17812,validation,False
17813,train,True
17814,train,False
17815,train,True
17816,validation,False
17817,train,True
17818,train,True
17819,validation,False
17820,train,True
17821,validation,False
17822,validation,False
17823,train,False
17824,train,True
17825,train,True
17826,train,True
17827,test,False
17828,train,False
17829,test,False
17830,train,False
17831,test,False
17832,train,True
17833,train,True
17834,train,False
17835,test,False
17836,train,True
17837,train,False
17838,train,False
17839,train,False
17840,train,True
17841,train,False
17842,test,False
17843,validation,False
17844,test,False
17845,train,True
17846,validation,False
17847,validation,False
17848,validation,False
17849,train,True
17850,test,False
17851,train,False
17852,train,True
17853,train,True
17854,train,True
17855,validation,False
17856,train,False
17857,train,True
17858,validation,False
17859,validation,False
17860,test,False
17861,validation,False
17862,validation,False
17863,train,True
17864,test,False
17865,train,False
17866,train,False
17867,train,False
17868,test,False
17869,train,False
17870,train,True
17871,train,True
17872,validation,False
17873,validation,False
17874,train,True
17875,test,False
17876,train,True
17877,train,True
17878,train,True
17879,validation,False
17880,train,True
17881,test,False
17882,test,False
17883,train,True
17884,train,True
17885,test,False
17886,train,True
17887,test,False
17888,train,True
17889,test,False
17890,test,False
17891,train,False
17892,test,False
17893,train,True
17894,train,True
17895,train,True
17896,train,True
17897,train,True
17898,train,False
17899,train,False
17900,validation,False
17901,train,False
17902,train,True
17903,train,True
17904,train,True
17905,train,True
17906,validation,False
17907,train,True
17908,validation,False
17909,train,False
17910,train,True
17911,validation,False
17912,test,False
17913,train,False
17914,validation,False
17915,train,False
17916,test,False
17917,validation,False
17918,train,False
17919,train,True
17920,test,False
17921,train,True
17922,train,True
17923,train,True
17924,train,True
17925,test,False
17926,test,False
17927,train,True
17928,test,False
17929,train,True
17930,train,False
17931,train,True
17932,train,True
17933,test,False
17934,train,True
17935,test,False
17936,train,True
17937,train,True
17938,validation,False
17939,train,False
17940,train,False
17941,train,False
17942,train,True
17943,train,False
17944,test,False
17945,train,False
17946,train,True
17947,train,True
17948,train,True
17949,train,True
17950,train,False
17951,test,False
17952,test,False
17953,train,True
17954,train,True
17955,train,False
17956,train,False
17957,train,False
17958,test,False
17959,test,False
17960,test,False
17961,train,True
17962,test,False
17963,train,True
17964,train,True
17965,test,False
17966,train,False
17967,test,False
17968,train,True
17969,train,True
17970,test,False
17971,train,True
17972,validation,False
17973,train,True
17974,train,True
17975,test,False
17976,train,False
17977,train,True
17978,train,True
17979,train,True
17980,train,True
17981,train,True
17982,train,True
17983,validation,False
17984,train,True
17985,train,True
17986,validation,False
17987,test,False
17988,validation,False
17989,train,False
17990,train,False
17991,validation,False
17992,validation,False
17993,validation,False
17994,train,False
17995,train,False
17996,test,False
17997,validation,False
17998,train,False
17999,train,True
18000,train,True
18001,train,True
18002,train,True
18003,train,True
18004,train,True
18005,train,True
18006,test,False
18007,validation,False
18008,validation,False
18009,train,True
18010,train,True
18011,test,False
18012,train,False
18013,train,True
18014,test,False
18015,train,True
18016,validation,False
18017,train,True
18018,validation,False
18019,train,False
18020,train,False
18021,train,True
18022,train,True
18023,test,False
18024,train,False
18025,validation,False
18026,train,True
18027,test,False
18028,train,False
18029,validation,False
18030,train,False
18031,test,False
18032,validation,False
18033,test,False
18034,train,False
18035,train,True
18036,validation,False
18037,validation,False
18038,train,False
18039,train,True
18040,test,False
18041,train,False
18042,train,True
18043,validation,False
18044,validation,False
18045,train,True
18046,validation,False
18047,train,True
18048,validation,False
18049,train,True
18050,train,True
18051,train,False
18052,validation,False
18053,train,False
18054,test,False
18055,test,False
18056,test,False
18057,train,True
18058,validation,False
18059,validation,False
18060,validation,False
18061,train,False
18062,train,False
18063,validation,False
18064,validation,False
18065,train,False
18066,train,True
18067,train,True
18068,train,True
18069,train,True
18070,train,False
18071,validation,False
18072,train,False
18073,validation,False
18074,train,False
18075,validation,False
18076,train,True
18077,validation,False
18078,validation,False
18079,validation,False
18080,train,False
18081,validation,False
18082,test,False
18083,train,True
18084,validation,False
18085,train,True
18086,validation,False
18087,train,True
18088,train,False
18089,train,True
18090,train,True
18091,train,True
18092,test,False
18093,train,True
18094,train,True
18095,train,False
18096,test,False
18097,train,False
18098,test,False
18099,train,True
18100,validation,False
18101,train,True
18102,train,False
18103,train,True
18104,validation,False
18105,test,False
18106,test,False
18107,train,True
18108,train,True
18109,test,False
18110,train,True
18111,validation,False
18112,test,False
18113,validation,False
18114,train,True
18115,train,True
18116,train,True
18117,train,False
18118,test,False
18119,test,False
18120,train,True
18121,train,True
18122,train,False
18123,test,False
18124,train,True
18125,test,False
18126,train,True
18127,train,True
18128,validation,False
18129,validation,False
18130,train,True
18131,train,False
18132,train,True
18133,train,False
18134,validation,False
18135,train,True
18136,train,True
18137,train,False
18138,validation,False
18139,test,False
18140,validation,False
18141,train,False
18142,train,True
18143,train,True
18144,train,True
18145,train,True
18146,train,True
18147,train,False
18148,test,False
18149,test,False
18150,train,True
18151,test,False
18152,test,False
18153,train,True
18154,train,True
18155,test,False
18156,test,False
18157,train,True
18158,train,True
18159,train,True
18160,train,True
18161,validation,False
18162,train,False
18163,test,False
18164,train,True
18165,train,False
18166,train,False
18167,train,False
18168,train,False
18169,train,False
18170,test,False
18171,test,False
18172,validation,False
18173,train,True
18174,train,True
18175,train,True
18176,test,False
18177,train,True
18178,test,False
18179,validation,False
18180,train,True
18181,validation,False
18182,test,False
18183,train,False
18184,test,False
18185,validation,False
18186,train,True
18187,train,True
18188,validation,False
18189,train,False
18190,train,True
18191,validation,False
18192,test,False
18193,train,False
18194,train,True
18195,train,True
18196,validation,False
18197,train,False
18198,train,True
18199,validation,False
18200,validation,False
18201,train,True
18202,test,False
18203,test,False
18204,train,False
18205,train,False
18206,train,False
18207,test,False
18208,train,True
18209,test,False
18210,test,False
18211,test,False
18212,validation,False
18213,train,True
18214,validation,False
18215,train,False
18216,train,False
18217,validation,False
18218,validation,False
18219,train,True
18220,train,True
18221,validation,False
18222,train,True
18223,train,True
18224,validation,False
18225,train,False
18226,train,False
18227,train,True
18228,train,True
18229,train,True
18230,test,False
18231,train,True
18232,train,True
18233,train,False
18234,train,False
18235,train,True
18236,train,False
18237,validation,False
18238,train,True
18239,train,True
18240,train,True
18241,train,True
18242,test,False
18243,validation,False
18244,train,False
18245,validation,False
18246,train,True
18247,train,True
18248,train,True
18249,train,True
18250,train,True
18251,train,True
18252,train,True
18253,validation,False
18254,train,True
18255,train,False
18256,train,True
18257,train,True
18258,train,False
18259,train,True
18260,train,True
18261,train,True
18262,train,False
18263,validation,False
18264,test,False
18265,validation,False
18266,train,False
18267,train,True
18268,train,False
18269,train,True
18270,train,True
18271,train,True
18272,train,False
18273,train,False
18274,test,False
18275,train,False
18276,train,True
18277,validation,False
18278,train,False
18279,train,False
18280,test,False
18281,test,False
18282,validation,False
18283,test,False
18284,train,False
18285,train,True
18286,train,True
18287,train,True
18288,train,True
18289,train,False
18290,train,True
18291,train,True
18292,train,True
18293,validation,False
18294,train,False
18295,train,True
18296,test,False
18297,validation,False
18298,train,True
18299,train,False
18300,validation,False
18301,validation,False
18302,train,True
18303,train,False
18304,train,True
18305,test,False
18306,test,False
18307,test,False
18308,validation,False
18309,train,False
18310,train,False
18311,train,False
18312,train,False
18313,train,True
18314,validation,False
18315,train,True
18316,train,True
18317,train,True
18318,test,False
18319,validation,False
18320,train,True
18321,validation,False
18322,train,True
18323,test,False
18324,train,False
18325,test,False
18326,train,False
18327,train,False
18328,validation,False
18329,train,True
18330,train,True
18331,train,True
18332,train,True
18333,train,True
18334,validation,False
18335,train,True
18336,train,True
18337,validation,False
18338,validation,False
18339,test,False
18340,train,True
18341,train,True
18342,train,True
18343,validation,False
18344,train,True
18345,train,True
18346,test,False
18347,validation,False
18348,test,False
18349,test,False
18350,test,False
18351,train,False
18352,train,True
18353,train,True
18354,train,True
18355,validation,False
18356,test,False
18357,train,True
18358,train,True
18359,test,False
18360,validation,False
18361,train,True
18362,train,True
18363,train,True
18364,validation,False
18365,test,False
18366,test,False
18367,train,True
18368,train,False
18369,test,False
18370,train,False
18371,test,False
18372,train,True
18373,validation,False
18374,train,True
18375,test,False
18376,validation,False
18377,train,True
18378,validation,False
18379,train,True
18380,test,False
18381,train,True
18382,validation,False
18383,train,True
18384,test,False
18385,train,True
18386,train,True
18387,validation,False
18388,train,False
18389,train,False
18390,train,True
18391,train,True
18392,train,True
18393,train,True
18394,train,False
18395,train,True
18396,train,False
18397,test,False
18398,train,True
18399,test,False
18400,train,True
18401,train,False
18402,train,True
18403,train,True
18404,train,True
18405,train,True
18406,validation,False
18407,train,True
18408,train,True
18409,test,False
18410,train,True
18411,train,False
18412,test,False
18413,train,True
18414,test,False
18415,test,False
18416,train,True
18417,validation,False
18418,train,False
18419,train,False
18420,train,True
18421,train,True
18422,train,False
18423,train,True
18424,test,False
18425,test,False
18426,train,True
18427,test,False
18428,train,False
18429,train,True
18430,train,True
18431,train,False
18432,train,True
18433,train,True
18434,train,True
18435,validation,False
18436,validation,False
18437,train,True
18438,train,False
18439,validation,False
18440,train,True
18441,train,True
18442,train,True
18443,validation,False
18444,train,True
18445,validation,False
18446,train,True
18447,train,True
18448,train,False
18449,validation,False
18450,test,False
18451,test,False
18452,test,False
18453,train,False
18454,validation,False
18455,test,False
18456,test,False
18457,test,False
18458,train,False
18459,validation,False
18460,test,False
18461,train,True
18462,test,False
18463,validation,False
18464,train,True
18465,train,True
18466,test,False
18467,train,True
18468,validation,False
18469,test,False
18470,train,False
18471,train,True
18472,train,False
18473,train,False
18474,train,True
18475,train,True
18476,train,True
18477,test,False
18478,train,True
18479,validation,False
18480,train,True
18481,train,False
18482,train,True
18483,train,True
18484,train,True
18485,validation,False
18486,train,False
18487,test,False
18488,train,True
18489,train,True
18490,train,True
18491,test,False
18492,train,True
18493,train,True
18494,train,True
18495,train,True
18496,train,True
18497,validation,False
18498,train,True
18499,validation,False
18500,validation,False
18501,test,False
18502,train,True
18503,validation,False
18504,validation,False
18505,train,True
18506,train,True
18507,train,False
18508,train,True
18509,train,True
18510,train,False
18511,train,False
18512,train,True
18513,train,False
18514,train,True
18515,train,False
18516,train,True
18517,train,True
18518,train,True
18519,train,True
18520,train,True
18521,train,True
18522,train,False
18523,validation,False
18524,test,False
18525,validation,False
18526,train,False
18527,train,False
18528,train,True
18529,validation,False
18530,train,True
18531,test,False
18532,train,False
18533,validation,False
18534,train,True
18535,validation,False
18536,train,True
18537,train,True
18538,train,False
18539,validation,False
18540,test,False
18541,test,False
18542,train,True
18543,train,False
18544,train,True
18545,train,True
18546,test,False
18547,test,False
18548,train,False
18549,validation,False
18550,train,False
18551,train,True
18552,validation,False
18553,train,True
18554,validation,False
18555,train,False
18556,test,False
18557,test,False
18558,test,False
18559,train,False
18560,validation,False
18561,train,False
18562,train,False
18563,test,False
18564,train,False
18565,validation,False
18566,validation,False
18567,test,False
18568,train,True
18569,train,True
18570,train,True
18571,train,True
18572,test,False
18573,train,True
18574,validation,False
18575,train,True
18576,train,False
18577,train,False
18578,validation,False
18579,validation,False
18580,train,True
18581,train,True
18582,train,True
18583,train,True
18584,test,False
18585,test,False
18586,test,False
18587,validation,False
18588,train,True
18589,validation,False
18590,test,False
18591,train,True
18592,train,True
18593,train,True
18594,train,False
18595,train,True
18596,test,False
18597,train,True
18598,validation,False
18599,test,False
18600,test,False
18601,train,True
18602,test,False
18603,train,False
18604,test,False
18605,train,True
18606,train,False
18607,train,True
18608,validation,False
18609,train,True
18610,train,True
18611,train,False
18612,train,False
18613,train,True
18614,train,True
18615,train,True
18616,train,False
18617,train,True
18618,train,False
18619,train,True
18620,validation,False
18621,train,True
18622,validation,False
18623,train,True
18624,validation,False
18625,test,False
18626,train,True
18627,test,False
18628,train,True
18629,train,True
18630,validation,False
18631,validation,False
18632,train,True
18633,validation,False
18634,validation,False
18635,train,True
18636,train,True
18637,train,True
18638,train,True
18639,validation,False
18640,train,True
18641,train,True
18642,test,False
18643,test,False
18644,train,True
18645,train,False
18646,train,True
18647,validation,False
18648,train,False
18649,validation,False
18650,validation,False
18651,train,True
18652,test,False
18653,train,True
18654,train,False
18655,validation,False
18656,train,True
18657,validation,False
18658,train,True
18659,train,False
18660,train,True
18661,train,False
18662,test,False
18663,train,False
18664,train,True
18665,validation,False
18666,test,False
18667,train,False
18668,train,True
18669,train,False
18670,validation,False
18671,train,True
18672,train,False
18673,validation,False
18674,train,True
18675,validation,False
18676,train,True
18677,train,False
18678,train,True
18679,test,False
18680,train,True
18681,train,True
18682,validation,False
18683,test,False
18684,train,False
18685,validation,False
18686,train,True
18687,test,False
18688,test,False
18689,train,False
18690,validation,False
18691,train,False
18692,test,False
18693,validation,False
18694,test,False
18695,test,False
18696,test,False
18697,train,False
18698,train,True
18699,train,True
18700,validation,False
18701,test,False
18702,train,True
18703,train,True
18704,train,True
18705,train,False
18706,train,False
18707,train,False
18708,test,False
18709,train,False
18710,test,False
18711,validation,False
18712,train,False
18713,train,True
18714,validation,False
18715,train,False
18716,train,True
18717,train,True
18718,validation,False
18719,train,True
18720,train,False
18721,train,False
18722,train,True
18723,train,True
18724,test,False
18725,test,False
18726,test,False
18727,train,True
18728,test,False
18729,train,True
18730,validation,False
18731,train,False
18732,test,False
18733,train,True
18734,test,False
18735,train,True
18736,train,True
18737,train,False
18738,train,False
18739,train,True
18740,train,True
18741,validation,False
18742,train,True
18743,train,True
18744,train,True
18745,test,False
18746,train,True
18747,train,True
18748,validation,False
18749,test,False
18750,validation,False
18751,train,False
18752,train,True
18753,train,True
18754,train,False
18755,train,False
18756,train,True
18757,train,False
18758,train,True
18759,test,False
18760,test,False
18761,test,False
18762,train,True
18763,train,True
18764,validation,False
18765,validation,False
18766,validation,False
18767,train,True
18768,validation,False
18769,test,False
18770,train,True
18771,train,False
18772,test,False
18773,train,True
18774,validation,False
18775,train,True
18776,validation,False
18777,train,True
18778,train,True
18779,train,True
18780,train,False
18781,validation,False
18782,test,False
18783,train,False
18784,train,True
18785,test,False
18786,train,True
18787,train,False
18788,validation,False
18789,test,False
18790,train,True
18791,train,True
18792,validation,False
18793,train,True
18794,train,True
18795,train,True
18796,validation,False
18797,test,False
18798,validation,False
18799,train,True
18800,train,True
18801,train,True
18802,train,True
18803,test,False
18804,validation,False
18805,train,False
18806,test,False
18807,validation,False
18808,train,True
18809,train,False
18810,train,True
18811,train,True
18812,validation,False
18813,validation,False
18814,validation,False
18815,test,False
18816,train,True
18817,validation,False
18818,validation,False
18819,train,True
18820,test,False
18821,train,False
18822,train,True
18823,train,True
18824,train,True
18825,train,True
18826,test,False
18827,validation,False
18828,train,False
18829,test,False
18830,validation,False
18831,train,True
18832,validation,False
18833,test,False
18834,train,True
18835,validation,False
18836,train,False
18837,validation,False
18838,train,False
18839,train,False
18840,validation,False
18841,test,False
18842,train,False
18843,test,False
18844,train,True
18845,train,True
18846,train,False
18847,train,True
18848,test,False
18849,validation,False
18850,validation,False
18851,test,False
18852,train,False
18853,validation,False
18854,validation,False
18855,test,False
18856,test,False
18857,validation,False
18858,train,True
18859,train,True
18860,validation,False
18861,test,False
18862,train,False
18863,train,False
18864,test,False
18865,validation,False
18866,train,True
18867,test,False
18868,validation,False
18869,train,True
18870,train,True
18871,test,False
18872,train,True
18873,validation,False
18874,validation,False
18875,train,False
18876,test,False
18877,validation,False
18878,train,True
18879,validation,False
18880,train,False
18881,test,False
18882,test,False
18883,validation,False
18884,test,False
18885,validation,False
18886,train,True
18887,train,True
18888,train,True
18889,train,True
18890,test,False
18891,train,True
18892,validation,False
18893,test,False
18894,train,False
18895,train,True
18896,train,False
18897,validation,False
18898,train,True
18899,test,False
18900,train,True
18901,train,False
18902,train,True
18903,train,True
18904,train,True
18905,validation,False
18906,test,False
18907,train,False
18908,test,False
18909,train,False
18910,train,False
18911,test,False
18912,train,True
18913,train,False
18914,train,False
18915,train,True
18916,train,True
18917,train,True
18918,test,False
18919,train,True
18920,train,False
18921,train,True
18922,train,False
18923,test,False
18924,train,False
18925,train,True
18926,validation,False
18927,train,True
18928,validation,False
18929,validation,False
18930,train,True
18931,validation,False
18932,train,True
18933,train,True
18934,test,False
18935,validation,False
18936,train,True
18937,test,False
18938,train,True
18939,train,True
18940,test,False
18941,validation,False
18942,test,False
18943,validation,False
18944,train,False
18945,train,True
18946,validation,False
18947,train,True
18948,validation,False
18949,validation,False
18950,train,False
18951,validation,False
18952,train,True
18953,train,True
18954,test,False
18955,test,False
18956,test,False
18957,validation,False
18958,train,True
18959,test,False
18960,train,True
18961,validation,False
18962,validation,False
18963,validation,False
18964,test,False
18965,train,False
18966,train,True
18967,train,False
18968,train,True
18969,train,True
18970,validation,False
18971,validation,False
18972,validation,False
18973,train,True
18974,train,True
18975,train,True
18976,train,True
18977,train,False
18978,train,True
18979,validation,False
18980,train,True
18981,train,True
18982,validation,False
18983,train,True
18984,train,True
18985,validation,False
18986,test,False
18987,validation,False
18988,train,True
18989,train,False
18990,validation,False
18991,train,True
18992,train,False
18993,test,False
18994,validation,False
18995,train,False
18996,test,False
18997,test,False
18998,train,True
18999,train,True
19000,test,False
19001,validation,False
19002,validation,False
19003,validation,False
19004,train,False
19005,train,True
19006,validation,False
19007,train,False
19008,train,False
19009,train,True
19010,train,False
19011,train,False
19012,train,False
19013,validation,False
19014,validation,False
19015,validation,False
19016,validation,False
19017,train,True
19018,validation,False
19019,train,True
19020,validation,False
19021,train,True
19022,train,True
19023,test,False
19024,train,True
19025,train,True
19026,test,False
19027,train,True
19028,train,True
19029,train,False
19030,train,False
19031,test,False
19032,train,True
19033,train,False
19034,test,False
19035,train,True
19036,train,True
19037,train,True
19038,test,False
19039,test,False
19040,train,True
19041,train,False
19042,train,True
19043,train,False
19044,train,True
19045,train,False
19046,train,False
19047,validation,False
19048,train,True
19049,train,True
19050,train,True
19051,train,False
19052,train,False
19053,test,False
19054,train,False
19055,validation,False
19056,test,False
19057,train,True
19058,train,True
19059,test,False
19060,train,False
19061,test,False
19062,train,True
19063,train,False
19064,test,False
19065,train,True
19066,train,True
19067,validation,False
19068,validation,False
19069,test,False
19070,train,True
19071,train,False
19072,train,False
19073,test,False
19074,train,False
19075,test,False
19076,train,True
19077,train,True
19078,train,True
19079,train,True
19080,train,True
19081,validation,False
19082,train,True
19083,test,False
19084,train,False
19085,test,False
19086,train,True
19087,train,True
19088,train,True
19089,train,True
19090,validation,False
19091,validation,False
19092,train,True
19093,validation,False
19094,train,True
19095,train,True
19096,train,True
19097,train,True
19098,validation,False
19099,test,False
19100,test,False
19101,train,False
19102,train,True
19103,test,False
19104,train,True
19105,train,True
19106,test,False
19107,train,True
19108,test,False
19109,train,True
19110,test,False
19111,train,False
19112,train,True
19113,validation,False
19114,validation,False
19115,test,False
19116,train,True
19117,train,True
19118,validation,False
19119,train,True
19120,train,False
19121,test,False
19122,test,False
19123,test,False
19124,test,False
19125,train,False
19126,validation,False
19127,test,False
19128,train,True
19129,test,False
19130,validation,False
19131,train,True
19132,train,False
19133,train,True
19134,train,False
19135,train,False
19136,train,True
19137,train,True
19138,train,True
19139,validation,False
19140,validation,False
19141,train,True
19142,train,False
19143,train,True
19144,train,False
19145,train,True
19146,train,True
19147,validation,False
19148,validation,False
19149,test,False
19150,train,False
19151,train,True
19152,validation,False
19153,train,False
19154,train,True
19155,train,True
19156,train,False
19157,train,True
19158,train,True
19159,test,False
19160,train,True
19161,validation,False
19162,validation,False
19163,train,False
19164,test,False
19165,train,True
19166,test,False
19167,train,False
19168,train,True
19169,train,False
19170,train,False
19171,train,False
19172,test,False
19173,train,False
19174,train,True
19175,validation,False
19176,test,False
19177,test,False
19178,train,True
19179,validation,False
19180,test,False
19181,train,False
19182,train,True
19183,validation,False
19184,test,False
19185,train,True
19186,train,True
19187,train,True
19188,train,True
19189,train,True
19190,train,True
19191,validation,False
19192,validation,False
19193,train,False
19194,train,True
19195,train,True
19196,train,True
19197,train,False
19198,train,True
19199,train,False
19200,train,True
19201,train,False
19202,test,False
19203,validation,False
19204,validation,False
19205,validation,False
19206,test,False
19207,train,True
19208,test,False
19209,train,True
19210,train,False
19211,test,False
19212,train,False
19213,train,True
19214,test,False
19215,train,False
19216,train,True
19217,train,True
19218,train,False
19219,train,False
19220,train,True
19221,train,True
19222,test,False
19223,test,False
19224,train,True
19225,test,False
19226,train,True
19227,train,False
19228,validation,False
19229,train,True
19230,validation,False
19231,validation,False
19232,train,False
19233,train,False
19234,test,False
19235,train,True
19236,train,False
19237,train,True
19238,train,True
19239,train,True
19240,train,True
19241,train,True
19242,test,False
19243,test,False
19244,validation,False
19245,train,True
19246,test,False
19247,train,False
19248,train,True
19249,train,True
19250,test,False
19251,train,False
19252,train,True
19253,validation,False
19254,test,False
19255,train,True
19256,test,False
19257,validation,False
19258,test,False
19259,test,False
19260,validation,False
19261,validation,False
19262,test,False
19263,train,False
19264,train,True
19265,train,True
19266,validation,False
19267,train,True
19268,train,True
19269,train,False
19270,train,True
19271,train,True
19272,train,True
19273,train,False
19274,train,False
19275,train,True
19276,validation,False
19277,test,False
19278,train,True
19279,validation,False
19280,train,True
19281,test,False
19282,train,False
19283,train,False
19284,train,False
19285,train,False
19286,test,False
19287,train,True
19288,test,False
19289,test,False
19290,train,True
19291,validation,False
19292,test,False
19293,validation,False
19294,train,True
19295,train,False
19296,train,True
19297,validation,False
19298,train,False
19299,test,False
19300,train,False
19301,test,False
19302,train,False
19303,train,False
19304,train,True
19305,train,True
19306,train,True
19307,train,False
19308,test,False
19309,test,False
19310,train,True
19311,train,True
19312,train,False
19313,validation,False
19314,train,True
19315,train,True
19316,train,False
19317,test,False
19318,validation,False
19319,train,False
19320,test,False
19321,train,True
19322,train,True
19323,train,True
19324,validation,False
19325,train,True
19326,test,False
19327,train,True
19328,train,False
19329,train,True
19330,validation,False
19331,train,True
19332,validation,False
19333,validation,False
19334,train,True
19335,train,True
19336,train,True
19337,validation,False
19338,train,False
19339,test,False
19340,test,False
19341,train,False
19342,train,True
19343,validation,False
19344,train,True
19345,train,False
19346,train,True
19347,train,False
19348,validation,False
19349,train,True
19350,validation,False
19351,train,True
19352,test,False
19353,train,True
19354,train,True
19355,train,True
19356,train,True
19357,train,True
19358,validation,False
19359,train,False
19360,train,True
19361,test,False
19362,validation,False
19363,validation,False
19364,train,True
19365,train,True
19366,validation,False
19367,train,True
19368,test,False
19369,train,True
19370,train,True
19371,train,False
19372,train,False
19373,test,False
19374,train,True
19375,train,True
19376,validation,False
19377,train,True
19378,train,True
19379,train,False
19380,test,False
19381,test,False
19382,train,True
19383,test,False
19384,test,False
19385,train,True
19386,train,False
19387,validation,False
19388,validation,False
19389,validation,False
19390,test,False
19391,train,False
19392,train,True
19393,train,False
19394,train,True
19395,train,True
19396,test,False
19397,train,True
19398,train,True
19399,train,True
19400,train,True
19401,test,False
19402,train,True
19403,train,True
19404,train,False
19405,train,False
19406,train,False
19407,validation,False
19408,test,False
19409,train,True
19410,train,True
19411,train,True
19412,validation,False
19413,test,False
19414,validation,False
19415,train,False
19416,test,False
19417,test,False
19418,train,False
19419,train,False
19420,train,True
19421,train,False
19422,test,False
19423,train,False
19424,train,False
19425,validation,False
19426,train,False
19427,train,False
19428,train,True
19429,train,False
19430,test,False
19431,train,False
19432,test,False
19433,test,False
19434,train,True
19435,train,False
19436,train,False
19437,validation,False
19438,test,False
19439,train,True
19440,train,True
19441,train,True
19442,test,False
19443,train,True
19444,test,False
19445,test,False
19446,test,False
19447,validation,False
19448,test,False
19449,train,True
19450,train,True
19451,train,False
19452,train,False
19453,train,True
19454,test,False
19455,validation,False
19456,train,True
19457,test,False
19458,train,True
19459,validation,False
19460,test,False
19461,train,False
19462,train,True
19463,validation,False
19464,validation,False
19465,test,False
19466,test,False
19467,train,False
19468,train,True
19469,train,True
19470,train,False
19471,test,False
19472,train,False
19473,validation,False
19474,test,False
19475,test,False
19476,train,True
19477,validation,False
19478,test,False
19479,train,False
19480,train,True
19481,test,False
19482,train,False
19483,validation,False
19484,test,False
19485,train,True
19486,validation,False
19487,train,False
19488,train,False
19489,test,False
19490,train,True
19491,validation,False
19492,train,True
19493,train,True
19494,train,True
19495,validation,False
19496,train,True
19497,validation,False
19498,train,False
19499,train,False
19500,train,False
19501,train,True
19502,train,True
19503,validation,False
19504,validation,False
19505,train,True
19506,train,False
19507,validation,False
19508,train,False
19509,train,True
19510,train,False
19511,train,True
19512,train,True
19513,validation,False
19514,validation,False
19515,train,True
19516,test,False
19517,test,False
19518,train,True
19519,train,False
19520,train,True
19521,train,True
19522,validation,False
19523,train,True
19524,test,False
19525,train,True
19526,train,True
19527,train,True
19528,train,False
19529,validation,False
19530,validation,False
19531,validation,False
19532,train,True
19533,train,True
19534,test,False
19535,test,False
19536,train,True
19537,test,False
19538,train,False
19539,train,False
19540,train,True
19541,train,True
19542,test,False
19543,train,False
19544,train,True
19545,test,False
19546,train,True
19547,validation,False
19548,train,True
19549,validation,False
19550,train,True
19551,train,False
19552,test,False
19553,validation,False
19554,train,True
19555,train,True
19556,train,True
19557,train,True
19558,train,True
19559,train,False
19560,train,True
19561,validation,False
19562,test,False
19563,train,True
19564,test,False
19565,train,False
19566,train,False
19567,validation,False
19568,train,True
19569,train,True
19570,train,True
19571,test,False
19572,train,True
19573,train,False
19574,train,False
19575,train,True
19576,train,True
19577,train,True
19578,train,True
19579,test,False
19580,train,True
19581,train,True
19582,validation,False
19583,validation,False
19584,train,True
19585,train,True
19586,test,False
19587,validation,False
19588,train,True
19589,train,False
19590,validation,False
19591,validation,False
19592,train,False
19593,validation,False
19594,train,False
19595,validation,False
19596,train,True
19597,train,True
19598,test,False
19599,train,True
19600,train,True
19601,test,False
19602,train,True
19603,train,True
19604,train,True
19605,validation,False
19606,test,False
19607,train,True
19608,train,True
19609,test,False
19610,train,True
19611,validation,False
19612,train,False
19613,validation,False
19614,train,True
19615,train,True
19616,test,False
19617,train,True
19618,train,True
19619,train,False
19620,train,True
19621,train,False
19622,train,True
19623,train,False
19624,train,False
19625,train,True
19626,train,True
19627,train,True
19628,train,True
19629,train,True
19630,train,True
19631,train,False
19632,train,True
19633,validation,False
19634,validation,False
19635,test,False
19636,train,False
19637,train,True
19638,validation,False
19639,train,True
19640,train,True
19641,train,False
19642,train,True
19643,train,False
19644,test,False
19645,train,True
19646,validation,False
19647,train,False
19648,test,False
19649,train,True
19650,validation,False
19651,train,True
19652,train,True
19653,train,True
19654,train,True
19655,validation,False
19656,test,False
19657,train,False
19658,train,True
19659,train,True
19660,train,True
19661,validation,False
19662,train,False
19663,test,False
19664,test,False
19665,train,False
19666,train,True
19667,train,False
19668,train,True
19669,test,False
19670,train,False
19671,validation,False
19672,train,False
19673,train,True
19674,validation,False
19675,validation,False
19676,validation,False
19677,test,False
19678,train,True
19679,train,True
19680,train,False
19681,train,True
19682,train,True
19683,train,False
19684,validation,False
19685,train,True
19686,train,True
19687,train,True
19688,train,True
19689,test,False
19690,train,True
19691,test,False
19692,train,True
19693,validation,False
19694,train,True
19695,test,False
19696,train,True
19697,train,True
19698,train,True
19699,validation,False
19700,validation,False
19701,test,False
19702,train,False
19703,train,True
19704,test,False
19705,train,True
19706,train,True
19707,train,True
19708,test,False
19709,train,True
19710,train,True
19711,test,False
19712,train,True
19713,train,True
19714,train,True
19715,validation,False
19716,validation,False
19717,train,False
19718,test,False
19719,validation,False
19720,test,False
19721,validation,False
19722,validation,False
19723,train,False
19724,train,True
19725,validation,False
19726,train,True
19727,train,False
19728,validation,False
19729,validation,False
19730,test,False
19731,train,False
19732,test,False
19733,train,True
19734,test,False
19735,train,True
19736,train,False
19737,test,False
19738,validation,False
19739,train,True
19740,train,True
19741,train,True
19742,test,False
19743,train,True
19744,train,True
19745,train,True
19746,train,False
19747,validation,False
19748,train,True
19749,train,False
19750,validation,False
19751,validation,False
19752,train,True
19753,train,True
19754,validation,False
19755,train,False
19756,train,True
19757,train,True
19758,test,False
19759,train,True
19760,train,False
19761,train,True
19762,train,False
19763,train,False
19764,test,False
19765,test,False
19766,validation,False
19767,test,False
19768,train,False
19769,train,False
19770,train,False
19771,train,True
19772,train,True
19773,train,True
19774,validation,False
19775,validation,False
19776,train,True
19777,test,False
19778,train,True
19779,validation,False
19780,train,True
19781,validation,False
19782,train,True
19783,train,True
19784,test,False
19785,train,True
19786,test,False
19787,train,False
19788,train,True
19789,train,True
19790,test,False
19791,train,True
19792,test,False
19793,train,True
19794,train,True
19795,train,False
19796,validation,False
19797,test,False
19798,train,True
19799,train,False
19800,train,False
19801,train,True
19802,train,True
19803,test,False
19804,validation,False
19805,train,True
19806,train,True
19807,test,False
19808,train,True
19809,train,False
19810,test,False
19811,train,True
19812,test,False
19813,validation,False
19814,validation,False
19815,train,True
19816,train,False
19817,train,True
19818,train,True
19819,test,False
19820,train,True
19821,train,False
19822,test,False
19823,train,False
19824,train,False
19825,train,True
19826,train,True
19827,train,True
19828,train,True
19829,test,False
19830,test,False
19831,train,True
19832,train,False
19833,train,True
19834,train,True
19835,train,True
19836,train,True
19837,train,True
19838,train,False
19839,train,True
19840,validation,False
19841,train,True
19842,validation,False
19843,test,False
19844,validation,False
19845,validation,False
19846,test,False
19847,train,True
19848,train,True
19849,validation,False
19850,test,False
19851,validation,False
19852,train,True
19853,train,False
19854,validation,False
19855,train,False
19856,validation,False
19857,validation,False
19858,train,False
19859,train,True
19860,train,True
19861,train,True
19862,validation,False
19863,train,True
19864,train,True
19865,train,False
19866,test,False
19867,test,False
19868,train,True
19869,test,False
19870,train,False
19871,train,True
19872,test,False
19873,train,True
19874,train,False
19875,test,False
19876,train,True
19877,test,False
19878,train,False
19879,test,False
19880,train,True
19881,train,False
19882,train,True
19883,test,False
19884,train,True
19885,train,True
19886,train,False
19887,train,True
19888,validation,False
19889,train,True
19890,train,True
19891,train,False
19892,train,False
19893,test,False
19894,train,True
19895,train,False
19896,train,True
19897,train,True
19898,train,True
19899,validation,False
19900,train,True
19901,train,True
19902,test,False
19903,validation,False
19904,test,False
19905,validation,False
19906,test,False
19907,train,True
19908,train,False
19909,test,False
19910,test,False
19911,train,False
19912,train,True
19913,train,True
19914,train,True
19915,train,True
19916,test,False
19917,test,False
19918,validation,False
19919,train,True
19920,train,True
19921,train,True
19922,train,True
19923,train,False
19924,validation,False
19925,test,False
19926,test,False
19927,test,False
19928,train,True
19929,validation,False
19930,train,False
19931,train,False
19932,train,False
19933,validation,False
19934,test,False
19935,train,True
19936,train,True
19937,train,True
19938,train,True
19939,train,True
19940,train,False
19941,validation,False
19942,test,False
19943,validation,False
19944,test,False
19945,test,False
19946,train,False
19947,train,True
19948,train,False
19949,test,False
19950,validation,False
19951,validation,False
19952,validation,False
19953,train,True
19954,train,True
19955,test,False
19956,validation,False
19957,train,True
19958,train,False
19959,train,False
19960,train,True
19961,train,True
19962,test,False
19963,train,False
19964,train,True
19965,train,True
19966,train,False
19967,train,True
19968,validation,False
19969,train,True
19970,validation,False
19971,train,True
19972,train,False
19973,test,False
19974,train,True
19975,validation,False
19976,train,True
19977,validation,False
19978,train,False
19979,train,False
19980,train,True
19981,validation,False
19982,train,True
19983,train,True
19984,train,True
19985,test,False
19986,train,True
19987,test,False
19988,test,False
19989,test,False
19990,validation,False
19991,validation,False
19992,validation,False
19993,train,True
19994,validation,False
19995,validation,False
19996,train,False
19997,validation,False
19998,train,True
19999,train,False
20000,test,False
20001,validation,False
20002,test,False
20003,train,False
20004,train,False
20005,train,True
20006,train,True
20007,train,True
20008,validation,False
20009,train,True
20010,train,True
20011,test,False
20012,train,False
20013,validation,False
20014,validation,False
20015,test,False
20016,train,False
20017,validation,False
20018,validation,False
20019,train,True
20020,train,True
20021,train,True
20022,validation,False
20023,train,False
20024,validation,False
20025,validation,False
20026,test,False
20027,train,True
20028,test,False
20029,train,False
20030,train,True
20031,train,False
20032,test,False
20033,validation,False
20034,train,False
20035,train,True
20036,train,False
20037,test,False
20038,train,True
20039,train,True
20040,train,True
20041,test,False
20042,train,True
20043,train,True
20044,train,True
20045,train,True
20046,train,False
20047,validation,False
20048,validation,False
20049,test,False
20050,test,False
20051,train,True
20052,train,False
20053,test,False
20054,test,False
20055,train,True
20056,train,True
20057,train,True
20058,test,False
20059,train,True
20060,test,False
20061,train,True
20062,train,True
20063,train,True
20064,validation,False
20065,train,True
20066,train,False
20067,test,False
20068,train,True
20069,train,True
20070,validation,False
20071,test,False
20072,train,True
20073,train,True
20074,train,False
20075,train,True
20076,train,True
20077,train,False
20078,train,False
20079,train,True
20080,train,False
20081,train,True
20082,test,False
20083,train,True
20084,test,False
20085,test,False
20086,test,False
20087,train,False
20088,test,False
20089,train,True
20090,validation,False
20091,train,False
20092,test,False
20093,train,True
20094,train,True
20095,validation,False
20096,train,False
20097,validation,False
20098,train,False
20099,train,True
20100,train,True
20101,test,False
20102,train,True
20103,train,True
20104,train,True
20105,train,True
20106,validation,False
20107,train,False
20108,test,False
20109,train,True
20110,train,True
20111,train,False
20112,validation,False
20113,validation,False
20114,train,True
20115,train,True
20116,test,False
20117,train,True
20118,validation,False
20119,train,True
20120,train,True
20121,train,False
20122,validation,False
20123,test,False
20124,test,False
20125,train,False
20126,train,True
20127,train,True
20128,train,True
20129,train,True
20130,train,True
20131,train,True
20132,validation,False
20133,test,False
20134,validation,False
20135,test,False
20136,train,True
20137,validation,False
20138,validation,False
20139,test,False
20140,train,True
20141,train,False
20142,train,True
20143,validation,False
20144,train,True
20145,test,False
20146,validation,False
20147,train,False
20148,test,False
20149,train,False
20150,train,True
20151,train,True
20152,test,False
20153,validation,False
20154,validation,False
20155,validation,False
20156,validation,False
20157,train,False
20158,train,True
20159,train,True
20160,train,False
20161,test,False
20162,validation,False
20163,train,True
20164,validation,False
20165,train,False
20166,validation,False
20167,validation,False
20168,train,True
20169,validation,False
20170,train,False
20171,train,True
20172,train,False
20173,train,True
20174,test,False
20175,train,False
20176,train,False
20177,train,True
20178,test,False
20179,train,True
20180,test,False
20181,train,False
20182,train,True
20183,validation,False
20184,test,False
20185,test,False
20186,train,False
20187,train,True
20188,train,False
20189,test,False
20190,train,True
20191,train,True
20192,validation,False
20193,test,False
20194,validation,False
20195,train,False
20196,train,True
20197,validation,False
20198,train,False
20199,train,True
20200,train,True
20201,test,False
20202,train,True
20203,train,True
20204,train,False
20205,train,True
20206,validation,False
20207,train,True
20208,test,False
20209,validation,False
20210,train,True
20211,validation,False
20212,train,True
20213,train,False
20214,validation,False
20215,train,False
20216,validation,False
20217,train,True
20218,train,False
20219,test,False
20220,test,False
20221,train,True
20222,train,False
20223,train,True
20224,train,False
20225,test,False
20226,train,True
20227,train,False
20228,train,False
20229,train,True
20230,validation,False
20231,validation,False
20232,train,True
20233,test,False
20234,train,True
20235,test,False
20236,validation,False
20237,train,True
20238,train,True
20239,train,True
20240,test,False
20241,train,True
20242,validation,False
20243,train,True
20244,validation,False
20245,train,False
20246,train,True
20247,train,True
20248,train,True
20249,train,False
20250,train,False
20251,test,False
20252,train,False
20253,train,True
20254,train,False
20255,test,False
20256,train,False
20257,train,False
20258,train,True
20259,validation,False
20260,validation,False
20261,train,False
20262,train,True
20263,validation,False
20264,test,False
20265,train,True
20266,train,False
20267,validation,False
20268,train,True
20269,train,False
20270,train,True
20271,train,True
20272,validation,False
20273,train,True
20274,train,True
20275,train,False
20276,train,False
20277,train,False
20278,train,False
20279,validation,False
20280,train,True
20281,train,True
20282,test,False
20283,test,False
20284,train,True
20285,train,False
20286,validation,False
20287,train,True
20288,train,True
20289,train,True
20290,train,True
20291,train,False
20292,train,True
20293,train,True
20294,train,True
20295,train,True
20296,train,True
20297,test,False
20298,train,False
20299,train,False
20300,train,False
20301,train,True
20302,validation,False
20303,train,True
20304,train,True
20305,validation,False
20306,train,True
20307,train,True
20308,train,True
20309,train,True
20310,validation,False
20311,train,True
20312,train,False
20313,train,False
20314,train,True
20315,validation,False
20316,train,True
20317,validation,False
20318,train,True
20319,train,False
20320,train,True
20321,train,False
20322,train,False
20323,train,False
20324,test,False
20325,train,True
20326,validation,False
20327,train,False
20328,validation,False
20329,train,True
20330,validation,False
20331,train,True
20332,train,True
20333,test,False
20334,train,True
20335,train,True
20336,train,False
20337,train,False
20338,train,True
20339,train,True
20340,train,True
20341,train,True
20342,test,False
20343,train,True
20344,train,True
20345,train,False
20346,train,False
20347,train,False
20348,train,True
20349,train,False
20350,train,False
20351,train,False
20352,test,False
20353,validation,False
20354,train,True
20355,test,False
20356,train,False
20357,train,True
20358,train,True
20359,train,True
20360,train,True
20361,train,True
20362,validation,False
20363,train,False
20364,train,True
20365,validation,False
20366,train,False
20367,train,True
20368,train,False
20369,train,False
20370,validation,False
20371,train,True
20372,validation,False
20373,validation,False
20374,train,True
20375,train,True
20376,train,True
20377,train,True
20378,validation,False
20379,train,True
20380,validation,False
20381,test,False
20382,train,False
20383,train,True
20384,train,True
20385,train,False
20386,train,True
20387,test,False
20388,train,True
20389,test,False
20390,validation,False
20391,test,False
20392,train,False
20393,train,True
20394,validation,False
20395,test,False
20396,train,True
20397,train,False
20398,validation,False
20399,test,False
20400,test,False
20401,train,False
20402,test,False
20403,train,True
20404,validation,False
20405,validation,False
20406,train,True
20407,train,True
20408,train,False
20409,train,True
20410,train,True
20411,validation,False
20412,validation,False
20413,train,True
20414,train,True
20415,validation,False
20416,validation,False
20417,validation,False
20418,train,False
20419,validation,False
20420,validation,False
20421,test,False
20422,train,True
20423,train,True
20424,train,True
20425,test,False
20426,train,False
20427,train,True
20428,test,False
20429,train,True
20430,train,True
20431,test,False
20432,train,True
20433,train,False
20434,train,True
20435,train,True
20436,train,False
20437,train,False
20438,train,False
20439,test,False
20440,validation,False
20441,train,False
20442,train,False
20443,train,False
20444,test,False
20445,train,False
20446,validation,False
20447,validation,False
20448,validation,False
20449,test,False
20450,test,False
20451,test,False
20452,train,True
20453,validation,False
20454,test,False
20455,train,False
20456,train,True
20457,train,True
20458,train,True
20459,train,False
20460,test,False
20461,validation,False
20462,validation,False
20463,train,True
20464,train,True
20465,train,False
20466,train,True
20467,train,True
20468,train,False
20469,test,False
20470,train,False
20471,train,True
20472,train,True
20473,train,False
20474,train,False
20475,train,True
20476,train,True
20477,train,False
20478,train,True
20479,train,True
20480,test,False
20481,test,False
20482,test,False
20483,test,False
20484,train,True
20485,test,False
20486,test,False
20487,validation,False
20488,train,True
20489,validation,False
20490,test,False
20491,validation,False
20492,test,False
20493,train,True
20494,train,False
20495,train,False
20496,train,True
20497,train,True
20498,train,False
20499,train,True
20500,validation,False
20501,validation,False
20502,validation,False
20503,test,False
20504,train,True
20505,train,False
20506,train,False
20507,train,True
20508,test,False
20509,train,True
20510,train,True
20511,validation,False
20512,validation,False
20513,test,False
20514,validation,False
20515,train,True
20516,train,False
20517,test,False
20518,test,False
20519,validation,False
20520,train,True
20521,train,True
20522,train,True
20523,test,False
20524,train,True
20525,train,True
20526,test,False
20527,train,True
20528,validation,False
20529,validation,False
20530,validation,False
20531,validation,False
20532,test,False
20533,test,False
20534,train,False
20535,test,False
20536,train,True
20537,train,True
20538,train,False
20539,test,False
20540,test,False
20541,validation,False
20542,train,True
20543,validation,False
20544,validation,False
20545,train,True
20546,train,True
20547,test,False
20548,train,True
20549,train,False
20550,train,True
20551,train,True
20552,test,False
20553,train,True
20554,train,True
20555,validation,False
20556,train,False
20557,train,True
20558,train,False
20559,train,False
20560,train,True
20561,validation,False
20562,validation,False
20563,train,True
20564,train,True
20565,test,False
20566,validation,False
20567,test,False
20568,train,True
20569,train,False
20570,train,True
20571,validation,False
20572,train,True
20573,train,False
20574,train,True
20575,validation,False
20576,validation,False
20577,validation,False
20578,train,True
20579,test,False
20580,test,False
20581,validation,False
20582,train,False
20583,train,True
20584,test,False
20585,test,False
20586,test,False
20587,validation,False
20588,train,True
20589,train,True
20590,train,False
20591,train,True
20592,validation,False
20593,test,False
20594,train,True
20595,train,True
20596,validation,False
20597,validation,False
20598,train,True
20599,test,False
20600,train,False
20601,validation,False
20602,test,False
20603,test,False
20604,test,False
20605,test,False
20606,test,False
20607,validation,False
20608,test,False
20609,train,False
20610,test,False
20611,train,False
20612,train,False
20613,train,False
20614,train,True
20615,test,False
20616,train,True
20617,train,False
20618,validation,False
20619,train,False
20620,train,True
20621,train,True
20622,train,True
20623,test,False
20624,train,True
20625,validation,False
20626,validation,False
20627,train,True
20628,test,False
20629,validation,False
20630,train,True
20631,test,False
20632,validation,False
20633,train,True
20634,train,True
20635,train,True
20636,validation,False
20637,train,False
20638,train,True
20639,validation,False
20640,test,False
20641,train,True
20642,test,False
20643,train,False
20644,train,True
20645,train,False
20646,validation,False
20647,test,False
20648,train,False
20649,validation,False
20650,train,True
20651,validation,False
20652,train,True
20653,train,False
20654,train,False
20655,train,True
20656,test,False
20657,train,False
20658,train,True
20659,train,False
20660,train,True
20661,train,True
20662,train,False
20663,train,True
20664,train,True
20665,train,True
20666,train,True
20667,validation,False
20668,validation,False
20669,train,True
20670,validation,False
20671,train,False
20672,validation,False
20673,test,False
20674,validation,False
20675,train,True
20676,test,False
20677,test,False
20678,train,True
20679,test,False
20680,train,False
20681,train,True
20682,train,True
20683,train,True
20684,validation,False
20685,validation,False
20686,train,True
20687,test,False
20688,train,True
20689,train,False
20690,validation,False
20691,train,True
20692,test,False
20693,train,True
20694,validation,False
20695,train,False
20696,train,False
20697,train,True
20698,validation,False
20699,train,False
20700,validation,False
20701,train,False
20702,test,False
20703,train,False
20704,validation,False
20705,train,True
20706,train,True
20707,validation,False
20708,test,False
20709,train,False
20710,test,False
20711,train,True
20712,validation,False
20713,validation,False
20714,train,False
20715,train,True
20716,train,True
20717,test,False
20718,train,True
20719,test,False
20720,validation,False
20721,train,True
20722,test,False
20723,test,False
20724,train,False
20725,train,True
20726,train,True
20727,train,True
20728,validation,False
20729,validation,False
20730,validation,False
20731,test,False
20732,train,True
20733,test,False
20734,train,True
20735,train,True
20736,train,False
20737,train,True
20738,train,False
20739,train,True
20740,validation,False
20741,validation,False
20742,train,True
20743,test,False
20744,validation,False
20745,train,True
20746,train,True
20747,train,True
20748,train,False
20749,train,True
20750,train,True
20751,train,True
20752,train,False
20753,test,False
20754,train,True
20755,train,True
20756,validation,False
20757,train,True
20758,test,False
20759,train,True
20760,train,True
20761,test,False
20762,test,False
20763,validation,False
20764,validation,False
20765,train,False
20766,validation,False
20767,train,True
20768,validation,False
20769,test,False
20770,test,False
20771,test,False
20772,train,True
20773,train,True
20774,train,False
20775,train,True
20776,train,True
20777,train,True
20778,validation,False
20779,test,False
20780,test,False
20781,validation,False
20782,validation,False
20783,train,False
20784,train,True
20785,validation,False
20786,train,True
20787,train,True
20788,test,False
20789,test,False
20790,train,True
20791,train,False
20792,train,False
20793,train,True
20794,validation,False
20795,validation,False
20796,train,True
20797,train,True
20798,validation,False
20799,validation,False
20800,validation,False
20801,train,True
20802,test,False
20803,train,True
20804,train,False
20805,train,False
20806,train,False
20807,validation,False
20808,validation,False
20809,validation,False
20810,train,True
20811,train,True
20812,train,False
20813,validation,False
20814,validation,False
20815,train,True
20816,validation,False
20817,validation,False
20818,validation,False
20819,train,True
20820,validation,False
20821,test,False
20822,train,False
20823,validation,False
20824,test,False
20825,train,True
20826,train,True
20827,train,True
20828,validation,False
20829,train,True
20830,train,False
20831,test,False
20832,train,False
20833,validation,False
20834,train,True
20835,train,True
20836,validation,False
20837,train,True
20838,train,True
20839,validation,False
20840,test,False
20841,train,True
20842,validation,False
20843,test,False
20844,train,False
20845,train,True
20846,validation,False
20847,test,False
20848,validation,False
20849,train,True
20850,validation,False
20851,validation,False
20852,train,False
20853,train,True
20854,train,True
20855,train,False
20856,train,True
20857,train,True
20858,validation,False
20859,train,False
20860,train,False
20861,train,True
20862,test,False
20863,validation,False
20864,train,True
20865,train,False
20866,train,True
20867,train,True
20868,train,True
20869,train,False
20870,train,False
20871,train,True
20872,train,False
20873,test,False
20874,validation,False
20875,validation,False
20876,validation,False
20877,train,True
20878,train,True
20879,test,False
20880,train,True
20881,train,False
20882,validation,False
20883,validation,False
20884,train,True
20885,train,True
20886,train,False
20887,test,False
20888,train,False
20889,train,False
20890,train,True
20891,train,True
20892,validation,False
20893,train,False
20894,validation,False
20895,test,False
20896,train,True
20897,train,True
20898,train,True
20899,test,False
20900,train,True
20901,train,True
20902,train,False
20903,validation,False
20904,train,True
20905,test,False
20906,validation,False
20907,train,True
20908,train,False
20909,train,False
20910,validation,False
20911,train,True
20912,train,True
20913,validation,False
20914,train,True
20915,train,True
20916,test,False
20917,train,True
20918,train,True
20919,validation,False
20920,train,True
20921,train,True
20922,validation,False
20923,train,False
20924,train,False
20925,train,True
20926,train,False
20927,train,True
20928,train,True
20929,test,False
20930,test,False
20931,train,True
20932,train,True
20933,train,False
20934,test,False
20935,train,True
20936,test,False
20937,validation,False
20938,train,True
20939,train,True
20940,test,False
20941,train,True
20942,test,False
20943,test,False
20944,test,False
20945,test,False
20946,train,False
20947,train,True
20948,train,True
20949,train,False
20950,train,True
20951,train,True
20952,train,False
20953,train,True
20954,train,True
20955,train,True
20956,validation,False
20957,train,True
20958,validation,False
20959,train,False
20960,test,False
20961,train,False
20962,test,False
20963,train,True
20964,train,False
20965,train,True
20966,test,False
20967,train,True
20968,validation,False
20969,train,True
20970,test,False
20971,train,True
20972,test,False
20973,train,False
20974,train,True
20975,train,True
20976,test,False
20977,test,False
20978,train,True
20979,train,True
20980,train,True
20981,train,True
20982,train,False
20983,test,False
20984,train,False
20985,validation,False
20986,train,False
20987,train,True
20988,validation,False
20989,validation,False
20990,validation,False
20991,train,True
20992,train,True
20993,test,False
20994,validation,False
20995,test,False
20996,train,False
20997,train,True
20998,train,False
20999,train,False
21000,train,False
21001,train,True
21002,train,True
21003,validation,False
21004,test,False
21005,train,True
21006,train,False
21007,test,False
21008,train,True
21009,validation,False
21010,train,True
21011,train,True
21012,train,True
21013,validation,False
21014,train,True
21015,train,True
21016,validation,False
21017,train,True
21018,validation,False
21019,validation,False
21020,validation,False
21021,train,False
21022,test,False
21023,test,False
21024,train,True
21025,train,True
21026,test,False
21027,train,True
21028,test,False
21029,train,True
21030,validation,False
21031,train,True
21032,train,True
21033,validation,False
21034,train,True
21035,train,False
21036,train,True
21037,train,True
21038,train,True
21039,validation,False
21040,test,False
21041,train,True
21042,train,True
21043,train,False
21044,test,False
21045,train,True
21046,train,True
21047,train,True
21048,train,False
21049,train,False
21050,test,False
21051,train,False
21052,train,False
21053,train,True
21054,train,True
21055,test,False
21056,train,True
21057,test,False
21058,validation,False
21059,train,True
21060,train,True
21061,train,False
21062,validation,False
21063,train,True
21064,validation,False
21065,train,False
21066,test,False
21067,train,True
21068,train,True
21069,train,True
21070,train,True
21071,train,True
21072,train,False
21073,validation,False
21074,train,True
21075,validation,False
21076,validation,False
21077,train,True
21078,validation,False
21079,train,True
21080,train,True
21081,train,True
21082,train,True
21083,train,False
21084,train,True
21085,train,True
21086,train,True
21087,train,False
21088,test,False
21089,validation,False
21090,test,False
21091,validation,False
21092,test,False
21093,validation,False
21094,train,True
21095,validation,False
21096,test,False
21097,test,False
21098,train,False
21099,test,False
21100,train,True
21101,train,False
21102,train,True
21103,train,True
21104,train,True
21105,train,True
21106,validation,False
21107,validation,False
21108,train,True
21109,test,False
21110,train,True
21111,train,True
21112,validation,False
21113,validation,False
21114,train,True
21115,train,True
21116,test,False
21117,test,False
21118,validation,False
21119,validation,False
21120,test,False
21121,train,True
21122,validation,False
21123,train,False
21124,test,False
21125,validation,False
21126,train,False
21127,train,True
21128,validation,False
21129,train,True
21130,train,False
21131,train,True
21132,train,True
21133,train,True
21134,validation,False
21135,train,False
21136,validation,False
21137,test,False
21138,test,False
21139,train,True
21140,validation,False
21141,train,True
21142,train,True
21143,validation,False
21144,train,True
21145,train,True
21146,train,True
21147,train,True
21148,train,True
21149,train,True
21150,test,False
21151,train,True
21152,train,False
21153,train,False
21154,validation,False
21155,train,True
21156,train,False
21157,validation,False
21158,train,True
21159,test,False
21160,train,False
21161,train,True
21162,train,True
21163,validation,False
21164,train,True
21165,validation,False
21166,train,True
21167,test,False
21168,train,True
21169,validation,False
21170,train,True
21171,validation,False
21172,train,True
21173,train,True
21174,test,False
21175,test,False
21176,train,True
21177,validation,False
21178,train,False
21179,train,True
21180,train,True
21181,train,True
21182,validation,False
21183,test,False
21184,train,False
21185,train,False
21186,train,True
21187,validation,False
21188,validation,False
21189,test,False
21190,train,False
21191,test,False
21192,train,True
21193,train,True
21194,validation,False
21195,train,True
21196,train,True
21197,validation,False
21198,test,False
21199,train,True
21200,train,True
21201,validation,False
21202,train,True
21203,validation,False
21204,train,True
21205,test,False
21206,train,False
21207,train,True
21208,test,False
21209,train,False
21210,train,True
21211,train,False
21212,test,False
21213,train,False
21214,validation,False
21215,train,True
21216,validation,False
21217,train,False
21218,validation,False
21219,train,False
21220,train,True
21221,train,True
21222,train,True
21223,validation,False
21224,train,False
21225,train,True
21226,train,True
21227,train,True
21228,train,True
21229,train,False
21230,validation,False
21231,validation,False
21232,train,False
21233,validation,False
21234,train,True
21235,test,False
21236,train,True
21237,validation,False
21238,train,True
21239,train,True
21240,test,False
21241,validation,False
21242,train,True
21243,train,True
21244,train,True
21245,test,False
21246,test,False
21247,train,True
21248,train,True
21249,train,True
21250,validation,False
21251,validation,False
21252,train,False
21253,validation,False
21254,test,False
21255,train,True
21256,validation,False
21257,test,False
21258,test,False
21259,validation,False
21260,test,False
21261,train,True
21262,test,False
21263,test,False
21264,validation,False
21265,train,True
21266,train,True
21267,train,False
21268,train,True
21269,train,True
21270,test,False
21271,train,True
21272,train,False
21273,train,True
21274,train,True
21275,test,False
21276,train,False
21277,test,False
21278,train,False
21279,train,False
21280,validation,False
21281,test,False
21282,train,False
21283,test,False
21284,test,False
21285,test,False
21286,train,False
21287,train,True
21288,validation,False
21289,train,True
21290,train,True
21291,train,True
21292,train,True
21293,train,False
21294,test,False
21295,train,True
21296,train,True
21297,train,False
21298,train,True
21299,test,False
21300,train,False
21301,test,False
21302,train,False
21303,train,True
21304,validation,False
21305,test,False
21306,train,False
21307,train,True
21308,train,True
21309,train,True
21310,train,True
21311,train,False
21312,test,False
21313,train,True
21314,train,False
21315,train,True
21316,test,False
21317,train,False
21318,train,False
21319,train,True
21320,train,True
21321,train,True
21322,validation,False
21323,train,True
21324,train,True
21325,train,True
21326,train,False
21327,train,True
21328,train,True
21329,train,True
21330,train,True
21331,train,True
21332,train,False
21333,train,True
21334,train,False
21335,train,False
21336,validation,False
21337,test,False
21338,train,True
21339,train,True
21340,test,False
21341,train,True
21342,train,True
21343,test,False
21344,train,True
21345,test,False
21346,validation,False
21347,train,False
21348,train,True
21349,validation,False
21350,train,True
21351,train,True
21352,train,False
21353,test,False
21354,train,True
21355,train,True
21356,train,True
21357,validation,False
21358,train,True
21359,train,True
21360,train,True
21361,train,True
21362,train,True
21363,train,True
21364,train,False
21365,validation,False
21366,validation,False
21367,train,False
21368,train,True
21369,validation,False
21370,train,False
21371,validation,False
21372,train,False
21373,train,False
21374,train,True
21375,train,True
21376,train,True
21377,validation,False
21378,train,False
21379,train,True
21380,train,False
21381,test,False
21382,train,True
21383,train,False
21384,train,True
21385,train,True
21386,train,True
21387,test,False
21388,train,False
21389,test,False
21390,test,False
21391,train,False
21392,train,True
21393,validation,False
21394,train,True
21395,train,False
21396,train,False
21397,validation,False
21398,train,True
21399,train,False
21400,validation,False
21401,test,False
21402,test,False
21403,train,False
21404,validation,False
21405,test,False
21406,validation,False
21407,train,True
21408,train,False
21409,train,True
21410,train,True
21411,train,False
21412,validation,False
21413,train,False
21414,train,False
21415,train,False
21416,train,False
21417,train,False
21418,validation,False
21419,train,True
21420,test,False
21421,validation,False
21422,train,False
21423,train,True
21424,validation,False
21425,train,False
21426,test,False
21427,train,True
21428,train,True
21429,train,True
21430,train,True
21431,train,False
21432,train,True
21433,validation,False
21434,train,True
21435,train,True
21436,train,True
21437,train,False
21438,test,False
21439,train,True
21440,validation,False
21441,validation,False
21442,test,False
21443,train,False
21444,validation,False
21445,train,False
21446,validation,False
21447,test,False
21448,train,True
21449,train,True
21450,train,False
21451,train,True
21452,train,True
21453,validation,False
21454,validation,False
21455,validation,False
21456,test,False
21457,test,False
21458,validation,False
21459,validation,False
21460,train,False
21461,validation,False
21462,train,True
21463,train,True
21464,train,False
21465,train,False
21466,train,False
21467,train,True
21468,train,False
21469,validation,False
21470,train,False
21471,train,False
21472,train,False
21473,train,True
21474,train,False
21475,test,False
21476,train,True
21477,validation,False
21478,test,False
21479,train,True
21480,train,False
21481,validation,False
21482,validation,False
21483,validation,False
21484,train,False
21485,train,False
21486,train,True
21487,validation,False
21488,test,False
21489,train,False
21490,train,True
21491,validation,False
21492,validation,False
21493,test,False
21494,test,False
21495,train,False
21496,train,True
21497,train,True
21498,train,False
21499,test,False
21500,test,False
21501,validation,False
21502,test,False
21503,train,False
21504,train,False
21505,train,False
21506,validation,False
21507,train,False
21508,train,False
21509,train,False
21510,validation,False
21511,test,False
21512,test,False
21513,train,True
21514,train,True
21515,train,False
21516,train,True
21517,train,True
21518,train,True
21519,train,True
21520,test,False
21521,test,False
21522,validation,False
21523,train,True
21524,validation,False
21525,validation,False
21526,validation,False
21527,test,False
21528,train,True
21529,train,True
21530,train,True
21531,train,True
21532,train,False
21533,train,True
21534,train,False
21535,validation,False
21536,test,False
21537,test,False
21538,validation,False
21539,train,True
21540,train,True
21541,validation,False
21542,validation,False
21543,test,False
21544,train,True
21545,validation,False
21546,validation,False
21547,train,True
21548,test,False
21549,train,False
21550,train,True
21551,train,True
21552,test,False
21553,train,True
21554,validation,False
21555,train,True
21556,test,False
21557,train,True
21558,validation,False
21559,validation,False
21560,test,False
21561,validation,False
21562,train,True
21563,train,True
21564,train,False
21565,train,True
21566,train,True
21567,train,True
21568,train,True
21569,train,True
21570,validation,False
21571,train,True
21572,train,True
21573,train,True
21574,validation,False
21575,validation,False
21576,train,True
21577,train,True
21578,test,False
21579,validation,False
21580,train,True
21581,train,False
21582,validation,False
21583,train,False
21584,validation,False
21585,validation,False
21586,train,True
21587,validation,False
21588,validation,False
21589,validation,False
21590,train,True
21591,test,False
21592,train,True
21593,train,True
21594,train,False
21595,test,False
21596,train,True
21597,train,True
21598,train,True
21599,train,False
21600,train,True
21601,train,True
21602,train,True
21603,train,True
21604,train,False
21605,train,True
21606,validation,False
21607,validation,False
21608,train,False
21609,train,True
21610,train,False
21611,validation,False
21612,train,False
21613,train,True
21614,train,True
21615,validation,False
21616,train,True
21617,test,False
21618,train,True
21619,train,False
21620,train,False
21621,train,True
21622,train,False
21623,test,False
21624,train,True
21625,train,False
21626,train,True
21627,train,True
21628,train,True
21629,validation,False
21630,validation,False
21631,validation,False
21632,train,True
21633,train,True
21634,validation,False
21635,validation,False
21636,validation,False
21637,test,False
21638,test,False
21639,test,False
21640,train,True
21641,test,False
21642,validation,False
21643,train,True
21644,train,True
21645,test,False
21646,train,False
21647,train,True
21648,test,False
21649,train,True
21650,train,True
21651,test,False
21652,train,True
21653,train,False
21654,train,False
21655,validation,False
21656,test,False
21657,train,True
21658,train,True
21659,validation,False
21660,test,False
21661,train,False
21662,train,True
21663,train,False
21664,train,False
21665,validation,False
21666,train,True
21667,train,True
21668,test,False
21669,test,False
21670,test,False
21671,validation,False
21672,train,False
21673,test,False
21674,test,False
21675,train,True
21676,train,True
21677,test,False
21678,test,False
21679,train,False
21680,validation,False
21681,train,True
21682,validation,False
21683,train,False
21684,validation,False
21685,train,True
21686,train,True
21687,test,False
21688,train,False
21689,test,False
21690,train,True
21691,test,False
21692,train,True
21693,test,False
21694,test,False
21695,train,True
21696,train,False
21697,train,True
21698,train,False
21699,train,True
21700,validation,False
21701,train,True
21702,validation,False
21703,train,True
21704,train,False
21705,train,True
21706,train,False
21707,train,False
21708,test,False
21709,test,False
21710,validation,False
21711,validation,False
21712,train,False
21713,train,True
21714,train,True
21715,validation,False
21716,train,True
21717,train,True
21718,train,False
21719,test,False
21720,train,True
21721,train,True
21722,train,True
21723,train,False
21724,test,False
21725,test,False
21726,train,True
21727,train,False
21728,train,True
21729,validation,False
21730,validation,False
21731,train,False
21732,train,False
21733,train,True
21734,validation,False
21735,validation,False
21736,train,True
21737,train,False
21738,train,True
21739,train,True
21740,validation,False
21741,train,False
21742,validation,False
21743,train,True
21744,validation,False
21745,train,False
21746,train,True
21747,train,False
21748,validation,False
21749,test,False
21750,train,False
21751,validation,False
21752,train,False
21753,validation,False
21754,train,True
21755,validation,False
21756,train,False
21757,validation,False
21758,validation,False
21759,train,True
21760,test,False
21761,train,False
21762,train,False
21763,train,True
21764,validation,False
21765,train,True
21766,train,False
21767,train,True
21768,train,True
21769,validation,False
21770,validation,False
21771,train,True
21772,train,False
21773,validation,False
21774,test,False
21775,train,False
21776,train,True
21777,validation,False
21778,test,False
21779,train,True
21780,train,False
21781,test,False
21782,test,False
21783,test,False
21784,test,False
21785,validation,False
21786,train,True
21787,validation,False
21788,train,False
21789,validation,False
21790,train,True
21791,train,False
21792,train,True
21793,train,True
21794,test,False
21795,validation,False
21796,train,True
21797,train,True
21798,train,True
21799,test,False
21800,test,False
21801,train,False
21802,validation,False
21803,train,True
21804,train,True
21805,validation,False
21806,validation,False
21807,train,True
21808,train,True
21809,test,False
21810,test,False
21811,validation,False
21812,validation,False
21813,test,False
21814,train,False
21815,validation,False
21816,train,False
21817,train,True
21818,test,False
21819,validation,False
21820,train,False
21821,train,True
21822,train,True
21823,train,True
21824,train,True
21825,train,True
21826,test,False
21827,validation,False
21828,test,False
21829,train,True
21830,test,False
21831,train,True
21832,test,False
21833,validation,False
21834,test,False
21835,train,True
21836,validation,False
21837,train,False
21838,test,False
21839,train,True
21840,train,True
21841,train,False
21842,test,False
21843,validation,False
21844,test,False
21845,test,False
21846,validation,False
21847,validation,False
21848,validation,False
21849,validation,False
21850,train,True
21851,train,True
21852,validation,False
21853,validation,False
21854,test,False
21855,train,False
21856,test,False
21857,train,False
21858,validation,False
21859,validation,False
21860,train,True
21861,train,False
21862,train,False
21863,test,False
21864,test,False
21865,validation,False
21866,train,True
21867,train,False
21868,test,False
21869,train,True
21870,test,False
21871,validation,False
21872,validation,False
21873,train,True
21874,train,True
21875,validation,False
21876,train,False
21877,train,True
21878,test,False
21879,validation,False
21880,test,False
21881,test,False
21882,train,True
21883,train,False
21884,train,True
21885,train,True
21886,train,False
21887,train,True
21888,train,True
21889,train,False
21890,train,False
21891,train,False
21892,train,False
21893,train,True
21894,train,True
21895,train,True
21896,train,False
21897,train,True
21898,train,True
21899,validation,False
21900,test,False
21901,train,True
21902,test,False
21903,train,True
21904,validation,False
21905,test,False
21906,train,False
21907,train,True
21908,train,True
21909,validation,False
21910,train,True
21911,train,False
21912,validation,False
21913,train,True
21914,train,True
21915,train,False
21916,validation,False
21917,train,True
21918,train,True
21919,validation,False
21920,train,False
21921,train,True
21922,test,False
21923,test,False
21924,train,True
21925,train,True
21926,validation,False
21927,train,True
21928,train,True
21929,validation,False
21930,train,False
21931,train,False
21932,train,True
21933,train,True
21934,train,True
21935,train,True
21936,train,True
21937,train,True
21938,train,False
21939,validation,False
21940,train,False
21941,test,False
21942,train,False
21943,train,True
21944,validation,False
21945,validation,False
21946,validation,False
21947,validation,False
21948,validation,False
21949,validation,False
21950,train,True
21951,train,False
21952,train,True
21953,train,True
21954,validation,False
21955,train,False
21956,test,False
21957,train,True
21958,validation,False
21959,train,False
21960,train,True
21961,train,True
21962,train,False
21963,validation,False
21964,train,False
21965,test,False
21966,train,False
21967,train,True
21968,test,False
21969,test,False
21970,train,True
21971,train,True
21972,train,True
21973,train,False
21974,train,True
21975,test,False
21976,train,False
21977,train,True
21978,validation,False
21979,train,True
21980,train,False
21981,test,False
21982,validation,False
21983,train,True
21984,validation,False
21985,train,True
21986,train,True
21987,validation,False
21988,train,True
21989,train,True
21990,validation,False
21991,train,False
21992,train,False
21993,train,False
21994,train,False
21995,train,True
21996,train,True
21997,validation,False
21998,validation,False
21999,train,True
22000,validation,False
22001,train,True
22002,validation,False
22003,validation,False
22004,test,False
22005,train,False
22006,validation,False
22007,test,False
22008,validation,False
22009,test,False
22010,train,True
22011,test,False
22012,validation,False
22013,validation,False
22014,test,False
22015,test,False
22016,test,False
22017,validation,False
22018,validation,False
22019,train,False
22020,train,False
22021,validation,False
22022,test,False
22023,validation,False
22024,train,True
22025,train,True
22026,train,True
22027,test,False
22028,test,False
22029,train,True
22030,validation,False
22031,train,True
22032,test,False
22033,train,False
22034,test,False
22035,test,False
22036,train,True
22037,test,False
22038,train,True
22039,train,True
22040,validation,False
22041,test,False
22042,train,True
22043,validation,False
22044,validation,False
22045,train,True
22046,train,False
22047,train,False
22048,validation,False
22049,train,True
22050,validation,False
22051,train,False
22052,train,True
22053,test,False
22054,train,True
22055,train,False
22056,train,True
22057,train,True
22058,test,False
22059,validation,False
22060,validation,False
22061,train,True
22062,test,False
22063,train,False
22064,test,False
22065,validation,False
22066,test,False
22067,test,False
22068,train,False
22069,validation,False
22070,train,True
22071,validation,False
22072,test,False
22073,test,False
22074,test,False
22075,train,True
22076,test,False
22077,train,True
22078,test,False
22079,train,False
22080,train,True
22081,validation,False
22082,validation,False
22083,train,True
22084,train,True
22085,test,False
22086,validation,False
22087,train,True
22088,validation,False
22089,validation,False
22090,test,False
22091,train,True
22092,train,True
22093,train,True
22094,test,False
22095,train,False
22096,train,True
22097,validation,False
22098,train,True
22099,train,False
22100,test,False
22101,train,True
22102,train,True
22103,train,False
22104,train,False
22105,train,False
22106,train,True
22107,test,False
22108,train,True
22109,validation,False
22110,test,False
22111,train,False
22112,train,False
22113,validation,False
22114,test,False
22115,train,True
22116,train,False
22117,train,False
22118,validation,False
22119,test,False
22120,validation,False
22121,test,False
22122,train,False
22123,train,True
22124,train,True
22125,train,True
22126,train,True
22127,train,True
22128,validation,False
22129,train,False
22130,train,True
22131,train,True
22132,test,False
22133,train,True
22134,validation,False
22135,train,True
22136,train,True
22137,train,True
22138,test,False
22139,train,True
22140,test,False
22141,train,True
22142,validation,False
22143,validation,False
22144,train,True
22145,train,False
22146,train,True
22147,validation,False
22148,train,True
22149,validation,False
22150,test,False
22151,train,False
22152,test,False
22153,test,False
22154,train,False
22155,test,False
22156,test,False
22157,train,True
22158,train,True
22159,train,False
22160,train,True
22161,train,True
22162,test,False
22163,validation,False
22164,train,False
22165,train,True
22166,train,True
22167,test,False
22168,train,True
22169,test,False
22170,train,False
22171,train,True
22172,train,True
22173,train,True
22174,validation,False
22175,test,False
22176,train,True
22177,train,True
22178,validation,False
22179,train,True
22180,train,True
22181,train,True
22182,train,True
22183,train,False
22184,train,False
22185,test,False
22186,validation,False
22187,train,False
22188,train,True
22189,train,True
22190,test,False
22191,train,False
22192,train,False
22193,train,True
22194,validation,False
22195,validation,False
22196,train,True
22197,validation,False
22198,validation,False
22199,train,True
22200,train,True
22201,train,True
22202,train,True
22203,test,False
22204,train,False
22205,validation,False
22206,validation,False
22207,test,False
22208,validation,False
22209,train,True
22210,train,True
22211,validation,False
22212,validation,False
22213,train,True
22214,train,True
22215,train,False
22216,test,False
22217,train,True
22218,train,True
22219,test,False
22220,train,False
22221,train,False
22222,test,False
22223,train,True
22224,train,False
22225,train,False
22226,train,False
22227,train,False
22228,train,True
22229,train,False
22230,test,False
22231,train,True
22232,train,True
22233,validation,False
22234,validation,False
22235,test,False
22236,train,True
22237,train,False
22238,test,False
22239,train,True
22240,validation,False
22241,train,True
22242,train,True
22243,validation,False
22244,train,False
22245,validation,False
22246,train,True
22247,train,False
22248,train,True
22249,train,False
22250,train,False
22251,validation,False
22252,validation,False
22253,train,True
22254,train,False
22255,train,True
22256,train,True
22257,train,True
22258,train,True
22259,test,False
22260,test,False
22261,test,False
22262,train,True
22263,test,False
22264,train,False
22265,validation,False
22266,test,False
22267,train,True
22268,train,False
22269,train,True
22270,train,True
22271,train,True
22272,validation,False
22273,train,True
22274,validation,False
22275,train,False
22276,train,True
22277,train,True
22278,test,False
22279,validation,False
22280,train,False
22281,train,True
22282,train,True
22283,validation,False
22284,train,True
22285,test,False
22286,test,False
22287,train,False
22288,train,True
22289,validation,False
22290,validation,False
22291,train,False
22292,train,True
22293,train,True
22294,train,False
22295,train,True
22296,train,True
22297,train,True
22298,test,False
22299,test,False
22300,train,False
22301,train,False
22302,validation,False
22303,train,False
22304,train,True
22305,train,True
22306,validation,False
22307,train,True
22308,validation,False
22309,validation,False
22310,train,True
22311,train,True
22312,validation,False
22313,train,False
22314,train,True
22315,test,False
22316,test,False
22317,train,True
22318,train,False
22319,test,False
22320,train,True
22321,validation,False
22322,train,False
22323,train,False
22324,train,True
22325,train,True
22326,validation,False
22327,validation,False
22328,train,False
22329,validation,False
22330,test,False
22331,train,True
22332,train,True
22333,train,True
22334,test,False
22335,train,True
22336,train,True
22337,train,False
22338,test,False
22339,test,False
22340,train,True
22341,test,False
22342,test,False
22343,train,False
22344,test,False
22345,validation,False
22346,validation,False
22347,train,True
22348,train,True
22349,train,True
22350,train,True
22351,train,False
22352,train,True
22353,validation,False
22354,test,False
22355,test,False
22356,train,False
22357,train,False
22358,test,False
22359,test,False
22360,test,False
22361,train,True
22362,train,True
22363,train,True
22364,train,True
22365,train,False
22366,train,True
22367,test,False
22368,train,False
22369,validation,False
22370,train,True
22371,validation,False
22372,train,False
22373,validation,False
22374,train,True
22375,validation,False
22376,train,False
22377,train,False
22378,train,True
22379,train,False
22380,validation,False
22381,validation,False
22382,validation,False
22383,test,False
22384,test,False
22385,train,False
22386,train,False
22387,train,False
22388,test,False
22389,train,True
22390,test,False
22391,test,False
22392,train,True
22393,train,False
22394,train,False
22395,train,False
22396,train,True
22397,validation,False
22398,train,True
22399,validation,False
22400,validation,False
22401,train,True
22402,train,True
22403,train,True
22404,test,False
22405,test,False
22406,train,True
22407,test,False
22408,train,True
22409,train,True
22410,validation,False
22411,train,True
22412,train,True
22413,train,True
22414,train,False
22415,test,False
22416,validation,False
22417,train,False
22418,validation,False
22419,test,False
22420,validation,False
22421,train,False
22422,train,True
22423,test,False
22424,validation,False
22425,test,False
22426,test,False
22427,train,False
22428,train,True
22429,train,True
22430,train,False
22431,validation,False
22432,train,False
22433,train,False
22434,test,False
22435,train,False
22436,validation,False
22437,train,True
22438,validation,False
22439,validation,False
22440,train,True
22441,test,False
22442,validation,False
22443,train,True
22444,train,False
22445,train,True
22446,train,True
22447,train,True
22448,test,False
22449,test,False
22450,train,False
22451,test,False
22452,validation,False
22453,validation,False
22454,validation,False
22455,train,True
22456,validation,False
22457,validation,False
22458,test,False
22459,train,True
22460,validation,False
22461,test,False
22462,train,True
22463,test,False
22464,train,False
22465,validation,False
22466,validation,False
22467,train,True
22468,validation,False
22469,train,True
22470,train,False
22471,train,False
22472,train,True
22473,test,False
22474,train,True
22475,validation,False
22476,validation,False
22477,train,True
22478,train,True
22479,validation,False
22480,train,True
22481,train,False
22482,train,True
22483,train,True
22484,train,True
22485,validation,False
22486,validation,False
22487,train,True
22488,validation,False
22489,train,False
22490,validation,False
22491,validation,False
22492,train,True
22493,train,False
22494,test,False
22495,train,False
22496,train,False
22497,train,True
22498,validation,False
22499,validation,False
22500,train,True
22501,train,False
22502,train,True
22503,train,True
22504,train,False
22505,validation,False
22506,validation,False
22507,train,True
22508,train,True
22509,validation,False
22510,train,False
22511,test,False
22512,train,True
22513,test,False
22514,train,True
22515,validation,False
22516,validation,False
22517,train,False
22518,test,False
22519,train,True
22520,train,True
22521,train,True
22522,train,False
22523,validation,False
22524,train,True
22525,test,False
22526,train,True
22527,train,False
22528,validation,False
22529,train,True
22530,train,False
22531,train,True
22532,train,False
22533,train,True
22534,train,True
22535,train,True
22536,validation,False
22537,train,False
22538,train,True
22539,train,False
22540,train,False
22541,train,True
22542,test,False
22543,train,True
22544,train,True
22545,train,True
22546,test,False
22547,test,False
22548,test,False
22549,validation,False
22550,train,True
22551,validation,False
22552,train,True
22553,train,True
22554,train,True
22555,test,False
22556,validation,False
22557,train,True
22558,validation,False
22559,train,False
22560,validation,False
22561,validation,False
22562,train,True
22563,train,True
22564,validation,False
22565,train,False
22566,train,True
22567,train,False
22568,test,False
22569,train,False
22570,train,True
22571,train,True
22572,validation,False
22573,train,False
22574,validation,False
22575,validation,False
22576,train,True
22577,test,False
22578,train,True
22579,train,True
22580,train,False
22581,validation,False
22582,train,False
22583,train,True
22584,train,False
22585,train,False
22586,train,True
22587,train,True
22588,train,False
22589,train,False
22590,test,False
22591,validation,False
22592,train,True
22593,train,True
22594,train,True
22595,train,True
22596,validation,False
22597,train,True
22598,train,True
22599,train,True
22600,validation,False
22601,train,True
22602,train,True
22603,validation,False
22604,validation,False
22605,test,False
22606,train,False
22607,validation,False
22608,train,True
22609,train,False
22610,train,True
22611,test,False
22612,train,True
22613,train,False
22614,train,False
22615,train,True
22616,validation,False
22617,validation,False
22618,test,False
22619,test,False
22620,train,True
22621,train,True
22622,validation,False
22623,train,False
22624,test,False
22625,test,False
22626,train,False
22627,train,True
22628,test,False
22629,train,False
22630,train,False
22631,train,True
22632,train,False
22633,validation,False
22634,test,False
22635,train,True
22636,train,False
22637,test,False
22638,train,True
22639,validation,False
22640,test,False
22641,train,True
22642,validation,False
22643,train,True
22644,train,True
22645,train,True
22646,train,False
22647,validation,False
22648,test,False
22649,train,True
22650,train,True
22651,test,False
22652,validation,False
22653,train,True
22654,train,True
22655,validation,False
22656,validation,False
22657,test,False
22658,train,True
22659,train,True
22660,train,True
22661,test,False
22662,train,False
22663,train,True
22664,validation,False
22665,train,False
22666,test,False
22667,validation,False
22668,validation,False
22669,train,True
22670,train,True
22671,validation,False
22672,train,False
22673,validation,False
22674,validation,False
22675,test,False
22676,test,False
22677,validation,False
22678,train,True
22679,train,True
22680,test,False
22681,test,False
22682,train,True
22683,train,True
22684,train,True
22685,test,False
22686,train,True
22687,train,True
22688,train,True
22689,test,False
22690,test,False
22691,test,False
22692,test,False
22693,validation,False
22694,validation,False
22695,train,True
22696,train,True
22697,validation,False
22698,test,False
22699,train,False
22700,test,False
22701,test,False
22702,test,False
22703,validation,False
22704,train,False
22705,test,False
22706,validation,False
22707,train,False
22708,validation,False
22709,train,True
22710,train,True
22711,test,False
22712,train,True
22713,train,True
22714,train,False
22715,validation,False
22716,validation,False
22717,train,True
22718,test,False
22719,validation,False
22720,train,False
22721,train,True
22722,validation,False
22723,train,True
22724,train,True
22725,test,False
22726,test,False
22727,train,True
22728,train,True
22729,train,False
22730,validation,False
22731,test,False
22732,train,True
22733,test,False
22734,train,False
22735,train,True
22736,train,True
22737,train,True
22738,train,True
22739,test,False
22740,train,False
22741,train,True
22742,validation,False
22743,test,False
22744,train,True
22745,test,False
22746,test,False
22747,train,True
22748,validation,False
22749,validation,False
22750,test,False
22751,train,True
22752,validation,False
22753,train,True
22754,train,False
22755,train,False
22756,test,False
22757,train,True
22758,validation,False
22759,train,True
22760,train,False
22761,validation,False
22762,validation,False
22763,train,False
22764,train,False
22765,test,False
22766,train,False
22767,train,True
22768,test,False
22769,test,False
22770,train,False
22771,validation,False
22772,train,False
22773,validation,False
22774,train,True
22775,validation,False
22776,train,True
22777,validation,False
22778,test,False
22779,train,True
22780,train,True
22781,test,False
22782,test,False
22783,train,True
22784,validation,False
22785,test,False
22786,train,True
22787,train,True
22788,validation,False
22789,train,False
22790,test,False
22791,train,True
22792,train,True
22793,test,False
22794,validation,False
22795,train,True
22796,train,True
22797,train,True
22798,test,False
22799,test,False
22800,test,False
22801,validation,False
22802,train,False
22803,validation,False
22804,train,True
22805,validation,False
22806,validation,False
22807,test,False
22808,train,True
22809,train,False
22810,train,True
22811,train,True
22812,test,False
22813,validation,False
22814,train,False
22815,train,True
22816,test,False
22817,train,True
22818,train,True
22819,train,False
22820,train,False
22821,test,False
22822,train,False
22823,train,True
22824,train,False
22825,validation,False
22826,train,True
22827,validation,False
22828,train,True
22829,train,True
22830,test,False
22831,train,False
22832,test,False
22833,train,False
22834,train,True
22835,train,False
22836,validation,False
22837,train,True
22838,train,True
22839,test,False
22840,train,False
22841,train,False
22842,train,True
22843,test,False
22844,train,True
22845,train,True
22846,train,True
22847,validation,False
22848,validation,False
22849,train,True
22850,test,False
22851,train,True
22852,validation,False
22853,validation,False
22854,train,False
22855,train,True
22856,test,False
22857,validation,False
22858,train,True
22859,validation,False
22860,validation,False
22861,train,False
22862,train,False
22863,train,False
22864,train,False
22865,validation,False
22866,train,False
22867,train,True
22868,train,False
22869,validation,False
22870,test,False
22871,train,True
22872,train,True
22873,validation,False
22874,validation,False
22875,test,False
22876,train,True
22877,train,False
22878,test,False
22879,test,False
22880,test,False
22881,train,True
22882,train,True
22883,train,False
22884,validation,False
22885,train,False
22886,train,False
22887,test,False
22888,train,True
22889,train,True
22890,test,False
22891,train,True
22892,test,False
22893,train,True
22894,train,False
22895,train,True
22896,train,False
22897,test,False
22898,train,True
22899,train,False
22900,validation,False
22901,train,True
22902,train,False
22903,train,True
22904,validation,False
22905,train,False
22906,validation,False
22907,train,True
22908,test,False
22909,train,False
22910,train,False
22911,train,True
22912,train,True
22913,validation,False
22914,train,True
22915,validation,False
22916,train,True
22917,train,True
22918,train,True
22919,train,True
22920,validation,False
22921,train,True
22922,validation,False
22923,test,False
22924,train,True
22925,train,True
22926,train,True
22927,validation,False
22928,train,True
22929,validation,False
22930,train,True
22931,test,False
22932,train,False
22933,train,False
22934,validation,False
22935,train,True
22936,train,True
22937,test,False
22938,train,True
22939,test,False
22940,train,False
22941,train,False
22942,train,False
22943,validation,False
22944,validation,False
22945,train,False
22946,test,False
22947,train,True
22948,test,False
22949,test,False
22950,train,True
22951,validation,False
22952,train,False
22953,train,True
22954,test,False
22955,train,True
22956,train,False
22957,train,True
22958,train,True
22959,test,False
22960,train,True
22961,train,True
22962,train,True
22963,train,True
22964,train,True
22965,train,True
22966,train,True
22967,test,False
22968,validation,False
22969,validation,False
22970,train,True
22971,train,True
22972,train,False
22973,test,False
22974,train,True
22975,train,False
22976,test,False
22977,test,False
22978,train,False
22979,train,False
22980,test,False
22981,train,True
22982,train,False
22983,train,True
22984,validation,False
22985,train,True
22986,train,True
22987,train,True
22988,test,False
22989,validation,False
22990,train,False
22991,train,True
22992,train,False
22993,validation,False
22994,validation,False
22995,train,False
22996,validation,False
22997,validation,False
22998,test,False
22999,train,False
23000,validation,False
23001,test,False
23002,train,True
23003,validation,False
23004,validation,False
23005,test,False
23006,test,False
23007,test,False
23008,train,True
23009,validation,False
23010,train,True
23011,train,True
23012,train,False
23013,train,True
23014,train,True
23015,test,False
23016,train,True
23017,train,True
23018,train,False
23019,validation,False
23020,train,False
23021,train,True
23022,train,True
23023,test,False
23024,test,False
23025,test,False
23026,train,True
23027,test,False
23028,test,False
23029,train,True
23030,train,True
23031,train,True
23032,validation,False
23033,train,True
23034,train,True
23035,validation,False
23036,train,False
23037,train,True
23038,validation,False
23039,test,False
23040,test,False
23041,train,True
23042,train,False
23043,test,False
23044,test,False
23045,train,False
23046,train,False
23047,validation,False
23048,train,True
23049,train,True
23050,validation,False
23051,train,True
23052,train,False
23053,train,True
23054,train,False
23055,train,True
23056,train,True
23057,train,True
23058,train,True
23059,train,True
23060,train,True
23061,train,True
23062,test,False
23063,test,False
23064,validation,False
23065,train,True
23066,validation,False
23067,validation,False
23068,train,True
23069,train,True
23070,test,False
23071,train,True
23072,test,False
23073,validation,False
23074,test,False
23075,train,True
23076,train,False
23077,train,False
23078,validation,False
23079,train,False
23080,validation,False
23081,test,False
23082,train,False
23083,train,True
23084,test,False
23085,validation,False
23086,train,True
23087,train,True
23088,validation,False
23089,train,True
23090,test,False
23091,test,False
23092,train,True
23093,train,False
23094,train,True
23095,test,False
23096,train,True
23097,train,True
23098,validation,False
23099,validation,False
23100,train,True
23101,train,True
23102,train,True
23103,train,False
23104,train,True
23105,train,True
23106,train,False
23107,train,False
23108,train,True
23109,train,True
23110,train,False
23111,test,False
23112,test,False
23113,train,False
23114,train,True
23115,train,True
23116,train,True
23117,train,False
23118,train,False
23119,train,True
23120,validation,False
23121,train,True
23122,test,False
23123,train,True
23124,train,True
23125,train,False
23126,train,True
23127,train,True
23128,train,True
23129,train,True
23130,train,True
23131,validation,False
23132,test,False
23133,train,False
23134,test,False
23135,train,True
23136,train,True
23137,test,False
23138,validation,False
23139,test,False
23140,train,True
23141,test,False
23142,validation,False
23143,train,True
23144,validation,False
23145,train,False
23146,test,False
23147,train,True
23148,train,True
23149,validation,False
23150,test,False
23151,test,False
23152,train,False
23153,train,True
23154,train,True
23155,test,False
23156,train,False
23157,train,False
23158,train,False
23159,train,False
23160,validation,False
23161,train,True
23162,train,True
23163,validation,False
23164,train,True
23165,train,True
23166,train,False
23167,validation,False
23168,train,False
23169,train,True
23170,train,True
23171,train,True
23172,train,True
23173,validation,False
23174,train,True
23175,test,False
23176,train,False
23177,train,False
23178,train,False
23179,train,True
23180,train,True
23181,train,True
23182,test,False
23183,train,True
23184,train,False
23185,test,False
23186,test,False
23187,validation,False
23188,train,False
23189,train,True
23190,train,True
23191,validation,False
23192,train,False
23193,test,False
23194,train,True
23195,validation,False
23196,validation,False
23197,train,True
23198,train,False
23199,train,True
23200,train,True
23201,train,True
23202,validation,False
23203,train,True
23204,validation,False
23205,test,False
23206,validation,False
23207,train,True
23208,train,False
23209,test,False
23210,validation,False
23211,test,False
23212,train,True
23213,train,True
23214,test,False
23215,train,True
23216,train,True
23217,test,False
23218,test,False
23219,train,True
23220,train,False
23221,train,True
23222,validation,False
23223,validation,False
23224,test,False
23225,validation,False
23226,train,True
23227,train,False
23228,train,True
23229,train,True
23230,train,True
23231,test,False
23232,test,False
23233,train,True
23234,test,False
23235,train,True
23236,train,False
23237,train,True
23238,train,True
23239,train,False
23240,train,True
23241,test,False
23242,train,False
23243,validation,False
23244,train,False
23245,train,True
23246,test,False
23247,train,True
23248,train,True
23249,train,False
23250,train,True
23251,train,True
23252,train,True
23253,validation,False
23254,test,False
23255,train,True
23256,test,False
23257,train,True
23258,train,True
23259,test,False
23260,train,False
23261,validation,False
23262,train,True
23263,test,False
23264,train,False
23265,validation,False
23266,train,True
23267,train,True
23268,test,False
23269,train,True
23270,train,True
23271,test,False
23272,test,False
23273,train,False
23274,train,True
23275,validation,False
23276,test,False
23277,validation,False
23278,test,False
23279,validation,False
23280,validation,False
23281,validation,False
23282,train,True
23283,validation,False
23284,validation,False
23285,validation,False
23286,validation,False
23287,test,False
23288,train,True
23289,train,True
23290,test,False
23291,train,True
23292,test,False
23293,validation,False
23294,train,True
23295,train,True
23296,train,True
23297,train,False
23298,train,True
23299,train,True
23300,test,False
23301,validation,False
23302,train,True
23303,validation,False
23304,validation,False
23305,test,False
23306,train,True
23307,validation,False
23308,train,False
23309,train,True
23310,train,False
23311,validation,False
23312,validation,False
23313,train,True
23314,validation,False
23315,train,False
23316,train,False
23317,test,False
23318,train,True
23319,train,False
23320,train,True
23321,validation,False
23322,validation,False
23323,test,False
23324,test,False
23325,train,True
23326,test,False
23327,validation,False
23328,validation,False
23329,train,True
23330,train,False
23331,train,False
23332,validation,False
23333,train,False
23334,validation,False
23335,validation,False
23336,train,False
23337,train,True
23338,validation,False
23339,validation,False
23340,train,True
23341,train,True
23342,test,False
23343,validation,False
23344,validation,False
23345,test,False
23346,train,False
23347,validation,False
23348,validation,False
23349,train,True
23350,train,True
23351,train,True
23352,test,False
23353,train,False
23354,train,True
23355,test,False
23356,validation,False
23357,train,True
23358,train,True
23359,validation,False
23360,validation,False
23361,test,False
23362,test,False
23363,validation,False
23364,train,True
23365,test,False
23366,train,True
23367,train,True
23368,train,True
23369,test,False
23370,test,False
23371,train,False
23372,train,True
23373,test,False
23374,train,False
23375,validation,False
23376,train,True
23377,train,True
23378,train,True
23379,train,True
23380,test,False
23381,train,True
23382,test,False
23383,train,True
23384,train,True
23385,train,False
23386,test,False
23387,train,True
23388,train,True
23389,train,True
23390,validation,False
23391,train,True
23392,train,False
23393,train,True
23394,train,True
23395,validation,False
23396,train,True
23397,train,False
23398,validation,False
23399,train,True
23400,train,True
23401,test,False
23402,test,False
23403,validation,False
23404,validation,False
23405,train,True
23406,train,False
23407,train,True
23408,train,True
23409,train,False
23410,train,False
23411,train,True
23412,train,True
23413,validation,False
23414,test,False
23415,validation,False
23416,validation,False
23417,validation,False
23418,validation,False
23419,train,False
23420,train,True
23421,train,True
23422,train,True
23423,train,True
23424,train,False
23425,train,True
23426,train,False
23427,train,True
23428,test,False
23429,test,False
23430,train,True
23431,train,True
23432,train,False
23433,train,False
23434,train,True
23435,train,False
23436,test,False
23437,train,False
23438,test,False
23439,train,True
23440,test,False
23441,train,False
23442,train,True
23443,train,True
23444,validation,False
23445,train,False
23446,train,True
23447,validation,False
23448,train,False
23449,test,False
23450,validation,False
23451,train,False
23452,train,False
23453,test,False
23454,train,True
23455,test,False
23456,train,True
23457,train,True
23458,validation,False
23459,train,True
23460,test,False
23461,train,True
23462,train,True
23463,validation,False
23464,train,True
23465,train,True
23466,train,True
23467,train,True
23468,train,True
23469,train,True
23470,test,False
23471,train,False
23472,train,True
23473,test,False
23474,validation,False
23475,train,True
23476,validation,False
23477,validation,False
23478,test,False
23479,train,True
23480,train,True
23481,train,True
23482,train,False
23483,test,False
23484,train,True
23485,train,False
23486,train,True
23487,train,False
23488,train,False
23489,train,False
23490,train,False
23491,test,False
23492,train,True
23493,test,False
23494,validation,False
23495,train,False
23496,train,True
23497,validation,False
23498,train,True
23499,train,False
23500,train,False
23501,train,True
23502,test,False
23503,validation,False
23504,validation,False
23505,train,True
23506,test,False
23507,train,False
23508,validation,False
23509,validation,False
23510,test,False
23511,train,False
23512,test,False
23513,train,True
23514,validation,False
23515,train,True
23516,validation,False
23517,train,False
23518,train,False
23519,validation,False
23520,train,False
23521,test,False
23522,train,True
23523,validation,False
23524,train,True
23525,validation,False
23526,train,True
23527,validation,False
23528,train,True
23529,train,False
23530,train,True
23531,train,True
23532,test,False
23533,test,False
23534,validation,False
23535,train,False
23536,train,True
23537,train,True
23538,train,True
23539,validation,False
23540,train,True
23541,validation,False
23542,test,False
23543,train,True
23544,validation,False
23545,test,False
23546,train,True
23547,train,True
23548,test,False
23549,train,True
23550,train,True
23551,train,True
23552,test,False
23553,test,False
23554,test,False
23555,train,False
23556,validation,False
23557,test,False
23558,validation,False
23559,train,True
23560,test,False
23561,train,False
23562,validation,False
23563,train,True
23564,train,True
23565,train,True
23566,test,False
23567,train,True
23568,test,False
23569,validation,False
23570,train,False
23571,train,False
23572,test,False
23573,train,True
23574,train,False
23575,train,False
23576,train,True
23577,train,False
23578,validation,False
23579,train,True
23580,train,True
23581,train,True
23582,test,False
23583,test,False
23584,train,True
23585,train,False
23586,validation,False
23587,test,False
23588,test,False
23589,train,True
23590,train,True
23591,test,False
23592,train,False
23593,train,False
23594,train,True
23595,test,False
23596,train,False
23597,test,False
23598,validation,False
23599,train,True
23600,test,False
23601,validation,False
23602,validation,False
23603,train,True
23604,validation,False
23605,train,True
23606,train,True
23607,validation,False
23608,validation,False
23609,test,False
23610,train,True
23611,train,True
23612,test,False
23613,test,False
23614,validation,False
23615,test,False
23616,train,True
23617,train,False
23618,test,False
23619,validation,False
23620,train,False
23621,train,True
23622,validation,False
23623,train,False
23624,validation,False
23625,test,False
23626,train,False
23627,train,True
23628,train,True
23629,train,True
23630,test,False
23631,validation,False
23632,train,False
23633,train,True
23634,train,True
23635,validation,False
23636,train,False
23637,train,True
23638,validation,False
23639,train,True
23640,train,False
23641,train,True
23642,train,False
23643,validation,False
23644,train,False
23645,train,True
23646,test,False
23647,train,True
23648,train,True
23649,train,False
23650,validation,False
23651,validation,False
23652,train,True
23653,validation,False
23654,train,False
23655,train,True
23656,validation,False
23657,train,False
23658,validation,False
23659,validation,False
23660,test,False
23661,train,True
23662,train,True
23663,train,True
23664,train,True
23665,train,False
23666,train,True
23667,train,False
23668,train,False
23669,validation,False
23670,test,False
23671,test,False
23672,train,True
23673,validation,False
23674,train,True
23675,train,False
23676,test,False
23677,train,True
23678,validation,False
23679,validation,False
23680,train,False
23681,test,False
23682,train,True
23683,validation,False
23684,train,False
23685,train,True
23686,train,True
23687,train,False
23688,test,False
23689,train,True
23690,train,False
23691,train,True
23692,train,True
23693,train,False
23694,train,True
23695,train,False
23696,train,True
23697,train,True
23698,validation,False
23699,train,False
23700,train,True
23701,test,False
23702,train,False
23703,train,True
23704,train,False
23705,train,False
23706,train,False
23707,train,False
23708,train,True
23709,validation,False
23710,validation,False
23711,train,False
23712,train,True
23713,test,False
23714,validation,False
23715,train,True
23716,train,False
23717,train,True
23718,train,True
23719,train,True
23720,test,False
23721,train,False
23722,train,True
23723,validation,False
23724,train,False
23725,test,False
23726,train,True
23727,validation,False
23728,train,True
23729,train,True
23730,validation,False
23731,train,True
23732,train,False
23733,train,False
23734,train,False
23735,train,True
23736,validation,False
23737,test,False
23738,test,False
23739,train,False
23740,test,False
23741,test,False
23742,validation,False
23743,train,True
23744,test,False
23745,train,True
23746,validation,False
23747,train,True
23748,train,True
23749,train,True
23750,validation,False
23751,validation,False
23752,train,True
23753,validation,False
23754,validation,False
23755,train,False
23756,train,True
23757,train,False
23758,train,False
23759,validation,False
23760,train,False
23761,train,True
23762,validation,False
23763,train,True
23764,train,True
23765,test,False
23766,train,True
23767,train,True
23768,train,False
23769,train,True
23770,validation,False
23771,train,True
23772,train,False
23773,train,True
23774,validation,False
23775,train,True
23776,train,True
23777,train,True
23778,train,True
23779,train,True
23780,test,False
23781,test,False
23782,train,True
23783,validation,False
23784,validation,False
23785,train,True
23786,test,False
23787,validation,False
23788,validation,False
23789,validation,False
23790,validation,False
23791,train,False
23792,train,True
23793,train,True
23794,train,True
23795,test,False
23796,train,True
23797,validation,False
23798,train,True
23799,train,False
23800,train,True
23801,validation,False
23802,train,True
23803,train,True
23804,validation,False
23805,train,False
23806,train,True
23807,test,False
23808,test,False
23809,test,False
23810,train,True
23811,validation,False
23812,test,False
23813,train,True
23814,train,True
23815,train,True
23816,validation,False
23817,train,True
23818,train,True
23819,train,False
23820,train,True
23821,test,False
23822,test,False
23823,train,True
23824,test,False
23825,train,True
23826,train,True
23827,test,False
23828,test,False
23829,train,False
23830,test,False
23831,train,True
23832,train,False
23833,test,False
23834,train,True
23835,train,True
23836,validation,False
23837,train,True
23838,train,True
23839,train,False
23840,train,True
23841,train,True
23842,train,True
23843,train,False
23844,train,True
23845,train,False
23846,test,False
23847,validation,False
23848,test,False
23849,train,False
23850,train,False
23851,train,True
23852,validation,False
23853,test,False
23854,train,True
23855,train,False
23856,train,True
23857,validation,False
23858,train,True
23859,validation,False
23860,train,True
23861,validation,False
23862,train,True
23863,validation,False
23864,train,False
23865,train,True
23866,test,False
23867,train,True
23868,train,False
23869,train,False
23870,test,False
23871,validation,False
23872,train,False
23873,train,False
23874,test,False
23875,train,True
23876,validation,False
23877,train,False
23878,validation,False
23879,test,False
23880,train,False
23881,validation,False
23882,validation,False
23883,train,False
23884,train,True
23885,train,True
23886,train,True
23887,train,True
23888,test,False
23889,train,True
23890,train,True
23891,train,True
23892,test,False
23893,train,False
23894,test,False
23895,train,True
23896,train,False
23897,train,False
23898,train,False
23899,validation,False
23900,train,True
23901,train,True
23902,test,False
23903,train,False
23904,train,True
23905,train,True
23906,validation,False
23907,test,False
23908,train,True
23909,train,False
23910,train,True
23911,train,True
23912,test,False
23913,train,True
23914,test,False
23915,train,False
23916,validation,False
23917,train,True
23918,validation,False
23919,validation,False
23920,validation,False
23921,train,True
23922,train,True
23923,test,False
23924,train,True
23925,train,True
23926,train,True
23927,train,True
23928,train,False
23929,train,False
23930,train,True
23931,train,True
23932,train,True
23933,test,False
23934,test,False
23935,train,True
23936,train,True
23937,test,False
23938,train,False
23939,train,True
23940,train,True
23941,train,True
23942,train,False
23943,train,True
23944,train,False
23945,train,True
23946,train,False
23947,validation,False
23948,train,False
23949,train,False
23950,train,False
23951,train,True
23952,train,True
23953,train,False
23954,train,True
23955,validation,False
23956,validation,False
23957,train,False
23958,train,True
23959,train,True
23960,train,False
23961,validation,False
23962,validation,False
23963,train,True
23964,train,True
23965,train,False
23966,validation,False
23967,test,False
23968,train,True
23969,train,True
23970,train,True
23971,train,True
23972,train,True
23973,train,True
23974,train,True
23975,test,False
23976,test,False
23977,validation,False
23978,train,True
23979,train,True
23980,train,True
23981,train,True
23982,train,True
23983,train,True
23984,test,False
23985,train,True
23986,train,True
23987,train,True
23988,train,False
23989,train,False
23990,test,False
23991,train,True
23992,validation,False
23993,train,True
23994,train,True
23995,train,False
23996,train,True
23997,train,False
23998,validation,False
23999,validation,False
24000,validation,False
24001,test,False
24002,test,False
24003,validation,False
24004,train,True
24005,test,False
24006,train,True
24007,validation,False
24008,test,False
24009,train,True
24010,validation,False
24011,validation,False
24012,train,True
24013,train,True
24014,validation,False
24015,train,True
24016,validation,False
24017,test,False
24018,train,False
24019,train,True
24020,train,True
24021,validation,False
24022,train,False
24023,test,False
24024,train,False
24025,train,True
24026,train,True
24027,train,True
24028,train,True
24029,train,False
24030,train,True
24031,train,True
24032,test,False
24033,train,False
24034,train,True
24035,train,False
24036,train,True
24037,train,False
24038,test,False
24039,train,True
24040,test,False
24041,test,False
24042,test,False
24043,train,True
24044,train,True
24045,train,True
24046,test,False
24047,validation,False
24048,validation,False
24049,train,True
24050,train,True
24051,train,False
24052,validation,False
24053,train,True
24054,validation,False
24055,train,False
24056,train,True
24057,train,True
24058,train,False
24059,train,True
24060,train,False
24061,train,True
24062,validation,False
24063,train,True
24064,train,True
24065,train,True
24066,train,False
24067,test,False
24068,train,True
24069,train,True
24070,train,True
24071,validation,False
24072,test,False
24073,train,False
24074,train,False
24075,test,False
24076,validation,False
24077,train,True
24078,train,True
24079,train,True
24080,validation,False
24081,train,False
24082,train,True
24083,train,True
24084,test,False
24085,train,True
24086,train,False
24087,test,False
24088,train,True
24089,train,True
24090,test,False
24091,train,True
24092,train,False
24093,test,False
24094,validation,False
24095,validation,False
24096,test,False
24097,train,False
24098,train,True
24099,train,True
24100,validation,False
24101,train,False
24102,train,True
24103,test,False
24104,validation,False
24105,train,True
24106,test,False
24107,train,False
24108,train,True
24109,train,True
24110,train,False
24111,train,False
24112,train,True
24113,train,True
24114,train,True
24115,train,True
24116,validation,False
24117,validation,False
24118,validation,False
24119,train,True
24120,test,False
24121,train,False
24122,validation,False
24123,train,False
24124,train,True
24125,validation,False
24126,train,True
24127,train,True
24128,validation,False
24129,validation,False
24130,train,True
24131,train,False
24132,train,True
24133,train,True
24134,train,True
24135,validation,False
24136,train,True
24137,train,True
24138,validation,False
24139,test,False
24140,train,False
24141,test,False
24142,test,False
24143,train,False
24144,validation,False
24145,validation,False
24146,train,True
24147,validation,False
24148,test,False
24149,validation,False
24150,train,True
24151,train,True
24152,train,True
24153,test,False
24154,train,False
24155,train,False
24156,train,True
24157,train,True
24158,train,True
24159,test,False
24160,train,False
24161,validation,False
24162,test,False
24163,train,False
24164,test,False
24165,train,True
24166,test,False
24167,test,False
24168,train,True
24169,train,True
24170,train,True
24171,test,False
24172,train,True
24173,test,False
24174,test,False
24175,train,True
24176,test,False
24177,test,False
24178,train,False
24179,train,False
24180,train,False
24181,test,False
24182,train,False
24183,train,False
24184,train,True
24185,validation,False
24186,train,False
24187,train,True
24188,validation,False
24189,validation,False
24190,validation,False
24191,train,True
24192,train,True
24193,train,True
24194,train,True
24195,validation,False
24196,test,False
24197,validation,False
24198,train,True
24199,train,True
24200,train,False
24201,train,False
24202,test,False
24203,train,True
24204,test,False
24205,validation,False
24206,train,True
24207,test,False
24208,train,True
24209,test,False
24210,train,True
24211,test,False
24212,train,True
24213,train,True
24214,validation,False
24215,validation,False
24216,train,True
24217,train,True
24218,train,False
24219,test,False
24220,test,False
24221,train,True
24222,validation,False
24223,train,False
24224,test,False
24225,train,False
24226,validation,False
24227,train,True
24228,train,False
24229,train,False
24230,train,True
24231,train,False
24232,validation,False
24233,train,False
24234,test,False
24235,train,True
24236,validation,False
24237,test,False
24238,train,True
24239,train,True
24240,test,False
24241,train,True
24242,train,True
24243,train,True
24244,validation,False
24245,validation,False
24246,validation,False
24247,train,True
24248,test,False
24249,train,True
24250,train,True
24251,validation,False
24252,train,True
24253,train,True
24254,train,False
24255,validation,False
24256,train,False
24257,test,False
24258,validation,False
24259,test,False
24260,test,False
24261,validation,False
24262,validation,False
24263,train,True
24264,validation,False
24265,validation,False
24266,test,False
24267,train,True
24268,validation,False
24269,train,False
24270,train,True
24271,train,True
24272,train,True
24273,test,False
24274,train,True
24275,train,False
24276,validation,False
24277,train,False
24278,train,True
24279,validation,False
24280,train,True
24281,train,True
24282,train,False
24283,train,False
24284,train,True
24285,test,False
24286,train,True
24287,train,True
24288,train,True
24289,train,True
24290,train,True
24291,train,True
24292,test,False
24293,train,True
24294,train,True
24295,test,False
24296,train,True
24297,train,True
24298,train,True
24299,train,True
24300,validation,False
24301,train,True
24302,train,False
24303,train,True
24304,test,False
24305,train,False
24306,test,False
24307,train,True
24308,train,False
24309,validation,False
24310,train,True
24311,train,True
24312,validation,False
24313,validation,False
24314,train,False
24315,train,True
24316,train,True
24317,train,True
24318,train,True
24319,train,True
24320,train,False
24321,test,False
24322,train,True
24323,train,False
24324,train,True
24325,train,True
24326,validation,False
24327,test,False
24328,validation,False
24329,train,False
24330,train,True
24331,validation,False
24332,test,False
24333,test,False
24334,train,True
24335,train,True
24336,train,False
24337,test,False
24338,validation,False
24339,test,False
24340,train,True
24341,validation,False
24342,train,True
24343,train,False
24344,train,False
24345,validation,False
24346,train,False
24347,validation,False
24348,validation,False
24349,validation,False
24350,validation,False
24351,validation,False
24352,test,False
24353,test,False
24354,validation,False
24355,train,True
24356,validation,False
24357,train,True
24358,train,False
24359,validation,False
24360,validation,False
24361,test,False
24362,test,False
24363,train,False
24364,test,False
24365,validation,False
24366,train,False
24367,validation,False
24368,validation,False
24369,validation,False
24370,test,False
24371,validation,False
24372,train,False
24373,test,False
24374,train,False
24375,train,False
24376,train,True
24377,train,True
24378,train,True
24379,train,True
24380,train,True
24381,test,False
24382,train,True
24383,train,True
24384,train,False
24385,train,True
24386,test,False
24387,test,False
24388,test,False
24389,train,False
24390,train,False
24391,validation,False
24392,train,True
24393,validation,False
24394,train,True
24395,test,False
24396,validation,False
24397,train,True
24398,train,True
24399,test,False
24400,test,False
24401,train,False
24402,train,True
24403,validation,False
24404,train,True
24405,validation,False
24406,train,False
24407,train,True
24408,test,False
24409,test,False
24410,train,False
24411,test,False
24412,train,True
24413,validation,False
24414,train,True
24415,train,True
24416,validation,False
24417,train,False
24418,validation,False
24419,train,True
24420,train,True
24421,train,True
24422,train,False
24423,validation,False
24424,train,True
24425,test,False
24426,validation,False
24427,train,False
24428,train,True
24429,test,False
24430,train,True
24431,train,True
24432,train,True
24433,train,True
24434,train,True
24435,train,True
24436,train,True
24437,test,False
24438,train,False
24439,validation,False
24440,train,True
24441,test,False
24442,train,True
24443,test,False
24444,validation,False
24445,train,False
24446,train,True
24447,train,False
24448,validation,False
24449,test,False
24450,test,False
24451,train,True
24452,train,True
24453,train,True
24454,train,True
24455,train,True
24456,train,True
24457,train,True
24458,train,True
24459,train,True
24460,train,True
24461,validation,False
24462,train,True
24463,test,False
24464,train,False
24465,train,True
24466,train,True
24467,validation,False
24468,train,True
24469,test,False
24470,train,False
24471,train,True
24472,train,True
24473,validation,False
24474,train,True
24475,validation,False
24476,train,True
24477,validation,False
24478,test,False
24479,validation,False
24480,validation,False
24481,validation,False
24482,train,True
24483,train,False
24484,test,False
24485,train,False
24486,train,True
24487,train,True
24488,train,False
24489,validation,False
24490,train,False
24491,validation,False
24492,validation,False
24493,train,True
24494,validation,False
24495,validation,False
24496,train,True
24497,train,True
24498,train,True
24499,train,True
24500,test,False
24501,train,True
24502,test,False
24503,validation,False
24504,train,True
24505,validation,False
24506,validation,False
24507,train,True
24508,train,True
24509,test,False
24510,train,True
24511,train,True
24512,test,False
24513,validation,False
24514,test,False
24515,validation,False
24516,validation,False
24517,train,True
24518,train,False
24519,train,False
24520,test,False
24521,train,True
24522,train,True
24523,train,False
24524,validation,False
24525,train,False
24526,train,True
24527,validation,False
24528,train,True
24529,train,True
24530,test,False
24531,train,True
24532,train,True
24533,validation,False
24534,test,False
24535,train,True
24536,train,True
24537,validation,False
24538,train,True
24539,train,True
24540,test,False
24541,test,False
24542,train,True
24543,test,False
24544,train,False
24545,validation,False
24546,test,False
24547,train,True
24548,train,False
24549,test,False
24550,test,False
24551,train,True
24552,train,True
24553,train,True
24554,train,True
24555,train,True
24556,train,False
24557,train,False
24558,validation,False
24559,test,False
24560,train,True
24561,train,True
24562,test,False
24563,train,False
24564,train,True
24565,test,False
24566,train,True
24567,train,False
24568,train,True
24569,train,True
24570,test,False
24571,validation,False
24572,test,False
24573,test,False
24574,train,True
24575,train,True
24576,test,False
24577,validation,False
24578,validation,False
24579,train,False
24580,train,False
24581,train,True
24582,train,True
24583,train,True
24584,validation,False
24585,train,False
24586,validation,False
24587,train,True
24588,train,True
24589,train,True
24590,validation,False
24591,train,False
24592,train,True
24593,train,False
24594,train,True
24595,train,True
24596,validation,False
24597,train,True
24598,validation,False
24599,train,True
24600,train,True
24601,test,False
24602,validation,False
24603,train,False
24604,train,False
24605,test,False
24606,validation,False
24607,test,False
24608,test,False
24609,train,False
24610,validation,False
24611,train,False
24612,train,True
24613,train,True
24614,train,True
24615,test,False
24616,validation,False
24617,validation,False
24618,train,True
24619,train,True
24620,validation,False
24621,train,True
24622,train,True
24623,train,True
24624,validation,False
24625,train,True
24626,train,True
24627,train,True
24628,test,False
24629,train,False
24630,validation,False
24631,train,False
24632,test,False
24633,test,False
24634,train,True
24635,validation,False
24636,test,False
24637,train,True
24638,validation,False
24639,train,False
24640,test,False
24641,train,False
24642,test,False
24643,test,False
24644,test,False
24645,test,False
24646,train,True
24647,train,True
24648,train,True
24649,train,True
24650,train,True
24651,test,False
24652,validation,False
24653,train,False
24654,train,False
24655,train,True
24656,train,False
24657,train,True
24658,train,True
24659,test,False
24660,train,True
24661,train,True
24662,train,True
24663,train,True
24664,train,True
24665,train,True
24666,train,True
24667,train,False
24668,train,True
24669,train,True
24670,train,True
24671,test,False
24672,test,False
24673,train,True
24674,train,True
24675,validation,False
24676,train,True
24677,train,True
24678,train,True
24679,train,True
24680,train,False
24681,validation,False
24682,train,False
24683,train,False
24684,validation,False
24685,test,False
24686,train,True
24687,train,True
24688,test,False
24689,train,True
24690,test,False
24691,test,False
24692,train,False
24693,test,False
24694,train,True
24695,train,True
24696,test,False
24697,test,False
24698,train,True
24699,train,True
24700,train,True
24701,train,True
24702,validation,False
24703,train,True
24704,validation,False
24705,validation,False
24706,test,False
24707,train,True
24708,test,False
24709,validation,False
24710,train,True
24711,validation,False
24712,train,True
24713,test,False
24714,train,False
24715,train,False
24716,train,False
24717,test,False
24718,test,False
24719,train,True
24720,train,True
24721,train,False
24722,train,False
24723,train,True
24724,test,False
24725,train,True
24726,test,False
24727,test,False
24728,test,False
24729,train,False
24730,validation,False
24731,validation,False
24732,train,True
24733,train,False
24734,test,False
24735,train,False
24736,train,True
24737,train,True
24738,test,False
24739,train,True
24740,test,False
24741,validation,False
24742,train,False
24743,train,True
24744,train,True
24745,test,False
24746,train,False
24747,train,True
24748,train,False
24749,train,True
24750,train,True
24751,validation,False
24752,train,True
24753,test,False
24754,train,False
24755,test,False
24756,validation,False
24757,validation,False
24758,train,True
24759,validation,False
24760,train,True
24761,train,True
24762,test,False
24763,train,True
24764,test,False
24765,train,True
24766,test,False
24767,test,False
24768,test,False
24769,train,True
24770,train,False
24771,train,False
24772,validation,False
24773,train,True
24774,train,True
24775,train,True
24776,test,False
24777,train,True
24778,train,True
24779,train,False
24780,train,False
24781,validation,False
24782,test,False
24783,validation,False
24784,validation,False
24785,train,False
24786,train,True
24787,validation,False
24788,train,False
24789,train,True
24790,train,False
24791,train,True
24792,train,True
24793,train,False
24794,test,False
24795,validation,False
24796,train,True
24797,train,True
24798,train,True
24799,train,False
24800,train,True
24801,test,False
24802,validation,False
24803,train,True
24804,train,True
24805,train,False
24806,validation,False
24807,validation,False
24808,train,True
24809,validation,False
24810,train,True
24811,train,True
24812,test,False
24813,validation,False
24814,train,False
24815,train,True
24816,train,True
24817,test,False
24818,train,False
24819,train,True
24820,train,False
24821,train,False
24822,validation,False
24823,train,True
24824,train,False
24825,test,False
24826,train,False
24827,train,True
24828,test,False
24829,validation,False
24830,test,False
24831,train,False
24832,train,True
24833,train,False
24834,train,False
24835,train,False
24836,train,True
24837,test,False
24838,train,True
24839,train,True
24840,train,True
24841,train,True
24842,validation,False
24843,train,True
24844,train,False
24845,validation,False
24846,train,True
24847,train,True
24848,test,False
24849,train,True
24850,train,True
24851,test,False
24852,train,True
24853,train,False
24854,train,False
24855,train,True
24856,validation,False
24857,train,True
24858,train,True
24859,train,True
24860,train,False
24861,train,True
24862,train,True
24863,validation,False
24864,train,True
24865,test,False
24866,train,True
24867,train,False
24868,validation,False
24869,train,True
24870,train,True
24871,train,False
24872,validation,False
24873,test,False
24874,train,False
24875,train,False
24876,validation,False
24877,test,False
24878,test,False
24879,train,True
24880,validation,False
24881,train,False
24882,train,True
24883,test,False
24884,train,True
24885,train,False
24886,train,True
24887,validation,False
24888,train,True
24889,train,True
24890,test,False
24891,train,False
24892,train,True
24893,train,True
24894,validation,False
24895,validation,False
24896,test,False
24897,train,True
24898,test,False
24899,train,True
24900,test,False
24901,validation,False
24902,test,False
24903,validation,False
24904,test,False
24905,test,False
24906,test,False
24907,train,False
24908,train,False
24909,validation,False
24910,train,True
24911,train,True
24912,validation,False
24913,train,True
24914,test,False
24915,train,True
24916,train,True
24917,validation,False
24918,train,True
24919,train,True
24920,train,True
24921,train,False
24922,train,True
24923,train,False
24924,validation,False
24925,test,False
24926,train,False
24927,train,True
24928,train,False
24929,train,True
24930,test,False
24931,train,True
24932,train,False
24933,validation,False
24934,test,False
24935,train,False
24936,test,False
24937,test,False
24938,train,False
24939,train,True
24940,validation,False
24941,validation,False
24942,train,False
24943,validation,False
24944,test,False
24945,validation,False
24946,test,False
24947,validation,False
24948,train,True
24949,train,True
24950,train,True
24951,validation,False
24952,validation,False
24953,train,True
24954,train,True
24955,test,False
24956,train,False
24957,validation,False
24958,train,False
24959,train,False
24960,test,False
24961,test,False
24962,train,True
24963,train,True
24964,test,False
24965,train,True
24966,train,True
24967,train,True
24968,train,True
24969,train,False
24970,test,False
24971,train,True
24972,train,True
24973,validation,False
24974,train,True
24975,train,True
24976,validation,False
24977,validation,False
24978,train,False
24979,train,False
24980,train,False
24981,train,True
24982,train,True
24983,test,False
24984,train,False
24985,test,False
24986,test,False
24987,test,False
24988,test,False
24989,train,False
24990,train,False
24991,test,False
24992,validation,False
24993,validation,False
24994,test,False
24995,train,True
24996,train,True
24997,train,True
24998,test,False
24999,train,True
25000,train,False
25001,train,False
25002,train,True
25003,train,True
25004,train,True
25005,train,True
25006,train,True
25007,test,False
25008,train,True
25009,train,True
25010,test,False
25011,train,False
25012,train,True
25013,train,True
25014,train,False
25015,train,True
25016,train,True
25017,validation,False
25018,validation,False
25019,train,False
25020,validation,False
25021,train,False
25022,train,True
25023,train,True
25024,validation,False
25025,train,True
25026,train,True
25027,test,False
25028,train,True
25029,train,True
25030,validation,False
25031,train,True
25032,train,True
25033,validation,False
25034,test,False
25035,train,True
25036,validation,False
25037,train,True
25038,test,False
25039,train,False
25040,validation,False
25041,train,False
25042,validation,False
25043,train,True
25044,test,False
25045,train,True
25046,validation,False
25047,test,False
25048,train,True
25049,train,True
25050,train,False
25051,test,False
25052,train,True
25053,test,False
25054,validation,False
25055,train,True
25056,train,True
25057,train,False
25058,validation,False
25059,train,True
25060,validation,False
25061,train,True
25062,validation,False
25063,train,True
25064,validation,False
25065,test,False
25066,train,True
25067,train,True
25068,test,False
25069,validation,False
25070,validation,False
25071,validation,False
25072,train,True
25073,train,True
25074,validation,False
25075,test,False
25076,train,False
25077,validation,False
25078,validation,False
25079,train,True
25080,validation,False
25081,train,False
25082,train,False
25083,train,True
25084,train,False
25085,train,True
25086,train,True
25087,validation,False
25088,train,True
25089,train,True
25090,train,True
25091,test,False
25092,train,True
25093,validation,False
25094,validation,False
25095,train,True
25096,train,True
25097,train,True
25098,train,True
25099,train,True
25100,validation,False
25101,validation,False
25102,validation,False
25103,train,False
25104,validation,False
25105,train,True
25106,train,True
25107,train,False
25108,train,False
25109,train,True
25110,train,True
25111,train,True
25112,train,False
25113,train,True
25114,validation,False
25115,validation,False
25116,validation,False
25117,test,False
25118,train,False
25119,validation,False
25120,train,True
25121,train,False
25122,train,True
25123,train,False
25124,train,False
25125,train,False
25126,train,True
25127,test,False
25128,train,False
25129,train,False
25130,train,True
25131,train,True
25132,train,False
25133,train,True
25134,test,False
25135,test,False
25136,train,True
25137,train,True
25138,train,False
25139,train,True
25140,train,False
25141,train,True
25142,test,False
25143,train,True
25144,validation,False
25145,test,False
25146,train,False
25147,validation,False
25148,train,True
25149,train,False
25150,test,False
25151,train,True
25152,test,False
25153,train,True
25154,test,False
25155,train,True
25156,train,True
25157,train,False
25158,test,False
25159,train,False
25160,validation,False
25161,train,True
25162,train,False
25163,train,True
25164,train,False
25165,train,True
25166,train,True
25167,train,True
25168,train,False
25169,validation,False
25170,validation,False
25171,validation,False
25172,train,True
25173,train,True
25174,train,True
25175,train,True
25176,train,True
25177,test,False
25178,train,True
25179,train,False
25180,train,True
25181,train,True
25182,train,True
25183,validation,False
25184,test,False
25185,train,False
25186,train,False
25187,test,False
25188,validation,False
25189,train,True
25190,train,True
25191,train,False
25192,test,False
25193,train,True
25194,train,True
25195,test,False
25196,train,True
25197,test,False
25198,train,True
25199,test,False
25200,validation,False
25201,train,False
25202,train,True
25203,test,False
25204,train,False
25205,train,True
25206,train,True
25207,train,True
25208,validation,False
25209,validation,False
25210,train,True
25211,test,False
25212,validation,False
25213,train,True
25214,validation,False
25215,test,False
25216,validation,False
25217,train,False
25218,validation,False
25219,train,False
25220,train,False
25221,train,True
25222,train,True
25223,train,True
25224,train,True
25225,train,True
25226,validation,False
25227,train,True
25228,train,True
25229,train,True
25230,train,True
25231,validation,False
25232,test,False
25233,train,False
25234,train,False
25235,train,False
25236,train,False
25237,validation,False
25238,train,True
25239,validation,False
25240,train,False
25241,train,True
25242,validation,False
25243,train,True
25244,test,False
25245,train,True
25246,validation,False
25247,validation,False
25248,train,True
25249,validation,False
25250,validation,False
25251,validation,False
25252,train,True
25253,train,True
25254,test,False
25255,test,False
25256,validation,False
25257,validation,False
25258,train,True
25259,train,False
25260,train,True
25261,train,True
25262,train,True
25263,train,False
25264,validation,False
25265,train,True
25266,train,False
25267,train,True
25268,validation,False
25269,train,True
25270,validation,False
25271,train,True
25272,test,False
25273,train,True
25274,train,True
25275,train,False
25276,test,False
25277,train,True
25278,train,True
25279,validation,False
25280,train,True
25281,test,False
25282,validation,False
25283,test,False
25284,train,True
25285,train,False
25286,validation,False
25287,test,False
25288,train,True
25289,train,False
25290,validation,False
25291,validation,False
25292,validation,False
25293,validation,False
25294,train,False
25295,test,False
25296,train,False
25297,test,False
25298,test,False
25299,train,True
25300,test,False
25301,train,True
25302,train,True
25303,train,True
25304,validation,False
25305,validation,False
25306,train,False
25307,train,True
25308,train,False
25309,train,True
25310,train,True
25311,validation,False
25312,train,True
25313,train,True
25314,train,True
25315,validation,False
25316,train,True
25317,validation,False
25318,train,True
25319,train,False
25320,test,False
25321,train,True
25322,test,False
25323,validation,False
25324,validation,False
25325,train,True
25326,test,False
25327,train,False
25328,test,False
25329,validation,False
25330,train,True
25331,validation,False
25332,train,False
25333,test,False
25334,train,True
25335,train,True
25336,train,False
25337,train,True
25338,test,False
25339,train,False
25340,train,True
25341,validation,False
25342,train,True
25343,train,True
25344,train,True
25345,train,False
25346,train,True
25347,validation,False
25348,validation,False
25349,train,False
25350,train,False
25351,train,True
25352,validation,False
25353,train,True
25354,validation,False
25355,train,True
25356,train,False
25357,train,True
25358,train,False
25359,train,False
25360,test,False
25361,test,False
25362,test,False
25363,train,True
25364,test,False
25365,train,False
25366,test,False
25367,validation,False
25368,test,False
25369,validation,False
25370,validation,False
25371,train,False
25372,train,True
25373,train,True
25374,train,True
25375,train,False
25376,train,True
25377,train,True
25378,train,True
25379,train,True
25380,train,True
25381,train,False
25382,test,False
25383,validation,False
25384,validation,False
25385,train,True
25386,validation,False
25387,train,True
25388,test,False
25389,train,False
25390,test,False
25391,test,False
25392,train,True
25393,test,False
25394,train,True
25395,validation,False
25396,validation,False
25397,train,False
25398,train,True
25399,validation,False
25400,validation,False
25401,test,False
25402,train,False
25403,train,True
25404,test,False
25405,train,True
25406,train,True
25407,train,True
25408,train,True
25409,test,False
25410,validation,False
25411,train,True
25412,train,True
25413,validation,False
25414,validation,False
25415,train,False
25416,validation,False
25417,train,True
25418,train,True
25419,train,True
25420,train,True
25421,train,False
25422,test,False
25423,train,False
25424,train,True
25425,train,True
25426,test,False
25427,train,True
25428,train,True
25429,validation,False
25430,train,True
25431,train,False
25432,validation,False
25433,test,False
25434,train,True
25435,train,True
25436,test,False
25437,train,False
25438,train,False
25439,test,False
25440,train,True
25441,train,True
25442,train,True
25443,train,True
25444,test,False
25445,train,False
25446,train,False
25447,test,False
25448,train,True
25449,test,False
25450,test,False
25451,validation,False
25452,test,False
25453,train,False
25454,train,True
25455,train,False
25456,test,False
25457,train,True
25458,validation,False
25459,test,False
25460,train,True
25461,validation,False
25462,train,True
25463,validation,False
25464,train,False
25465,train,True
25466,test,False
25467,train,True
25468,train,False
25469,train,True
25470,validation,False
25471,train,True
25472,train,True
25473,train,False
25474,train,True
25475,train,False
25476,test,False
25477,train,False
25478,train,True
25479,validation,False
25480,train,False
25481,validation,False
25482,train,True
25483,test,False
25484,train,False
25485,test,False
25486,train,True
25487,train,True
25488,train,False
25489,train,False
25490,validation,False
25491,test,False
25492,test,False
25493,test,False
25494,train,True
25495,train,True
25496,validation,False
25497,validation,False
25498,test,False
25499,train,True
25500,train,True
25501,validation,False
25502,train,False
25503,train,True
25504,test,False
25505,validation,False
25506,validation,False
25507,train,True
25508,validation,False
25509,train,False
25510,validation,False
25511,test,False
25512,validation,False
25513,test,False
25514,train,False
25515,validation,False
25516,train,True
25517,train,True
25518,train,True
25519,train,True
25520,test,False
25521,train,True
25522,test,False
25523,train,True
25524,test,False
25525,train,True
25526,test,False
25527,train,False
25528,test,False
25529,train,True
25530,train,True
25531,test,False
25532,train,False
25533,test,False
25534,train,True
25535,train,True
25536,test,False
25537,train,True
25538,test,False
25539,train,True
25540,validation,False
25541,train,False
25542,train,True
25543,test,False
25544,validation,False
25545,validation,False
25546,train,False
25547,validation,False
25548,train,False
25549,train,False
25550,validation,False
25551,validation,False
25552,train,True
25553,train,True
25554,train,True
25555,train,False
25556,test,False
25557,test,False
25558,train,False
25559,validation,False
25560,train,False
25561,train,True
25562,train,True
25563,train,True
25564,validation,False
25565,validation,False
25566,test,False
25567,train,True
25568,validation,False
25569,test,False
25570,train,False
25571,train,False
25572,test,False
25573,test,False
25574,train,True
25575,test,False
25576,train,False
25577,train,True
25578,train,False
25579,train,False
25580,train,True
25581,validation,False
25582,train,True
25583,validation,False
25584,train,False
25585,train,True
25586,validation,False
25587,train,False
25588,train,False
25589,train,True
25590,validation,False
25591,train,False
25592,test,False
25593,train,True
25594,validation,False
25595,test,False
25596,validation,False
25597,train,True
25598,validation,False
25599,validation,False
25600,train,True
25601,train,False
25602,test,False
25603,train,False
25604,train,True
25605,train,True
25606,train,True
25607,train,True
25608,test,False
25609,validation,False
25610,train,False
25611,train,True
25612,train,False
25613,validation,False
25614,train,True
25615,train,False
25616,test,False
25617,test,False
25618,train,False
25619,train,True
25620,validation,False
25621,train,True
25622,train,True
25623,test,False
25624,test,False
25625,train,True
25626,train,True
25627,train,True
25628,train,True
25629,train,True
25630,validation,False
25631,train,True
25632,test,False
25633,train,True
25634,test,False
25635,train,False
25636,validation,False
25637,train,False
25638,validation,False
25639,train,True
25640,validation,False
25641,train,True
25642,train,False
25643,test,False
25644,train,True
25645,test,False
25646,train,True
25647,train,False
25648,train,False
25649,train,True
25650,train,False
25651,train,True
25652,train,False
25653,test,False
25654,validation,False
25655,validation,False
25656,test,False
25657,train,True
25658,train,False
25659,validation,False
25660,train,False
25661,train,False
25662,validation,False
25663,test,False
25664,train,True
25665,train,False
25666,train,True
25667,train,True
25668,test,False
25669,test,False
25670,train,True
25671,train,True
25672,validation,False
25673,train,True
25674,test,False
25675,validation,False
25676,train,True
25677,validation,False
25678,train,False
25679,test,False
25680,train,True
25681,train,False
25682,validation,False
25683,validation,False
25684,train,True
25685,train,True
25686,train,True
25687,train,True
25688,test,False
25689,train,True
25690,train,True
25691,train,True
25692,train,True
25693,train,True
25694,validation,False
25695,validation,False
25696,train,True
25697,train,False
25698,validation,False
25699,train,True
25700,validation,False
25701,train,True
25702,train,True
25703,validation,False
25704,validation,False
25705,test,False
25706,validation,False
25707,test,False
25708,validation,False
25709,train,False
25710,train,True
25711,train,True
25712,train,True
25713,train,True
25714,validation,False
25715,test,False
25716,train,False
25717,train,True
25718,test,False
25719,train,True
25720,train,True
25721,validation,False
25722,validation,False
25723,train,True
25724,train,True
25725,test,False
25726,validation,False
25727,train,False
25728,train,True
25729,train,True
25730,train,True
25731,test,False
25732,train,False
25733,train,True
25734,test,False
25735,train,False
25736,validation,False
25737,train,False
25738,validation,False
25739,validation,False
25740,train,False
25741,test,False
25742,train,True
25743,validation,False
25744,train,False
25745,train,True
25746,test,False
25747,validation,False
25748,train,False
25749,train,False
25750,train,True
25751,test,False
25752,train,True
25753,validation,False
25754,train,True
25755,train,True
25756,validation,False
25757,train,False
25758,test,False
25759,train,True
25760,train,False
25761,train,True
25762,test,False
25763,train,True
25764,train,False
25765,train,True
25766,validation,False
25767,test,False
25768,train,False
25769,train,False
25770,train,True
25771,train,False
25772,train,True
25773,test,False
25774,train,False
25775,train,True
25776,train,True
25777,test,False
25778,train,True
25779,train,True
25780,validation,False
25781,train,False
25782,validation,False
25783,train,False
25784,validation,False
25785,train,True
25786,test,False
25787,train,False
25788,validation,False
25789,train,True
25790,train,True
25791,train,True
25792,train,False
25793,validation,False
25794,train,False
25795,train,True
25796,validation,False
25797,validation,False
25798,train,True
25799,train,True
25800,train,True
25801,train,True
25802,test,False
25803,train,False
25804,test,False
25805,validation,False
25806,validation,False
25807,train,True
25808,train,True
25809,train,False
25810,validation,False
25811,train,True
25812,train,True
25813,train,True
25814,train,False
25815,train,True
25816,test,False
25817,train,True
25818,train,False
25819,train,True
25820,test,False
25821,train,True
25822,train,False
25823,validation,False
25824,train,True
25825,train,False
25826,train,False
25827,test,False
25828,test,False
25829,train,True
25830,train,True
25831,test,False
25832,train,True
25833,train,True
25834,train,True
25835,train,True
25836,train,True
25837,train,True
25838,validation,False
25839,test,False
25840,validation,False
25841,validation,False
25842,train,True
25843,train,True
25844,train,False
25845,train,True
25846,validation,False
25847,train,True
25848,train,True
25849,train,True
25850,train,True
25851,train,True
25852,train,True
25853,train,True
25854,train,True
25855,train,False
25856,train,True
25857,train,True
25858,test,False
25859,train,True
25860,validation,False
25861,test,False
25862,train,False
25863,train,True
25864,train,True
25865,validation,False
25866,train,True
25867,test,False
25868,validation,False
25869,test,False
25870,test,False
25871,test,False
25872,train,False
25873,train,False
25874,train,True
25875,train,True
25876,validation,False
25877,train,False
25878,train,False
25879,train,False
25880,train,False
25881,train,True
25882,test,False
25883,train,True
25884,train,False
25885,train,False
25886,test,False
25887,validation,False
25888,train,False
25889,train,True
25890,test,False
25891,validation,False
25892,validation,False
25893,train,True
25894,train,True
25895,train,True
25896,train,True
25897,test,False
25898,test,False
25899,test,False
25900,train,True
25901,train,True
25902,train,True
25903,validation,False
25904,train,True
25905,test,False
25906,test,False
25907,test,False
25908,test,False
25909,test,False
25910,train,False
25911,validation,False
25912,train,True
25913,test,False
25914,validation,False
25915,train,True
25916,train,True
25917,train,False
25918,validation,False
25919,validation,False
25920,test,False
25921,train,False
25922,train,True
25923,train,True
25924,train,True
25925,test,False
25926,validation,False
25927,validation,False
25928,test,False
25929,train,True
25930,validation,False
25931,train,True
25932,train,True
25933,test,False
25934,train,True
25935,train,True
25936,train,True
25937,test,False
25938,train,False
25939,train,False
25940,test,False
25941,train,True
25942,validation,False
25943,validation,False
25944,train,False
25945,train,False
25946,train,True
25947,validation,False
25948,test,False
25949,train,True
25950,train,True
25951,validation,False
25952,train,True
25953,test,False
25954,train,True
25955,train,True
25956,train,False
25957,test,False
25958,test,False
25959,validation,False
25960,test,False
25961,test,False
25962,train,True
25963,train,True
25964,test,False
25965,test,False
25966,train,True
25967,train,False
25968,train,False
25969,validation,False
25970,test,False
25971,validation,False
25972,train,True
25973,train,False
25974,train,False
25975,validation,False
25976,validation,False
25977,validation,False
25978,train,True
25979,train,True
25980,train,False
25981,validation,False
25982,train,True
25983,test,False
25984,train,False
25985,train,True
25986,train,True
25987,validation,False
25988,train,True
25989,train,False
25990,train,True
25991,train,True
25992,train,True
25993,test,False
25994,train,True
25995,train,False
25996,train,False
25997,train,False
25998,train,True
25999,train,False
26000,validation,False
26001,train,True
26002,validation,False
26003,train,True
26004,train,True
26005,test,False
26006,train,True
26007,train,True
26008,train,False
26009,train,True
26010,train,True
26011,train,True
26012,validation,False
26013,train,True
26014,train,False
26015,train,True
26016,validation,False
26017,validation,False
26018,train,True
26019,train,False
26020,train,True
26021,train,False
26022,train,True
26023,train,False
26024,validation,False
26025,train,True
26026,train,False
26027,test,False
26028,train,False
26029,validation,False
26030,train,False
26031,train,True
26032,test,False
26033,validation,False
26034,train,False
26035,train,True
26036,test,False
26037,train,True
26038,train,True
26039,train,True
26040,train,False
26041,train,True
26042,train,True
26043,train,False
26044,train,True
26045,train,True
26046,train,False
26047,train,True
26048,train,False
26049,train,False
26050,train,False
26051,validation,False
26052,validation,False
26053,train,True
26054,train,True
26055,train,True
26056,test,False
26057,train,True
26058,train,True
26059,train,False
26060,validation,False
26061,train,True
26062,train,False
26063,train,False
26064,validation,False
26065,test,False
26066,train,True
26067,train,True
26068,train,False
26069,validation,False
26070,test,False
26071,validation,False
26072,train,True
26073,train,False
26074,test,False
26075,test,False
26076,test,False
26077,test,False
26078,train,True
26079,train,True
26080,validation,False
26081,train,False
26082,validation,False
26083,validation,False
26084,train,True
26085,test,False
26086,train,True
26087,train,False
26088,test,False
26089,test,False
26090,train,False
26091,validation,False
26092,train,False
26093,train,False
26094,test,False
26095,train,True
26096,validation,False
26097,train,True
26098,train,False
26099,train,False
26100,train,True
26101,test,False
26102,test,False
26103,train,True
26104,train,False
26105,test,False
26106,train,True
26107,train,True
26108,train,False
26109,validation,False
26110,validation,False
26111,train,False
26112,train,False
26113,train,True
26114,validation,False
26115,train,True
26116,train,True
26117,validation,False
26118,validation,False
26119,test,False
26120,validation,False
26121,test,False
26122,train,False
26123,train,True
26124,train,True
26125,train,True
26126,validation,False
26127,test,False
26128,train,False
26129,train,True
26130,train,False
26131,train,False
26132,train,True
26133,validation,False
26134,test,False
26135,train,True
26136,validation,False
26137,test,False
26138,train,True
26139,validation,False
26140,train,False
26141,validation,False
26142,test,False
26143,train,True
26144,train,False
26145,train,True
26146,train,False
26147,train,True
26148,validation,False
26149,train,False
26150,train,False
26151,test,False
26152,train,False
26153,train,True
26154,train,True
26155,train,True
26156,train,True
26157,train,False
26158,train,True
26159,train,True
26160,train,True
26161,train,False
26162,test,False
26163,train,True
26164,train,True
26165,test,False
26166,train,True
26167,test,False
26168,train,True
26169,train,False
26170,test,False
26171,train,False
26172,train,True
26173,validation,False
26174,train,True
26175,validation,False
26176,test,False
26177,train,True
26178,validation,False
26179,validation,False
26180,train,True
26181,train,True
26182,validation,False
26183,test,False
26184,validation,False
26185,test,False
26186,train,True
26187,train,True
26188,train,True
26189,test,False
26190,train,False
26191,validation,False
26192,train,False
26193,train,True
26194,train,True
26195,test,False
26196,test,False
26197,train,True
26198,test,False
26199,test,False
26200,test,False
26201,train,True
26202,train,True
26203,train,True
26204,train,True
26205,train,False
26206,train,True
26207,train,False
26208,train,True
26209,test,False
26210,train,True
26211,test,False
26212,train,False
26213,train,False
26214,train,True
26215,train,False
26216,train,True
26217,train,False
26218,test,False
26219,train,True
26220,train,True
26221,train,True
26222,validation,False
26223,train,True
26224,train,True
26225,train,True
26226,validation,False
26227,train,True
26228,test,False
26229,train,False
26230,test,False
26231,train,True
26232,train,False
26233,train,True
26234,train,False
26235,train,False
26236,train,False
26237,train,True
26238,train,True
26239,train,True
26240,train,False
26241,validation,False
26242,train,True
26243,test,False
26244,validation,False
26245,train,True
26246,test,False
26247,validation,False
26248,train,True
26249,train,False
26250,train,True
26251,test,False
26252,train,False
26253,test,False
26254,train,True
26255,test,False
26256,validation,False
26257,test,False
26258,validation,False
26259,train,True
26260,train,True
26261,train,True
26262,train,False
26263,validation,False
26264,train,True
26265,train,True
26266,train,True
26267,train,False
26268,train,True
26269,validation,False
26270,train,True
26271,train,True
26272,train,False
26273,test,False
26274,train,False
26275,train,False
26276,train,False
26277,validation,False
26278,test,False
26279,train,True
26280,train,True
26281,train,True
26282,train,True
26283,validation,False
26284,train,True
26285,test,False
26286,train,True
26287,validation,False
26288,validation,False
26289,test,False
26290,train,False
26291,train,False
26292,train,True
26293,test,False
26294,test,False
26295,train,False
26296,train,True
26297,validation,False
26298,validation,False
26299,test,False
26300,train,True
26301,train,False
26302,train,True
26303,train,True
26304,train,True
26305,train,True
26306,train,False
26307,validation,False
26308,train,False
26309,train,True
26310,train,True
26311,test,False
26312,train,False
26313,validation,False
26314,train,True
26315,test,False
26316,train,True
26317,train,True
26318,train,True
26319,train,True
26320,validation,False
26321,train,True
26322,train,True
26323,train,True
26324,validation,False
26325,train,True
26326,test,False
26327,validation,False
26328,train,True
26329,train,True
26330,train,True
26331,train,True
26332,validation,False
26333,validation,False
26334,validation,False
26335,train,True
26336,train,True
26337,train,False
26338,test,False
26339,test,False
26340,train,True
26341,train,True
26342,validation,False
26343,train,True
26344,validation,False
26345,train,True
26346,train,True
26347,test,False
26348,train,True
26349,train,False
26350,validation,False
26351,train,True
26352,train,True
26353,test,False
26354,test,False
26355,test,False
26356,train,True
26357,train,False
26358,train,False
26359,train,True
26360,train,False
26361,validation,False
26362,test,False
26363,train,True
26364,train,True
26365,train,True
26366,test,False
26367,train,False
26368,test,False
26369,validation,False
26370,train,True
26371,train,True
26372,validation,False
26373,train,True
26374,train,True
26375,train,True
26376,train,False
26377,train,False
26378,test,False
26379,train,True
26380,validation,False
26381,train,True
26382,train,True
26383,validation,False
26384,train,True
26385,train,False
26386,test,False
26387,validation,False
26388,validation,False
26389,validation,False
26390,train,True
26391,test,False
26392,test,False
26393,test,False
26394,train,True
26395,train,True
26396,validation,False
26397,test,False
26398,train,True
26399,train,True
26400,validation,False
26401,train,True
26402,test,False
26403,train,True
26404,train,True
26405,train,True
26406,validation,False
26407,test,False
26408,train,True
26409,train,True
26410,test,False
26411,train,True
26412,validation,False
26413,test,False
26414,train,True
26415,test,False
26416,validation,False
26417,test,False
26418,validation,False
26419,train,False
26420,train,True
26421,test,False
26422,train,False
26423,train,True
26424,test,False
26425,test,False
26426,train,False
26427,test,False
26428,train,True
26429,train,False
26430,train,True
26431,train,True
26432,test,False
26433,train,True
26434,train,False
26435,train,True
26436,train,False
26437,train,True
26438,train,True
26439,validation,False
26440,train,False
26441,train,True
26442,train,False
26443,train,True
26444,test,False
26445,train,True
26446,train,True
26447,train,True
26448,validation,False
26449,train,True
26450,train,True
26451,test,False
26452,train,True
26453,train,False
26454,train,True
26455,train,False
26456,train,True
26457,train,False
26458,train,True
26459,train,False
26460,train,True
26461,validation,False
26462,train,True
26463,train,True
26464,train,False
26465,train,True
26466,test,False
26467,test,False
26468,test,False
26469,train,True
26470,train,True
26471,test,False
26472,validation,False
26473,train,False
26474,train,False
26475,train,False
26476,test,False
26477,test,False
26478,test,False
26479,train,True
26480,train,False
26481,train,True
26482,test,False
26483,test,False
26484,train,True
26485,train,False
26486,train,False
26487,test,False
26488,validation,False
26489,train,False
26490,train,False
26491,train,True
26492,train,True
26493,train,False
26494,validation,False
26495,train,True
26496,validation,False
26497,train,True
26498,test,False
26499,validation,False
26500,train,True
26501,train,True
26502,train,True
26503,train,False
26504,validation,False
26505,train,True
26506,train,True
26507,train,True
26508,validation,False
26509,test,False
26510,train,False
26511,validation,False
26512,validation,False
26513,validation,False
26514,test,False
26515,test,False
26516,validation,False
26517,validation,False
26518,test,False
26519,validation,False
26520,validation,False
26521,train,True
26522,train,False
26523,train,True
26524,validation,False
26525,train,False
26526,train,False
26527,train,False
26528,train,True
26529,test,False
26530,train,True
26531,train,False
26532,train,True
26533,train,True
26534,train,False
26535,train,True
26536,test,False
26537,train,False
26538,test,False
26539,validation,False
26540,train,True
26541,train,True
26542,test,False
26543,test,False
26544,train,False
26545,validation,False
26546,train,False
26547,train,True
26548,validation,False
26549,validation,False
26550,train,False
26551,train,True
26552,test,False
26553,train,False
26554,train,False
26555,test,False
26556,validation,False
26557,train,True
26558,validation,False
26559,validation,False
26560,test,False
26561,validation,False
26562,train,False
26563,train,True
26564,train,True
26565,test,False
26566,train,False
26567,train,True
26568,train,False
26569,validation,False
26570,train,False
26571,validation,False
26572,train,True
26573,train,True
26574,validation,False
26575,train,True
26576,validation,False
26577,train,True
26578,train,True
26579,train,True
26580,train,False
26581,train,False
26582,validation,False
26583,validation,False
26584,validation,False
26585,validation,False
26586,train,False
26587,validation,False
26588,train,True
26589,train,True
26590,train,True
26591,train,True
26592,train,True
26593,train,True
26594,validation,False
26595,train,True
26596,test,False
26597,test,False
26598,test,False
26599,train,True
26600,train,False
26601,train,True
26602,validation,False
26603,validation,False
26604,train,False
26605,train,True
26606,test,False
26607,train,True
26608,validation,False
26609,train,False
26610,train,True
26611,train,False
26612,train,True
26613,validation,False
26614,train,True
26615,validation,False
26616,validation,False
26617,train,True
26618,train,False
26619,train,True
26620,validation,False
26621,validation,False
26622,validation,False
26623,train,True
26624,train,False
26625,validation,False
26626,train,False
26627,train,True
26628,train,True
26629,train,False
26630,test,False
26631,train,False
26632,train,True
26633,train,True
26634,validation,False
26635,train,False
26636,test,False
26637,validation,False
26638,validation,False
26639,test,False
26640,validation,False
26641,train,False
26642,train,False
26643,test,False
26644,train,True
26645,test,False
26646,test,False
26647,train,True
26648,validation,False
26649,train,True
26650,train,True
26651,validation,False
26652,test,False
26653,train,False
26654,train,True
26655,train,True
26656,train,True
26657,train,True
26658,test,False
26659,train,False
26660,train,True
26661,validation,False
26662,test,False
26663,train,True
26664,test,False
26665,train,False
26666,test,False
26667,test,False
26668,train,False
26669,train,True
26670,train,True
26671,test,False
26672,test,False
26673,test,False
26674,test,False
26675,train,True
26676,train,False
26677,test,False
26678,train,True
26679,validation,False
26680,validation,False
26681,train,False
26682,test,False
26683,validation,False
26684,train,False
26685,validation,False
26686,train,True
26687,validation,False
26688,train,False
26689,train,True
26690,test,False
26691,train,False
26692,train,False
26693,test,False
26694,train,False
26695,validation,False
26696,validation,False
26697,train,True
26698,test,False
26699,test,False
26700,test,False
26701,train,True
26702,train,False
26703,train,True
26704,train,True
26705,train,False
26706,train,False
26707,train,True
26708,test,False
26709,train,False
26710,train,False
26711,validation,False
26712,train,False
26713,test,False
26714,train,False
26715,test,False
26716,train,True
26717,train,True
26718,train,True
26719,test,False
26720,validation,False
26721,validation,False
26722,train,False
26723,validation,False
26724,test,False
26725,train,True
26726,validation,False
26727,train,True
26728,test,False
26729,train,True
26730,test,False
26731,validation,False
26732,train,True
26733,test,False
26734,test,False
26735,train,False
26736,train,False
26737,validation,False
26738,train,True
26739,train,True
26740,train,True
26741,train,False
26742,train,True
26743,train,True
26744,train,True
26745,train,False
26746,train,False
26747,train,False
26748,train,True
26749,validation,False
26750,train,True
26751,validation,False
26752,train,True
26753,train,False
26754,train,True
26755,validation,False
26756,train,False
26757,train,True
26758,train,True
26759,validation,False
26760,validation,False
26761,train,False
26762,train,True
26763,test,False
26764,train,False
26765,train,True
26766,validation,False
26767,train,True
26768,test,False
26769,train,True
26770,test,False
26771,train,False
26772,test,False
26773,validation,False
26774,test,False
26775,test,False
26776,train,True
26777,validation,False
26778,train,False
26779,validation,False
26780,train,True
26781,train,False
26782,test,False
26783,validation,False
26784,train,True
26785,test,False
26786,train,True
26787,train,True
26788,validation,False
26789,test,False
26790,train,True
26791,validation,False
26792,train,True
26793,train,True
26794,train,False
26795,train,True
26796,test,False
26797,train,False
26798,test,False
26799,validation,False
26800,test,False
26801,train,False
26802,train,False
26803,train,False
26804,validation,False
26805,validation,False
26806,train,True
26807,train,False
26808,train,False
26809,train,True
26810,train,False
26811,validation,False
26812,validation,False
26813,validation,False
26814,train,False
26815,validation,False
26816,validation,False
26817,train,True
26818,train,False
26819,train,True
26820,train,True
26821,train,False
26822,train,True
26823,validation,False
26824,validation,False
26825,test,False
26826,test,False
26827,test,False
26828,validation,False
26829,train,True
26830,test,False
26831,train,True
26832,train,True
26833,validation,False
26834,train,True
26835,train,True
26836,validation,False
26837,validation,False
26838,test,False
26839,train,False
26840,test,False
26841,train,False
26842,train,False
26843,train,True
26844,train,True
26845,validation,False
26846,test,False
26847,test,False
26848,train,True
26849,validation,False
26850,train,True
26851,test,False
26852,validation,False
26853,train,True
26854,validation,False
26855,validation,False
26856,train,True
26857,train,True
26858,validation,False
26859,train,True
26860,train,True
26861,train,True
26862,train,False
26863,train,True
26864,test,False
26865,validation,False
26866,validation,False
26867,train,True
26868,train,True
26869,validation,False
26870,test,False
26871,validation,False
26872,train,False
26873,train,False
26874,train,True
26875,train,True
26876,validation,False
26877,train,True
26878,train,False
26879,train,True
26880,train,True
26881,validation,False
26882,train,True
26883,validation,False
26884,train,True
26885,train,True
26886,train,True
26887,test,False
26888,train,True
26889,train,True
26890,train,True
26891,train,True
26892,test,False
26893,train,True
26894,test,False
26895,train,True
26896,validation,False
26897,train,True
26898,train,True
26899,test,False
26900,test,False
26901,validation,False
26902,train,True
26903,validation,False
26904,train,True
26905,validation,False
26906,train,True
26907,train,True
26908,train,True
26909,test,False
26910,test,False
26911,train,True
26912,train,True
26913,train,False
26914,train,True
26915,test,False
26916,train,True
26917,train,False
26918,train,False
26919,test,False
26920,validation,False
26921,train,False
26922,test,False
26923,test,False
26924,validation,False
26925,train,True
26926,train,True
26927,test,False
26928,train,True
26929,train,True
26930,train,False
26931,train,False
26932,train,False
26933,train,False
26934,train,True
26935,train,True
26936,train,True
26937,test,False
26938,train,True
26939,validation,False
26940,validation,False
26941,train,False
26942,train,True
26943,test,False
26944,train,True
26945,train,True
26946,train,True
26947,train,True
26948,validation,False
26949,test,False
26950,test,False
26951,train,True
26952,train,True
26953,train,False
26954,train,True
26955,test,False
26956,validation,False
26957,train,True
26958,validation,False
26959,train,True
26960,train,True
26961,train,True
26962,validation,False
26963,validation,False
26964,validation,False
26965,train,True
26966,train,True
26967,train,True
26968,validation,False
26969,validation,False
26970,train,True
26971,train,True
26972,train,True
26973,test,False
26974,validation,False
26975,validation,False
26976,train,True
26977,train,True
26978,test,False
26979,train,True
26980,test,False
26981,train,True
26982,train,True
26983,train,True
26984,train,True
26985,train,False
26986,train,False
26987,train,True
26988,train,True
26989,train,True
26990,test,False
26991,train,True
26992,train,True
26993,validation,False
26994,validation,False
26995,train,True
26996,train,False
26997,train,False
26998,test,False
26999,test,False
27000,train,False
27001,train,True
27002,test,False
27003,train,False
27004,validation,False
27005,test,False
27006,train,True
27007,validation,False
27008,train,False
27009,test,False
27010,train,True
27011,validation,False
27012,train,True
27013,train,False
27014,train,False
27015,train,False
27016,train,False
27017,train,True
27018,train,True
27019,validation,False
27020,train,True
27021,test,False
27022,train,False
27023,train,True
27024,test,False
27025,train,False
27026,validation,False
27027,train,False
27028,train,True
27029,train,True
27030,validation,False
27031,train,False
27032,train,False
27033,train,True
27034,train,False
27035,validation,False
27036,train,True
27037,validation,False
27038,train,False
27039,test,False
27040,train,False
27041,train,True
27042,train,False
27043,validation,False
27044,train,True
27045,validation,False
27046,test,False
27047,train,False
27048,train,True
27049,train,True
27050,test,False
27051,train,True
27052,test,False
27053,train,True
27054,test,False
27055,train,True
27056,train,False
27057,train,False
27058,test,False
27059,validation,False
27060,train,True
27061,train,True
27062,train,True
27063,train,False
27064,validation,False
27065,train,True
27066,test,False
27067,test,False
27068,train,True
27069,train,False
27070,train,True
27071,test,False
27072,train,True
27073,train,True
27074,train,True
27075,train,True
27076,train,True
27077,train,True
27078,test,False
27079,train,True
27080,train,True
27081,validation,False
27082,train,False
27083,train,True
27084,test,False
27085,train,True
27086,validation,False
27087,validation,False
27088,validation,False
27089,validation,False
27090,validation,False
27091,train,True
27092,validation,False
27093,validation,False
27094,train,False
27095,train,True
27096,train,True
27097,train,True
27098,test,False
27099,train,True
27100,train,True
27101,train,True
27102,train,True
27103,validation,False
27104,train,True
27105,train,True
27106,validation,False
27107,validation,False
27108,validation,False
27109,test,False
27110,train,True
27111,train,False
27112,test,False
27113,train,False
27114,test,False
27115,validation,False
27116,train,False
27117,train,True
27118,validation,False
27119,validation,False
27120,validation,False
27121,train,False
27122,train,False
27123,train,False
27124,train,True
27125,test,False
27126,train,True
27127,train,True
27128,test,False
27129,train,True
27130,validation,False
27131,test,False
27132,train,True
27133,train,False
27134,train,False
27135,train,True
27136,train,True
27137,train,True
27138,train,True
27139,validation,False
27140,train,True
27141,train,False
27142,train,True
27143,train,True
27144,train,True
27145,test,False
27146,train,True
27147,test,False
27148,test,False
27149,train,False
27150,test,False
27151,train,True
27152,validation,False
27153,test,False
27154,test,False
27155,validation,False
27156,train,True
27157,validation,False
27158,validation,False
27159,train,False
27160,test,False
27161,test,False
27162,test,False
27163,train,True
27164,train,True
27165,test,False
27166,test,False
27167,train,True
27168,train,True
27169,train,False
27170,train,True
27171,train,False
27172,train,True
27173,train,False
27174,test,False
27175,train,True
27176,train,False
27177,validation,False
27178,train,True
27179,validation,False
27180,train,True
27181,validation,False
27182,train,True
27183,validation,False
27184,validation,False
27185,train,True
27186,validation,False
27187,train,False
27188,validation,False
27189,train,False
27190,validation,False
27191,test,False
27192,train,False
27193,train,False
27194,train,True
27195,train,True
27196,train,True
27197,validation,False
27198,validation,False
27199,train,True
27200,train,True
27201,train,True
27202,train,True
27203,validation,False
27204,validation,False
27205,test,False
27206,validation,False
27207,test,False
27208,validation,False
27209,validation,False
27210,validation,False
27211,train,True
27212,train,True
27213,train,True
27214,validation,False
27215,train,False
27216,train,True
27217,train,True
27218,test,False
27219,train,True
27220,train,True
27221,train,True
27222,validation,False
27223,validation,False
27224,train,True
27225,validation,False
27226,train,True
27227,validation,False
27228,validation,False
27229,train,True
27230,train,True
27231,test,False
27232,train,True
27233,test,False
27234,train,False
27235,test,False
27236,validation,False
27237,test,False
27238,train,True
27239,test,False
27240,train,True
27241,train,False
27242,train,False
27243,train,False
27244,train,False
27245,test,False
27246,train,False
27247,train,True
27248,validation,False
27249,train,True
27250,train,True
27251,train,True
27252,train,False
27253,train,True
27254,train,True
27255,validation,False
27256,train,False
27257,train,True
27258,validation,False
27259,test,False
27260,validation,False
27261,train,True
27262,train,True
27263,train,True
27264,train,True
27265,train,True
27266,train,True
27267,test,False
27268,train,False
27269,train,True
27270,train,True
27271,train,True
27272,train,False
27273,validation,False
27274,train,True
27275,train,True
27276,train,True
27277,validation,False
27278,train,True
27279,train,False
27280,test,False
27281,train,True
27282,train,True
27283,train,True
27284,validation,False
27285,train,False
27286,test,False
27287,test,False
27288,validation,False
27289,train,False
27290,train,True
27291,train,False
27292,test,False
27293,validation,False
27294,validation,False
27295,test,False
27296,test,False
27297,train,False
27298,test,False
27299,validation,False
27300,train,True
27301,train,True
27302,train,True
27303,validation,False
27304,train,True
27305,test,False
27306,test,False
27307,train,False
27308,train,True
27309,train,True
27310,train,True
27311,validation,False
27312,test,False
27313,validation,False
27314,train,True
27315,test,False
27316,train,True
27317,validation,False
27318,test,False
27319,test,False
27320,test,False
27321,train,True
27322,train,True
27323,test,False
27324,train,False
27325,test,False
27326,train,True
27327,train,True
27328,validation,False
27329,train,False
27330,train,True
27331,train,False
27332,train,True
27333,validation,False
27334,train,False
27335,test,False
27336,test,False
27337,train,True
27338,test,False
27339,test,False
27340,test,False
27341,train,True
27342,train,False
27343,train,True
27344,train,True
27345,validation,False
27346,train,False
27347,test,False
27348,train,False
27349,test,False
27350,train,True
27351,validation,False
27352,train,True
27353,train,True
27354,train,True
27355,train,True
27356,train,False
27357,validation,False
27358,train,False
27359,test,False
27360,train,True
27361,train,True
27362,train,False
27363,train,True
27364,validation,False
27365,validation,False
27366,test,False
27367,train,True
27368,train,False
27369,validation,False
27370,validation,False
27371,train,True
27372,test,False
27373,train,True
27374,test,False
27375,validation,False
27376,test,False
27377,train,True
27378,train,True
27379,test,False
27380,train,True
27381,test,False
27382,train,True
27383,train,True
27384,train,False
27385,train,False
27386,train,True
27387,train,False
27388,train,True
27389,train,True
27390,train,False
27391,train,True
27392,train,False
27393,train,True
27394,test,False
27395,test,False
27396,validation,False
27397,test,False
27398,validation,False
27399,train,False
27400,train,True
27401,validation,False
27402,validation,False
27403,train,True
27404,train,True
27405,train,True
27406,train,True
27407,test,False
27408,train,True
27409,train,True
27410,train,False
27411,test,False
27412,train,False
27413,train,True
27414,test,False
27415,train,True
27416,train,False
27417,train,True
27418,train,True
27419,train,True
27420,train,True
27421,train,True
27422,train,True
27423,train,False
27424,train,True
27425,train,True
27426,train,False
27427,test,False
27428,train,True
27429,train,True
27430,train,False
27431,train,True
27432,train,True
27433,train,False
27434,train,True
27435,validation,False
27436,train,True
27437,train,True
27438,train,True
27439,validation,False
27440,train,False
27441,train,True
27442,train,False
27443,train,True
27444,validation,False
27445,train,True
27446,train,True
27447,train,False
27448,train,True
27449,test,False
27450,train,True
27451,train,True
27452,train,True
27453,test,False
27454,test,False
27455,test,False
27456,train,False
27457,train,False
27458,validation,False
27459,train,False
27460,train,False
27461,train,True
27462,test,False
27463,test,False
27464,test,False
27465,test,False
27466,validation,False
27467,train,True
27468,test,False
27469,train,True
27470,test,False
27471,validation,False
27472,validation,False
27473,train,True
27474,train,True
27475,train,True
27476,train,True
27477,test,False
27478,train,True
27479,test,False
27480,train,True
27481,validation,False
27482,train,True
27483,train,True
27484,validation,False
27485,test,False
27486,test,False
27487,train,True
27488,test,False
27489,validation,False
27490,train,False
27491,validation,False
27492,train,False
27493,train,True
27494,test,False
27495,train,True
27496,train,True
27497,validation,False
27498,validation,False
27499,test,False
27500,train,True
27501,validation,False
27502,train,True
27503,train,True
27504,validation,False
27505,train,True
27506,train,True
27507,train,False
27508,train,True
27509,train,False
27510,train,True
27511,train,False
27512,test,False
27513,train,False
27514,train,False
27515,train,False
27516,train,True
27517,validation,False
27518,train,True
27519,train,True
27520,train,False
27521,train,False
27522,test,False
27523,train,True
27524,train,True
27525,test,False
27526,train,True
27527,test,False
27528,train,True
27529,train,True
27530,test,False
27531,test,False
27532,train,True
27533,train,False
27534,train,True
27535,train,False
27536,train,False
27537,train,True
27538,train,True
27539,test,False
27540,train,True
27541,test,False
27542,train,True
27543,validation,False
27544,test,False
27545,train,False
27546,train,False
27547,train,True
27548,test,False
27549,validation,False
27550,test,False
27551,test,False
27552,test,False
27553,train,False
27554,train,True
27555,train,True
27556,validation,False
27557,train,True
27558,validation,False
27559,train,True
27560,test,False
27561,train,False
27562,test,False
27563,test,False
27564,train,True
27565,train,False
27566,train,True
27567,train,False
27568,validation,False
27569,test,False
27570,validation,False
27571,train,False
27572,validation,False
27573,train,True
27574,test,False
27575,test,False
27576,validation,False
27577,train,True
27578,train,False
27579,train,True
27580,test,False
27581,test,False
27582,train,True
27583,validation,False
27584,train,True
27585,validation,False
27586,train,True
27587,train,True
27588,test,False
27589,train,False
27590,test,False
27591,test,False
27592,test,False
27593,train,True
27594,train,True
27595,validation,False
27596,train,False
27597,train,True
27598,validation,False
27599,train,True
27600,train,True
27601,train,True
27602,train,True
27603,train,True
27604,validation,False
27605,train,False
27606,train,False
27607,train,False
27608,validation,False
27609,test,False
27610,train,True
27611,train,False
27612,train,False
27613,train,True
27614,train,False
27615,train,False
27616,test,False
27617,validation,False
27618,validation,False
27619,validation,False
27620,train,False
27621,train,False
27622,train,True
27623,train,False
27624,train,True
27625,train,True
27626,train,True
27627,train,True
27628,test,False
27629,train,False
27630,train,True
27631,test,False
27632,train,True
27633,train,True
27634,train,True
27635,train,False
27636,train,True
27637,train,True
27638,train,True
27639,train,True
27640,train,True
27641,validation,False
27642,validation,False
27643,train,False
27644,test,False
27645,train,True
27646,train,True
27647,validation,False
27648,train,True
27649,train,True
27650,test,False
27651,train,True
27652,train,True
27653,train,False
27654,validation,False
27655,train,True
27656,train,True
27657,train,False
27658,test,False
27659,validation,False
27660,train,False
27661,train,False
27662,test,False
27663,train,True
27664,train,False
27665,test,False
27666,train,True
27667,train,False
27668,train,True
27669,train,False
27670,validation,False
27671,train,True
27672,test,False
27673,validation,False
27674,train,False
27675,validation,False
27676,train,True
27677,test,False
27678,test,False
27679,test,False
27680,test,False
27681,train,True
27682,test,False
27683,test,False
27684,train,False
27685,train,False
27686,validation,False
27687,train,True
27688,train,True
27689,validation,False
27690,train,True
27691,validation,False
27692,train,True
27693,train,True
27694,train,False
27695,train,True
27696,train,True
27697,validation,False
27698,train,False
27699,validation,False
27700,validation,False
27701,train,True
27702,train,True
27703,train,False
27704,train,True
27705,train,True
27706,train,True
27707,train,False
27708,test,False
27709,train,False
27710,test,False
27711,train,False
27712,train,True
27713,validation,False
27714,train,True
27715,train,True
27716,train,False
27717,train,False
27718,validation,False
27719,test,False
27720,train,False
27721,train,False
27722,validation,False
27723,test,False
27724,train,True
27725,validation,False
27726,train,True
27727,train,False
27728,test,False
27729,train,True
27730,train,False
27731,test,False
27732,train,True
27733,test,False
27734,validation,False
27735,train,False
27736,validation,False
27737,train,False
27738,validation,False
27739,train,True
27740,test,False
27741,train,True
27742,train,False
27743,test,False
27744,test,False
27745,train,False
27746,validation,False
27747,validation,False
27748,test,False
27749,train,False
27750,train,False
27751,validation,False
27752,train,True
27753,train,True
27754,train,True
27755,train,False
27756,test,False
27757,validation,False
27758,test,False
27759,validation,False
27760,test,False
27761,train,False
27762,test,False
27763,train,False
27764,test,False
27765,train,True
27766,validation,False
27767,train,True
27768,train,True
27769,validation,False
27770,validation,False
27771,test,False
27772,train,False
27773,test,False
27774,test,False
27775,validation,False
27776,train,True
27777,train,True
27778,train,True
27779,train,True
27780,test,False
27781,validation,False
27782,train,True
27783,train,False
27784,train,True
27785,test,False
27786,train,False
27787,train,True
27788,validation,False
27789,train,True
27790,validation,False
27791,train,True
27792,train,True
27793,validation,False
27794,test,False
27795,train,True
27796,test,False
27797,train,True
27798,train,False
27799,train,True
27800,train,True
27801,train,True
27802,train,True
27803,test,False
27804,train,False
27805,validation,False
27806,validation,False
27807,train,False
27808,train,False
27809,test,False
27810,test,False
27811,train,True
27812,train,True
27813,validation,False
27814,test,False
27815,train,True
27816,validation,False
27817,train,True
27818,validation,False
27819,train,False
27820,validation,False
27821,train,True
27822,train,False
27823,train,True
27824,train,False
27825,train,False
27826,train,True
27827,train,True
27828,train,False
27829,train,False
27830,test,False
27831,train,False
27832,train,False
27833,validation,False
27834,test,False
27835,test,False
27836,train,False
27837,train,False
27838,train,False
27839,test,False
27840,validation,False
27841,validation,False
27842,train,True
27843,train,False
27844,train,True
27845,train,True
27846,train,True
27847,test,False
27848,train,True
27849,test,False
27850,train,True
27851,train,False
27852,test,False
27853,train,False
27854,test,False
27855,train,True
27856,test,False
27857,validation,False
27858,train,False
27859,test,False
27860,test,False
27861,test,False
27862,train,False
27863,test,False
27864,train,True
27865,train,True
27866,train,True
27867,validation,False
27868,test,False
27869,validation,False
27870,validation,False
27871,validation,False
27872,test,False
27873,train,False
27874,train,False
27875,validation,False
27876,train,True
27877,validation,False
27878,train,True
27879,train,True
27880,train,True
27881,train,False
27882,train,True
27883,train,True
27884,train,True
27885,test,False
27886,validation,False
27887,train,True
27888,validation,False
27889,train,True
27890,validation,False
27891,train,True
27892,train,True
27893,train,False
27894,train,True
27895,train,False
27896,train,False
27897,validation,False
27898,train,True
27899,train,True
27900,train,False
27901,train,True
27902,train,False
27903,test,False
27904,test,False
27905,train,True
27906,train,True
27907,train,True
27908,train,True
27909,validation,False
27910,test,False
27911,test,False
27912,train,True
27913,test,False
27914,train,True
27915,train,True
27916,test,False
27917,train,True
27918,train,False
27919,train,False
27920,train,True
27921,test,False
27922,train,True
27923,train,True
27924,test,False
27925,test,False
27926,train,False
27927,train,True
27928,train,True
27929,train,False
27930,train,True
27931,train,False
27932,train,False
27933,train,True
27934,train,True
27935,train,False
27936,validation,False
27937,train,False
27938,test,False
27939,test,False
27940,train,True
27941,train,True
27942,validation,False
27943,test,False
27944,test,False
27945,train,True
27946,train,True
27947,train,False
27948,test,False
27949,test,False
27950,train,True
27951,train,True
27952,test,False
27953,train,True
27954,validation,False
27955,train,True
27956,test,False
27957,train,True
27958,train,True
27959,train,True
27960,validation,False
27961,train,True
27962,train,True
27963,train,True
27964,test,False
27965,validation,False
27966,train,True
27967,validation,False
27968,test,False
27969,train,False
27970,train,True
27971,train,True
27972,train,True
27973,train,True
27974,train,False
27975,train,True
27976,train,True
27977,train,False
27978,test,False
27979,train,False
27980,test,False
27981,train,True
27982,train,False
27983,test,False
27984,validation,False
27985,train,True
27986,test,False
27987,validation,False
27988,test,False
27989,train,False
27990,validation,False
27991,train,False
27992,train,False
27993,train,True
27994,validation,False
27995,train,True
27996,train,True
27997,train,True
27998,validation,False
27999,test,False
28000,train,False
28001,train,True
28002,train,True
28003,train,True
28004,test,False
28005,train,True
28006,train,True
28007,validation,False
28008,train,True
28009,train,False
28010,train,False
28011,test,False
28012,train,True
28013,test,False
28014,validation,False
28015,test,False
28016,test,False
28017,test,False
28018,train,True
28019,validation,False
28020,train,False
28021,validation,False
28022,validation,False
28023,train,False
28024,validation,False
28025,test,False
28026,validation,False
28027,train,False
28028,test,False
28029,train,True
28030,train,True
28031,train,True
28032,train,False
28033,test,False
28034,validation,False
28035,validation,False
28036,train,True
28037,validation,False
28038,train,True
28039,train,True
28040,test,False
28041,train,True
28042,train,True
28043,test,False
28044,train,True
28045,train,False
28046,train,True
28047,train,True
28048,train,False
28049,test,False
28050,test,False
28051,test,False
28052,train,True
28053,validation,False
28054,test,False
28055,train,True
28056,test,False
28057,train,True
28058,train,False
28059,train,True
28060,test,False
28061,test,False
28062,test,False
28063,train,False
28064,train,True
28065,train,False
28066,train,True
28067,train,False
28068,train,False
28069,train,False
28070,test,False
28071,train,False
28072,train,True
28073,test,False
28074,train,True
28075,validation,False
28076,train,True
28077,test,False
28078,train,True
28079,train,True
28080,validation,False
28081,train,False
28082,validation,False
28083,train,True
28084,train,True
28085,test,False
28086,train,False
28087,train,False
28088,validation,False
28089,test,False
28090,train,True
28091,test,False
28092,test,False
28093,train,True
28094,train,False
28095,train,True
28096,train,False
28097,train,True
28098,train,False
28099,validation,False
28100,test,False
28101,train,False
28102,test,False
28103,train,False
28104,train,True
28105,validation,False
28106,test,False
28107,train,True
28108,test,False
28109,train,True
28110,train,False
28111,test,False
28112,validation,False
28113,train,False
28114,test,False
28115,train,False
28116,train,True
28117,train,False
28118,train,False
28119,train,False
28120,validation,False
28121,train,True
28122,train,True
28123,train,True
28124,train,True
28125,test,False
28126,test,False
28127,validation,False
28128,train,True
28129,validation,False
28130,validation,False
28131,validation,False
28132,train,True
28133,train,True
28134,validation,False
28135,test,False
28136,test,False
28137,train,True
28138,train,False
28139,train,False
28140,train,True
28141,train,False
28142,test,False
28143,test,False
28144,train,False
28145,validation,False
28146,test,False
28147,train,True
28148,train,True
28149,train,True
28150,validation,False
28151,validation,False
28152,train,True
28153,train,False
28154,train,True
28155,train,True
28156,validation,False
28157,test,False
28158,test,False
28159,test,False
28160,validation,False
28161,train,True
28162,train,True
28163,train,True
28164,validation,False
28165,test,False
28166,train,True
28167,validation,False
28168,train,True
28169,train,True
28170,test,False
28171,test,False
28172,test,False
28173,validation,False
28174,train,False
28175,train,True
28176,validation,False
28177,train,False
28178,test,False
28179,train,True
28180,train,False
28181,validation,False
28182,train,True
28183,train,False
28184,train,False
28185,validation,False
28186,train,True
28187,test,False
28188,train,False
28189,test,False
28190,train,False
28191,test,False
28192,validation,False
28193,train,True
28194,test,False
28195,validation,False
28196,test,False
28197,train,False
28198,train,True
28199,validation,False
28200,train,True
28201,train,True
28202,train,True
28203,train,False
28204,test,False
28205,train,False
28206,train,True
28207,train,False
28208,test,False
28209,train,True
28210,train,False
28211,test,False
28212,train,True
28213,train,False
28214,train,True
28215,validation,False
28216,train,True
28217,validation,False
28218,validation,False
28219,train,False
28220,test,False
28221,train,True
28222,train,True
28223,validation,False
28224,test,False
28225,train,True
28226,validation,False
28227,train,True
28228,validation,False
28229,validation,False
28230,test,False
28231,validation,False
28232,validation,False
28233,test,False
28234,train,False
28235,validation,False
28236,test,False
28237,train,True
28238,test,False
28239,train,True
28240,train,True
28241,train,True
28242,train,True
28243,train,True
28244,test,False
28245,train,True
28246,train,True
28247,test,False
28248,train,True
28249,test,False
28250,train,True
28251,validation,False
28252,validation,False
28253,train,True
28254,train,True
28255,validation,False
28256,validation,False
28257,train,True
28258,train,True
28259,validation,False
28260,train,False
28261,train,False
28262,validation,False
28263,test,False
28264,train,False
28265,train,False
28266,validation,False
28267,train,True
28268,validation,False
28269,validation,False
28270,validation,False
28271,train,False
28272,train,False
28273,train,True
28274,validation,False
28275,test,False
28276,train,True
28277,test,False
28278,train,False
28279,train,True
28280,test,False
28281,test,False
28282,train,True
28283,train,True
28284,train,True
28285,test,False
28286,validation,False
28287,train,False
28288,train,False
28289,train,True
28290,train,True
28291,validation,False
28292,test,False
28293,test,False
28294,validation,False
28295,train,True
28296,test,False
28297,train,True
28298,test,False
28299,train,True
28300,train,True
28301,test,False
28302,train,True
28303,train,True
28304,train,True
28305,test,False
28306,validation,False
28307,test,False
28308,validation,False
28309,train,True
28310,train,False
28311,train,True
28312,train,True
28313,train,True
28314,validation,False
28315,train,False
28316,train,False
28317,train,True
28318,validation,False
28319,train,True
28320,validation,False
28321,validation,False
28322,train,False
28323,test,False
28324,train,False
28325,train,True
28326,test,False
28327,train,False
28328,test,False
28329,validation,False
28330,train,True
28331,train,True
28332,validation,False
28333,validation,False
28334,validation,False
28335,train,True
28336,train,False
28337,train,False
28338,train,True
28339,train,False
28340,train,False
28341,validation,False
28342,train,True
28343,train,True
28344,train,True
28345,train,True
28346,validation,False
28347,train,True
28348,train,False
28349,train,False
28350,validation,False
28351,train,True
28352,train,False
28353,train,True
28354,train,True
28355,test,False
28356,train,True
28357,train,False
28358,validation,False
28359,train,False
28360,test,False
28361,test,False
28362,test,False
28363,validation,False
28364,train,True
28365,train,False
28366,train,True
28367,train,True
28368,test,False
28369,test,False
28370,test,False
28371,validation,False
28372,test,False
28373,train,True
28374,train,False
28375,train,True
28376,test,False
28377,train,True
28378,test,False
28379,validation,False
28380,train,True
28381,test,False
28382,train,True
28383,test,False
28384,train,True
28385,validation,False
28386,train,True
28387,train,True
28388,test,False
28389,train,False
28390,train,True
28391,validation,False
28392,test,False
28393,test,False
28394,train,False
28395,validation,False
28396,train,True
28397,train,True
28398,train,False
28399,train,True
28400,train,True
28401,validation,False
28402,train,True
28403,train,False
28404,train,False
28405,test,False
28406,test,False
28407,train,True
28408,test,False
28409,train,True
28410,train,True
28411,train,True
28412,train,False
28413,validation,False
28414,validation,False
28415,train,True
28416,train,False
28417,train,True
28418,validation,False
28419,test,False
28420,train,True
28421,train,True
28422,train,False
28423,validation,False
28424,test,False
28425,train,True
28426,train,True
28427,train,True
28428,train,True
28429,validation,False
28430,train,False
28431,train,True
28432,train,True
28433,train,False
28434,train,False
28435,test,False
28436,train,True
28437,train,True
28438,validation,False
28439,train,True
28440,train,True
28441,test,False
28442,train,True
28443,train,True
28444,train,True
28445,validation,False
28446,train,True
28447,validation,False
28448,validation,False
28449,test,False
28450,train,True
28451,test,False
28452,test,False
28453,train,True
28454,train,False
28455,train,False
28456,test,False
28457,test,False
28458,train,False
28459,validation,False
28460,train,True
28461,validation,False
28462,train,True
28463,test,False
28464,train,False
28465,train,True
28466,train,False
28467,test,False
28468,train,True
28469,train,False
28470,train,True
28471,train,True
28472,train,True
28473,train,True
28474,train,False
28475,train,True
28476,train,True
28477,train,False
28478,validation,False
28479,train,True
28480,train,True
28481,train,True
28482,train,True
28483,train,True
28484,train,True
28485,train,True
28486,train,True
28487,test,False
28488,validation,False
28489,train,False
28490,train,True
28491,train,False
28492,train,False
28493,validation,False
28494,train,True
28495,train,True
28496,train,True
28497,train,True
28498,test,False
28499,test,False
28500,train,True
28501,train,False
28502,train,False
28503,train,True
28504,train,False
28505,test,False
28506,train,False
28507,train,True
28508,train,True
28509,test,False
28510,train,True
28511,test,False
28512,train,True
28513,train,True
28514,train,True
28515,test,False
28516,test,False
28517,train,False
28518,train,True
28519,test,False
28520,train,True
28521,validation,False
28522,train,True
28523,test,False
28524,validation,False
28525,train,False
28526,train,True
28527,train,True
28528,train,False
28529,test,False
28530,validation,False
28531,train,False
28532,train,False
28533,train,True
28534,train,False
28535,train,True
28536,test,False
28537,train,False
28538,train,False
28539,train,True
28540,train,False
28541,train,True
28542,train,False
28543,train,True
28544,train,True
28545,test,False
28546,validation,False
28547,train,False
28548,train,False
28549,train,False
28550,test,False
28551,test,False
28552,train,False
28553,train,True
28554,test,False
28555,train,True
28556,train,True
28557,test,False
28558,test,False
28559,train,True
28560,test,False
28561,test,False
28562,test,False
28563,test,False
28564,test,False
28565,test,False
28566,test,False
28567,train,True
28568,validation,False
28569,validation,False
28570,test,False
28571,validation,False
28572,test,False
28573,train,True
28574,train,False
28575,train,False
28576,train,True
28577,validation,False
28578,test,False
28579,train,True
28580,train,False
28581,train,True
28582,validation,False
28583,train,True
28584,train,True
28585,train,True
28586,test,False
28587,train,True
28588,train,False
28589,train,True
28590,train,True
28591,train,False
28592,validation,False
28593,train,True
28594,train,False
28595,test,False
28596,train,False
28597,train,True
28598,train,False
28599,test,False
28600,validation,False
28601,test,False
28602,validation,False
28603,train,True
28604,validation,False
28605,test,False
28606,train,False
28607,train,True
28608,train,True
28609,validation,False
28610,train,False
28611,train,False
28612,train,True
28613,train,True
28614,train,True
28615,train,False
28616,train,True
28617,train,True
28618,test,False
28619,train,True
28620,train,False
28621,train,True
28622,train,True
28623,train,True
28624,test,False
28625,train,True
28626,train,False
28627,train,True
28628,train,True
28629,train,True
28630,test,False
28631,test,False
28632,validation,False
28633,train,True
28634,train,True
28635,train,True
28636,test,False
28637,train,True
28638,train,True
28639,train,True
28640,validation,False
28641,train,False
28642,train,True
28643,train,True
28644,validation,False
28645,validation,False
28646,train,True
28647,train,False
28648,train,False
28649,train,True
28650,test,False
28651,train,False
28652,train,True
28653,test,False
28654,test,False
28655,validation,False
28656,train,True
28657,train,False
28658,train,True
28659,train,False
28660,train,False
28661,train,False
28662,train,True
28663,train,False
28664,train,True
28665,validation,False
28666,validation,False
28667,train,True
28668,train,True
28669,train,False
28670,train,False
28671,train,True
28672,train,False
28673,train,True
28674,validation,False
28675,train,True
28676,validation,False
28677,test,False
28678,train,True
28679,validation,False
28680,train,True
28681,train,True
28682,train,True
28683,train,False
28684,train,True
28685,train,True
28686,train,True
28687,validation,False
28688,train,True
28689,validation,False
28690,validation,False
28691,train,True
28692,validation,False
28693,train,True
28694,train,True
28695,validation,False
28696,train,True
28697,train,True
28698,test,False
28699,train,False
28700,train,True
28701,train,True
28702,train,True
28703,test,False
28704,validation,False
28705,validation,False
28706,train,True
28707,test,False
28708,validation,False
28709,validation,False
28710,train,True
28711,train,False
28712,train,False
28713,validation,False
28714,train,False
28715,train,True
28716,train,True
28717,train,True
28718,train,False
28719,train,True
28720,train,True
28721,train,False
28722,train,False
28723,train,True
28724,validation,False
28725,validation,False
28726,train,True
28727,validation,False
28728,validation,False
28729,train,True
28730,train,True
28731,validation,False
28732,validation,False
28733,test,False
28734,train,False
28735,train,True
28736,train,True
28737,train,True
28738,train,False
28739,train,False
28740,test,False
28741,train,True
28742,validation,False
28743,train,True
28744,test,False
28745,train,False
28746,test,False
28747,train,True
28748,test,False
28749,train,False
28750,test,False
28751,train,False
28752,train,False
28753,train,True
28754,train,True
28755,train,False
28756,train,False
28757,train,True
28758,train,False
28759,train,True
28760,train,False
28761,train,True
28762,train,True
28763,validation,False
28764,train,False
28765,validation,False
28766,train,True
28767,train,True
28768,test,False
28769,validation,False
28770,train,True
28771,train,False
28772,train,True
28773,train,False
28774,train,True
28775,train,False
28776,test,False
28777,train,False
28778,train,True
28779,train,False
28780,train,True
28781,validation,False
28782,test,False
28783,train,True
28784,train,True
28785,train,True
28786,train,False
28787,validation,False
28788,validation,False
28789,test,False
28790,validation,False
28791,train,False
28792,validation,False
28793,train,True
28794,train,True
28795,test,False
28796,train,False
28797,validation,False
28798,train,False
28799,train,True
28800,test,False
28801,train,True
28802,train,True
28803,train,True
28804,train,True
28805,train,False
28806,train,False
28807,validation,False
28808,train,False
28809,test,False
28810,test,False
28811,train,True
28812,train,False
28813,test,False
28814,test,False
28815,validation,False
28816,validation,False
28817,train,True
28818,train,True
28819,test,False
28820,validation,False
28821,train,True
28822,train,True
28823,validation,False
28824,train,False
28825,test,False
28826,validation,False
28827,train,False
28828,train,True
28829,test,False
28830,train,True
28831,train,True
28832,train,False
28833,train,True
28834,test,False
28835,validation,False
28836,test,False
28837,train,True
28838,test,False
28839,validation,False
28840,validation,False
28841,train,True
28842,train,False
28843,train,True
28844,train,True
28845,train,False
28846,validation,False
28847,train,True
28848,train,True
28849,validation,False
28850,validation,False
28851,train,False
28852,train,True
28853,validation,False
28854,train,True
28855,test,False
28856,train,True
28857,test,False
28858,validation,False
28859,test,False
28860,test,False
28861,train,True
28862,train,False
28863,train,True
28864,train,False
28865,test,False
28866,train,False
28867,validation,False
28868,train,True
28869,validation,False
28870,train,True
28871,train,True
28872,test,False
28873,train,False
28874,train,True
28875,train,True
28876,test,False
28877,train,False
28878,train,True
28879,test,False
28880,train,False
28881,train,False
28882,test,False
28883,train,False
28884,train,True
28885,test,False
28886,validation,False
28887,train,True
28888,train,True
28889,train,True
28890,train,True
28891,validation,False
28892,train,True
28893,validation,False
28894,test,False
28895,train,True
28896,train,True
28897,train,True
28898,train,True
28899,test,False
28900,train,False
28901,test,False
28902,validation,False
28903,train,True
28904,train,True
28905,test,False
28906,train,True
28907,train,True
28908,train,True
28909,validation,False
28910,train,True
28911,test,False
28912,train,True
28913,train,True
28914,validation,False
28915,train,False
28916,validation,False
28917,test,False
28918,train,True
28919,train,False
28920,train,False
28921,train,True
28922,test,False
28923,train,True
28924,test,False
28925,train,False
28926,train,True
28927,train,True
28928,train,True
28929,train,True
28930,train,False
28931,train,False
28932,train,False
28933,train,False
28934,train,True
28935,train,False
28936,validation,False
28937,test,False
28938,test,False
28939,train,True
28940,train,False
28941,validation,False
28942,test,False
28943,train,True
28944,train,False
28945,validation,False
28946,train,True
28947,train,True
28948,train,True
28949,validation,False
28950,train,False
28951,train,True
28952,train,True
28953,train,False
28954,test,False
28955,validation,False
28956,train,False
28957,train,True
28958,validation,False
28959,test,False
28960,train,True
28961,train,False
28962,train,True
28963,train,False
28964,validation,False
28965,train,True
28966,train,True
28967,train,True
28968,validation,False
28969,train,True
28970,train,False
28971,validation,False
28972,train,False
28973,train,True
28974,validation,False
28975,train,True
28976,train,True
28977,train,True
28978,train,True
28979,train,True
28980,train,True
28981,test,False
28982,validation,False
28983,test,False
28984,validation,False
28985,test,False
28986,test,False
28987,train,True
28988,train,False
28989,train,False
28990,train,True
28991,test,False
28992,train,True
28993,test,False
28994,train,True
28995,test,False
28996,train,True
28997,train,False
28998,train,False
28999,test,False
29000,train,True
29001,train,False
29002,train,True
29003,validation,False
29004,train,True
29005,validation,False
29006,test,False
29007,validation,False
29008,train,True
29009,test,False
29010,train,True
29011,train,True
29012,test,False
29013,train,True
29014,train,True
29015,test,False
29016,validation,False
29017,validation,False
29018,test,False
29019,train,True
29020,train,True
29021,train,False
29022,test,False
29023,validation,False
29024,validation,False
29025,train,True
29026,test,False
29027,train,False
29028,test,False
29029,test,False
29030,validation,False
29031,test,False
29032,validation,False
29033,train,True
29034,test,False
29035,test,False
29036,train,True
29037,train,False
29038,validation,False
29039,train,True
29040,test,False
29041,validation,False
29042,validation,False
29043,train,False
29044,validation,False
29045,validation,False
29046,validation,False
29047,test,False
29048,test,False
29049,train,True
29050,validation,False
29051,test,False
29052,validation,False
29053,test,False
29054,test,False
29055,train,False
29056,test,False
29057,train,True
29058,train,True
29059,train,True
29060,train,True
29061,test,False
29062,train,False
29063,validation,False
29064,train,True
29065,test,False
29066,train,True
29067,train,False
29068,test,False
29069,validation,False
29070,train,False
29071,train,True
29072,validation,False
29073,train,True
29074,test,False
29075,train,True
29076,validation,False
29077,test,False
29078,train,False
29079,train,False
29080,train,True
29081,test,False
29082,validation,False
29083,train,True
29084,validation,False
29085,train,True
29086,validation,False
29087,test,False
29088,train,False
29089,train,True
29090,validation,False
29091,train,True
29092,train,False
29093,train,True
29094,train,True
29095,train,True
29096,test,False
29097,train,True
29098,test,False
29099,train,False
29100,train,True
29101,train,False
29102,test,False
29103,train,False
29104,train,False
29105,train,True
29106,train,True
29107,test,False
29108,validation,False
29109,train,True
29110,test,False
29111,test,False
29112,train,False
29113,test,False
29114,train,True
29115,validation,False
29116,train,False
29117,train,True
29118,train,False
29119,train,False
29120,validation,False
29121,test,False
29122,validation,False
29123,train,True
29124,validation,False
29125,test,False
29126,train,True
29127,validation,False
29128,train,True
29129,validation,False
29130,train,True
29131,test,False
29132,train,False
29133,validation,False
29134,train,True
29135,train,True
29136,train,True
29137,validation,False
29138,validation,False
29139,test,False
29140,test,False
29141,train,True
29142,train,True
29143,test,False
29144,train,True
29145,train,True
29146,train,False
29147,train,True
29148,train,True
29149,train,True
29150,train,False
29151,validation,False
29152,train,False
29153,test,False
29154,validation,False
29155,train,False
29156,validation,False
29157,train,True
29158,train,False
29159,validation,False
29160,test,False
29161,train,False
29162,train,True
29163,train,True
29164,test,False
29165,train,True
29166,train,False
29167,train,False
29168,train,True
29169,train,False
29170,validation,False
29171,train,True
29172,test,False
29173,train,True
29174,train,True
29175,train,False
29176,test,False
29177,train,True
29178,validation,False
29179,test,False
29180,train,False
29181,train,False
29182,test,False
29183,test,False
29184,validation,False
29185,test,False
29186,train,False
29187,train,True
29188,train,True
29189,train,False
29190,validation,False
29191,validation,False
29192,test,False
29193,train,False
29194,train,False
29195,validation,False
29196,train,False
29197,test,False
29198,train,True
29199,train,True
29200,validation,False
29201,train,True
29202,validation,False
29203,validation,False
29204,train,True
29205,validation,False
29206,test,False
29207,train,True
29208,train,False
29209,train,False
29210,validation,False
29211,validation,False
29212,train,False
29213,train,False
29214,train,False
29215,validation,False
29216,test,False
29217,train,True
29218,train,True
29219,train,False
29220,validation,False
29221,train,True
29222,train,True
29223,validation,False
29224,train,True
29225,train,False
29226,train,False
29227,train,True
29228,train,True
29229,train,True
29230,train,True
29231,train,True
29232,validation,False
29233,validation,False
29234,train,False
29235,validation,False
29236,test,False
29237,train,True
29238,train,False
29239,test,False
29240,train,False
29241,train,True
29242,validation,False
29243,train,False
29244,validation,False
29245,validation,False
29246,test,False
29247,train,True
29248,train,True
29249,train,True
29250,validation,False
29251,train,True
29252,train,False
29253,test,False
29254,train,True
29255,test,False
29256,test,False
29257,train,False
29258,train,True
29259,train,True
29260,validation,False
29261,test,False
29262,test,False
29263,validation,False
29264,validation,False
29265,train,True
29266,validation,False
29267,train,True
29268,validation,False
29269,train,True
29270,train,False
29271,test,False
29272,test,False
29273,train,False
29274,train,False
29275,test,False
29276,train,False
29277,train,True
29278,train,True
29279,test,False
29280,validation,False
29281,test,False
29282,train,False
29283,validation,False
29284,train,True
29285,train,True
29286,train,True
29287,train,True
29288,train,True
29289,test,False
29290,test,False
29291,train,True
29292,train,True
29293,train,True
29294,train,False
29295,test,False
29296,validation,False
29297,validation,False
29298,train,True
29299,validation,False
29300,validation,False
29301,train,True
29302,test,False
29303,test,False
29304,test,False
29305,train,True
29306,train,True
29307,test,False
29308,validation,False
29309,train,True
29310,test,False
29311,train,True
29312,train,False
29313,train,False
29314,train,True
29315,validation,False
29316,test,False
29317,test,False
29318,train,True
29319,validation,False
29320,validation,False
29321,train,True
29322,test,False
29323,validation,False
29324,train,True
29325,validation,False
29326,validation,False
29327,train,True
29328,validation,False
29329,validation,False
29330,test,False
29331,train,True
29332,train,False
29333,train,True
29334,test,False
29335,train,True
29336,test,False
29337,validation,False
29338,train,True
29339,validation,False
29340,test,False
29341,validation,False
29342,train,True
29343,validation,False
29344,train,True
29345,train,True
29346,test,False
29347,train,False
29348,validation,False
29349,train,True
29350,validation,False
29351,train,True
29352,test,False
29353,train,True
29354,train,True
29355,train,False
29356,validation,False
29357,test,False
29358,train,True
29359,train,False
29360,train,False
29361,train,False
29362,train,True
29363,train,True
29364,train,True
29365,validation,False
29366,train,False
29367,train,True
29368,train,False
29369,train,False
29370,train,False
29371,train,False
29372,train,False
29373,train,False
29374,validation,False
29375,validation,False
29376,test,False
29377,train,False
29378,train,True
29379,train,False
29380,train,False
29381,train,True
29382,validation,False
29383,train,True
29384,validation,False
29385,train,True
29386,train,True
29387,train,True
29388,train,True
29389,train,True
29390,train,False
29391,train,True
29392,train,True
29393,train,False
29394,train,True
29395,train,True
29396,test,False
29397,train,True
29398,train,True
29399,train,True
29400,train,False
29401,train,True
29402,validation,False
29403,train,True
29404,train,True
29405,validation,False
29406,train,True
29407,train,True
29408,train,True
29409,train,True
29410,train,True
29411,train,True
29412,validation,False
29413,test,False
29414,train,True
29415,train,True
29416,train,False
29417,validation,False
29418,train,True
29419,train,True
29420,validation,False
29421,train,True
29422,train,True
29423,train,True
29424,test,False
29425,validation,False
29426,train,False
29427,test,False
29428,validation,False
29429,train,True
29430,train,True
29431,train,False
29432,train,True
29433,validation,False
29434,train,True
29435,train,True
29436,train,True
29437,train,False
29438,test,False
29439,train,True
29440,validation,False
29441,train,True
29442,test,False
29443,train,False
29444,test,False
29445,validation,False
29446,test,False
29447,validation,False
29448,test,False
29449,train,False
29450,validation,False
29451,train,True
29452,train,False
29453,train,True
29454,train,False
29455,train,True
29456,train,True
29457,train,False
29458,train,False
29459,validation,False
29460,train,True
29461,train,True
29462,train,True
29463,train,False
29464,train,False
29465,test,False
29466,test,False
29467,train,True
29468,train,False
29469,train,False
29470,validation,False
29471,train,True
29472,validation,False
29473,train,True
29474,test,False
29475,train,True
29476,validation,False
29477,validation,False
29478,validation,False
29479,validation,False
29480,train,False
29481,train,True
29482,train,True
29483,train,True
29484,validation,False
29485,test,False
29486,train,True
29487,train,True
29488,train,True
29489,test,False
29490,validation,False
29491,train,True
29492,validation,False
29493,train,True
29494,validation,False
29495,train,True
29496,validation,False
29497,test,False
29498,test,False
29499,validation,False
29500,train,False
29501,validation,False
29502,validation,False
29503,train,True
29504,train,True
29505,train,True
29506,validation,False
29507,train,False
29508,train,False
29509,train,False
29510,train,True
29511,test,False
29512,train,False
29513,test,False
29514,train,True
29515,validation,False
29516,validation,False
29517,train,True
29518,test,False
29519,train,True
29520,train,False
29521,train,True
29522,validation,False
29523,train,True
29524,train,True
29525,test,False
29526,train,False
29527,train,False
29528,train,True
29529,train,False
29530,train,False
29531,validation,False
29532,train,True
29533,train,False
29534,validation,False
29535,train,True
29536,train,True
29537,train,True
29538,train,False
29539,train,False
29540,train,False
29541,train,True
29542,train,False
29543,train,True
29544,validation,False
29545,train,False
29546,test,False
29547,train,True
29548,train,False
29549,validation,False
29550,validation,False
29551,train,True
29552,test,False
29553,validation,False
29554,test,False
29555,train,False
29556,test,False
29557,validation,False
29558,train,False
29559,test,False
29560,validation,False
29561,train,True
29562,test,False
29563,train,False
29564,train,True
29565,train,True
29566,validation,False
29567,train,True
29568,test,False
29569,train,False
29570,validation,False
29571,test,False
29572,train,True
29573,test,False
29574,train,False
29575,train,False
29576,train,False
29577,test,False
29578,test,False
29579,test,False
29580,test,False
29581,test,False
29582,train,False
29583,train,True
29584,train,True
29585,validation,False
29586,train,True
29587,train,True
29588,test,False
29589,test,False
29590,test,False
29591,validation,False
29592,train,True
29593,train,True
29594,test,False
29595,validation,False
29596,train,True
29597,train,False
29598,validation,False
29599,train,True
29600,train,False
29601,train,False
29602,validation,False
29603,test,False
29604,test,False
29605,validation,False
29606,train,True
29607,validation,False
29608,test,False
29609,train,False
29610,train,False
29611,test,False
29612,train,True
29613,test,False
29614,train,False
29615,validation,False
29616,train,False
29617,train,False
29618,train,False
29619,train,True
29620,train,True
29621,train,False
29622,validation,False
29623,train,True
29624,validation,False
29625,train,False
29626,test,False
29627,train,True
29628,train,False
29629,train,True
29630,train,True
29631,validation,False
29632,train,True
29633,train,True
29634,test,False
29635,train,False
29636,validation,False
29637,train,True
29638,validation,False
29639,train,True
29640,train,False
29641,train,True
29642,test,False
29643,train,True
29644,train,True
29645,test,False
29646,validation,False
29647,test,False
29648,test,False
29649,train,False
29650,test,False
29651,train,True
29652,train,True
29653,train,True
29654,train,False
29655,train,True
29656,validation,False
29657,train,False
29658,test,False
29659,train,True
29660,train,True
29661,test,False
29662,train,True
29663,test,False
29664,train,True
29665,validation,False
29666,train,True
29667,train,True
29668,train,True
29669,train,True
29670,train,True
29671,train,True
29672,test,False
29673,validation,False
29674,validation,False
29675,test,False
29676,validation,False
29677,train,True
29678,train,False
29679,train,True
29680,validation,False
29681,validation,False
29682,train,True
29683,validation,False
29684,train,False
29685,test,False
29686,validation,False
29687,train,False
29688,train,True
29689,test,False
29690,test,False
29691,validation,False
29692,validation,False
29693,train,False
29694,train,True
29695,train,False
29696,train,True
29697,test,False
29698,train,False
29699,train,True
29700,train,False
29701,train,False
29702,test,False
29703,test,False
29704,train,False
29705,train,False
29706,train,True
29707,train,True
29708,validation,False
29709,validation,False
29710,validation,False
29711,train,True
29712,validation,False
29713,train,True
29714,train,True
29715,train,True
29716,train,True
29717,train,True
29718,train,True
29719,train,True
29720,train,True
29721,test,False
29722,train,True
29723,test,False
29724,train,False
29725,validation,False
29726,test,False
29727,validation,False
29728,train,False
29729,train,True
29730,train,False
29731,train,False
29732,train,True
29733,test,False
29734,train,False
29735,train,True
29736,train,False
29737,validation,False
29738,test,False
29739,train,False
29740,train,True
29741,train,False
29742,train,False
29743,test,False
29744,validation,False
29745,train,True
29746,validation,False
29747,train,True
29748,train,True
29749,test,False
29750,train,True
29751,validation,False
29752,train,False
29753,validation,False
29754,test,False
29755,validation,False
29756,train,True
29757,train,True
29758,test,False
29759,train,False
29760,train,False
29761,train,True
29762,train,True
29763,test,False
29764,test,False
29765,validation,False
29766,train,True
29767,train,False
29768,train,True
29769,train,True
29770,train,False
29771,test,False
29772,train,True
29773,train,False
29774,validation,False
29775,train,True
29776,train,True
29777,validation,False
29778,train,True
29779,train,True
29780,train,False
29781,train,True
29782,validation,False
29783,train,False
29784,validation,False
29785,validation,False
29786,validation,False
29787,train,False
29788,train,True
29789,train,True
29790,train,True
29791,validation,False
29792,train,True
29793,validation,False
29794,train,True
29795,validation,False
29796,validation,False
29797,train,True
29798,train,False
29799,train,True
29800,test,False
29801,train,True
29802,train,False
29803,validation,False
29804,train,True
29805,test,False
29806,test,False
29807,validation,False
29808,train,True
29809,test,False
29810,train,True
29811,train,True
29812,validation,False
29813,test,False
29814,train,True
29815,validation,False
29816,train,True
29817,train,False
29818,train,False
29819,train,True
29820,train,False
29821,train,True
29822,train,True
29823,train,False
29824,train,True
29825,test,False
29826,train,False
29827,train,True
29828,train,False
29829,test,False
29830,train,False
29831,validation,False
29832,train,True
29833,train,False
29834,train,True
29835,validation,False
29836,test,False
29837,train,False
29838,train,True
29839,train,False
29840,test,False
29841,train,False
29842,test,False
29843,train,False
29844,train,True
29845,train,True
29846,test,False
29847,validation,False
29848,train,False
29849,train,True
29850,test,False
29851,test,False
29852,train,True
29853,train,True
29854,validation,False
29855,train,True
29856,train,True
29857,test,False
29858,validation,False
29859,train,True
29860,validation,False
29861,validation,False
29862,train,True
29863,validation,False
29864,train,True
29865,train,True
29866,test,False
29867,validation,False
29868,train,True
29869,train,True
29870,train,True
29871,test,False
29872,validation,False
29873,train,True
29874,train,True
29875,test,False
29876,train,True
29877,test,False
29878,validation,False
29879,train,True
29880,train,True
29881,validation,False
29882,train,False
29883,train,True
29884,test,False
29885,test,False
29886,train,True
29887,train,True
29888,train,True
29889,train,True
29890,test,False
29891,train,True
29892,train,True
29893,train,False
29894,train,False
29895,validation,False
29896,train,True
29897,train,True
29898,train,False
29899,validation,False
29900,train,True
29901,train,False
29902,train,True
29903,validation,False
29904,train,True
29905,test,False
29906,train,True
29907,train,False
29908,validation,False
29909,train,True
29910,train,True
29911,train,False
29912,test,False
29913,train,True
29914,validation,False
29915,train,True
29916,train,False
29917,test,False
29918,validation,False
29919,train,True
29920,train,True
29921,validation,False
29922,train,True
29923,test,False
29924,train,True
29925,train,True
29926,test,False
29927,validation,False
29928,train,True
29929,test,False
29930,train,False
29931,test,False
29932,train,True
29933,train,True
29934,train,True
29935,validation,False
29936,train,True
29937,train,True
29938,train,True
29939,train,False
29940,train,False
29941,validation,False
29942,validation,False
29943,validation,False
29944,train,True
29945,train,False
29946,train,True
29947,test,False
29948,validation,False
29949,train,False
29950,train,False
29951,train,True
29952,validation,False
29953,test,False
29954,train,True
29955,train,True
29956,train,True
29957,train,True
29958,train,True
29959,validation,False
29960,train,True
29961,train,True
29962,train,False
29963,test,False
29964,train,True
29965,train,True
29966,train,False
29967,test,False
29968,train,True
29969,train,False
29970,test,False
29971,train,True
29972,validation,False
29973,train,True
29974,validation,False
29975,train,True
29976,validation,False
29977,validation,False
29978,test,False
29979,validation,False
29980,train,True
29981,test,False
29982,test,False
29983,validation,False
29984,validation,False
29985,train,False
29986,train,True
29987,validation,False
29988,train,False
29989,validation,False
29990,train,True
29991,validation,False
29992,test,False
29993,train,True
29994,train,False
29995,train,False
29996,train,True
29997,train,True
29998,validation,False
29999,train,True
30000,train,True
30001,train,True
30002,train,True
30003,validation,False
30004,test,False
30005,train,True
30006,train,False
30007,train,True
30008,train,True
30009,train,True
30010,test,False
30011,validation,False
30012,train,True
30013,train,False
30014,train,True
30015,train,True
30016,train,True
30017,train,True
30018,train,True
30019,train,False
30020,validation,False
30021,train,False
30022,validation,False
30023,test,False
30024,validation,False
30025,validation,False
30026,train,False
30027,train,True
30028,train,True
30029,train,True
30030,train,True
30031,train,True
30032,train,True
30033,train,True
30034,validation,False
30035,test,False
30036,train,True
30037,test,False
30038,validation,False
30039,test,False
30040,validation,False
30041,train,False
30042,train,True
30043,train,False
30044,train,True
30045,validation,False
30046,test,False
30047,train,False
30048,test,False
30049,train,False
30050,train,False
30051,train,True
30052,train,False
30053,test,False
30054,test,False
30055,train,True
30056,validation,False
30057,train,True
30058,train,False
30059,train,True
30060,train,True
30061,test,False
30062,train,False
30063,train,True
30064,validation,False
30065,test,False
30066,train,True
30067,train,True
30068,train,True
30069,test,False
30070,train,True
30071,train,False
30072,validation,False
30073,test,False
30074,train,False
30075,train,False
30076,train,False
30077,train,True
30078,train,True
30079,train,True
30080,train,False
30081,validation,False
30082,validation,False
30083,train,False
30084,train,True
30085,train,True
30086,validation,False
30087,train,False
30088,train,True
30089,test,False
30090,validation,False
30091,validation,False
30092,test,False
30093,train,True
30094,validation,False
30095,test,False
30096,train,False
30097,validation,False
30098,train,True
30099,train,True
30100,train,False
30101,validation,False
30102,train,False
30103,test,False
30104,validation,False
30105,train,True
30106,train,True
30107,train,True
30108,train,False
30109,validation,False
30110,train,True
30111,validation,False
30112,train,False
30113,test,False
30114,test,False
30115,train,True
30116,train,True
30117,train,True
30118,train,False
30119,train,False
30120,test,False
30121,validation,False
30122,validation,False
30123,validation,False
30124,validation,False
30125,train,True
30126,train,False
30127,test,False
30128,test,False
30129,test,False
30130,train,False
30131,train,True
30132,train,True
30133,train,True
30134,test,False
30135,test,False
30136,train,True
30137,train,True
30138,test,False
30139,test,False
30140,train,True
30141,train,True
30142,validation,False
30143,test,False
30144,test,False
30145,train,True
30146,train,True
30147,train,True
30148,train,False
30149,test,False
30150,train,False
30151,validation,False
30152,train,True
30153,test,False
30154,test,False
30155,train,True
30156,train,True
30157,test,False
30158,train,True
30159,train,False
30160,test,False
30161,train,True
30162,train,True
30163,train,True
30164,train,True
30165,train,True
30166,train,True
30167,validation,False
30168,test,False
30169,train,True
30170,train,True
30171,test,False
30172,train,True
30173,train,False
30174,train,True
30175,test,False
30176,train,True
30177,train,False
30178,test,False
30179,train,False
30180,test,False
30181,train,True
30182,validation,False
30183,train,True
30184,train,True
30185,train,False
30186,train,True
30187,validation,False
30188,train,True
30189,train,True
30190,test,False
30191,train,True
30192,train,False
30193,train,True
30194,train,True
30195,test,False
30196,train,True
30197,validation,False
30198,train,True
30199,train,False
30200,train,True
30201,train,True
30202,train,True
30203,train,False
30204,train,True
30205,test,False
30206,validation,False
30207,validation,False
30208,train,True
30209,test,False
30210,train,False
30211,train,True
30212,validation,False
30213,train,True
30214,train,False
30215,train,True
30216,train,True
30217,train,True
30218,test,False
30219,train,True
30220,train,True
30221,train,True
30222,test,False
30223,test,False
30224,test,False
30225,validation,False
30226,train,True
30227,train,True
30228,train,True
30229,validation,False
30230,train,True
30231,test,False
30232,train,False
30233,train,True
30234,train,True
30235,train,True
30236,validation,False
30237,train,True
30238,train,False
30239,validation,False
30240,train,True
30241,train,True
30242,test,False
30243,test,False
30244,train,True
30245,train,True
30246,train,False
30247,train,False
30248,train,False
30249,train,True
30250,train,True
30251,validation,False
30252,test,False
30253,test,False
30254,train,True
30255,train,True
30256,validation,False
30257,validation,False
30258,test,False
30259,train,False
30260,validation,False
30261,train,True
30262,validation,False
30263,validation,False
30264,test,False
30265,validation,False
30266,validation,False
30267,train,True
30268,train,False
30269,train,True
30270,train,True
30271,train,True
30272,train,True
30273,validation,False
30274,train,True
30275,test,False
30276,train,True
30277,validation,False
30278,test,False
30279,train,True
30280,validation,False
30281,train,False
30282,train,False
30283,train,False
30284,test,False
30285,train,True
30286,test,False
30287,test,False
30288,test,False
30289,validation,False
30290,train,True
30291,test,False
30292,train,True
30293,test,False
30294,train,True
30295,train,False
30296,validation,False
30297,validation,False
30298,train,False
30299,train,True
30300,validation,False
30301,train,True
30302,train,True
30303,train,False
30304,train,True
30305,test,False
30306,train,False
30307,test,False
30308,validation,False
30309,validation,False
30310,train,True
30311,test,False
30312,test,False
30313,train,True
30314,train,True
30315,train,False
30316,validation,False
30317,train,False
30318,train,False
30319,test,False
30320,validation,False
30321,train,False
30322,test,False
30323,train,True
30324,train,True
30325,train,True
30326,test,False
30327,train,True
30328,train,True
30329,test,False
30330,test,False
30331,validation,False
30332,test,False
30333,train,True
30334,train,False
30335,validation,False
30336,train,False
30337,train,False
30338,test,False
30339,validation,False
30340,test,False
30341,train,True
30342,train,True
30343,validation,False
30344,train,True
30345,test,False
30346,train,True
30347,train,True
30348,validation,False
30349,validation,False
30350,train,True
30351,train,True
30352,train,True
30353,validation,False
30354,train,True
30355,validation,False
30356,train,True
30357,test,False
30358,validation,False
30359,test,False
30360,train,True
30361,train,False
30362,train,False
30363,test,False
30364,train,True
30365,train,True
30366,train,True
30367,train,False
30368,train,True
30369,test,False
30370,train,False
30371,test,False
30372,train,False
30373,train,False
30374,train,True
30375,train,True
30376,train,True
30377,train,False
30378,test,False
30379,test,False
30380,validation,False
30381,train,True
30382,validation,False
30383,train,False
30384,test,False
30385,validation,False
30386,test,False
30387,train,False
30388,train,True
30389,validation,False
30390,train,True
30391,train,False
30392,train,False
30393,train,True
30394,train,True
30395,test,False
30396,train,True
30397,train,False
30398,test,False
30399,train,True
30400,validation,False
30401,train,False
30402,train,True
30403,train,False
30404,test,False
30405,validation,False
30406,test,False
30407,test,False
30408,train,True
30409,test,False
30410,train,True
30411,validation,False
30412,train,True
30413,test,False
30414,test,False
30415,validation,False
30416,validation,False
30417,train,True
30418,test,False
30419,train,True
30420,train,False
30421,train,True
30422,train,False
30423,train,False
30424,validation,False
30425,test,False
30426,test,False
30427,validation,False
30428,train,False
30429,validation,False
30430,train,False
30431,train,True
30432,train,False
30433,train,True
30434,train,True
30435,train,False
30436,train,True
30437,train,True
30438,train,True
30439,train,True
30440,train,False
30441,validation,False
30442,train,True
30443,validation,False
30444,train,False
30445,train,False
30446,train,True
30447,train,False
30448,train,False
30449,train,True
30450,train,True
30451,test,False
30452,train,False
30453,train,True
30454,train,True
30455,validation,False
30456,test,False
30457,train,False
30458,train,True
30459,test,False
30460,train,True
30461,train,True
30462,validation,False
30463,validation,False
30464,train,True
30465,train,True
30466,train,True
30467,train,False
30468,train,True
30469,train,False
30470,train,True
30471,train,True
30472,test,False
30473,test,False
30474,train,True
30475,train,True
30476,validation,False
30477,train,True
30478,train,True
30479,train,True
30480,test,False
30481,train,False
30482,train,True
30483,test,False
30484,validation,False
30485,train,False
30486,train,False
30487,train,True
30488,test,False
30489,train,True
30490,validation,False
30491,validation,False
30492,validation,False
30493,test,False
30494,train,True
30495,test,False
30496,test,False
30497,train,True
30498,train,True
30499,train,False
30500,test,False
30501,train,True
30502,train,False
30503,train,False
30504,validation,False
30505,validation,False
30506,train,True
30507,test,False
30508,test,False
30509,validation,False
30510,train,True
30511,train,False
30512,test,False
30513,validation,False
30514,train,False
30515,validation,False
30516,validation,False
30517,test,False
30518,train,True
30519,validation,False
30520,train,True
30521,validation,False
30522,train,True
30523,train,True
30524,train,False
30525,validation,False
30526,test,False
30527,test,False
30528,train,True
30529,test,False
30530,train,True
30531,test,False
30532,train,True
30533,train,True
30534,validation,False
30535,train,True
30536,train,True
30537,test,False
30538,train,False
30539,train,True
30540,test,False
30541,train,False
30542,train,True
30543,train,True
30544,validation,False
30545,test,False
30546,train,True
30547,train,True
30548,train,True
30549,validation,False
30550,validation,False
30551,train,True
30552,train,False
30553,test,False
30554,train,True
30555,train,True
30556,train,True
30557,train,True
30558,train,True
30559,train,True
30560,train,False
30561,train,True
30562,test,False
30563,test,False
30564,train,False
30565,train,False
30566,train,True
30567,train,False
30568,test,False
30569,train,False
30570,train,False
30571,train,True
30572,test,False
30573,test,False
30574,train,False
30575,train,False
30576,test,False
30577,validation,False
30578,train,True
30579,train,False
30580,train,True
30581,test,False
30582,train,True
30583,validation,False
30584,validation,False
30585,train,True
30586,test,False
30587,validation,False
30588,train,True
30589,validation,False
30590,train,True
30591,validation,False
30592,validation,False
30593,validation,False
30594,train,True
30595,train,True
30596,train,False
30597,train,False
30598,validation,False
30599,test,False
30600,train,False
30601,validation,False
30602,test,False
30603,test,False
30604,train,True
30605,train,True
30606,validation,False
30607,train,True
30608,train,True
30609,test,False
30610,train,True
30611,test,False
30612,train,True
30613,train,True
30614,validation,False
30615,train,True
30616,validation,False
30617,train,True
30618,test,False
30619,validation,False
30620,train,True
30621,validation,False
30622,validation,False
30623,train,True
30624,train,True
30625,train,False
30626,train,True
30627,train,True
30628,test,False
30629,train,False
30630,validation,False
30631,test,False
30632,test,False
30633,test,False
30634,train,True
30635,test,False
30636,validation,False
30637,train,True
30638,validation,False
30639,train,False
30640,test,False
30641,train,True
30642,train,True
30643,train,False
30644,train,False
30645,train,True
30646,test,False
30647,train,False
30648,train,True
30649,validation,False
30650,train,True
30651,validation,False
30652,test,False
30653,validation,False
30654,train,True
30655,validation,False
30656,train,False
30657,train,True
30658,test,False
30659,test,False
30660,train,True
30661,train,True
30662,test,False
30663,train,False
30664,train,True
30665,validation,False
30666,train,False
30667,test,False
30668,train,False
30669,test,False
30670,train,True
30671,test,False
30672,validation,False
30673,train,True
30674,train,False
30675,train,False
30676,train,True
30677,test,False
30678,train,False
30679,train,True
30680,test,False
30681,train,True
30682,train,True
30683,train,True
30684,test,False
30685,train,False
30686,test,False
30687,validation,False
30688,train,True
30689,test,False
30690,validation,False
30691,train,True
30692,train,False
30693,train,True
30694,validation,False
30695,test,False
30696,train,True
30697,validation,False
30698,train,True
30699,validation,False
30700,validation,False
30701,train,False
30702,train,False
30703,train,True
30704,train,True
30705,train,True
30706,validation,False
30707,validation,False
30708,test,False
30709,validation,False
30710,validation,False
30711,train,True
30712,train,True
30713,validation,False
30714,train,True
30715,train,False
30716,train,True
30717,train,False
30718,test,False
30719,validation,False
30720,test,False
30721,test,False
30722,train,True
30723,test,False
30724,train,True
30725,train,True
30726,train,True
30727,validation,False
30728,test,False
30729,train,True
30730,validation,False
30731,test,False
30732,test,False
30733,train,True
30734,validation,False
30735,train,True
30736,train,True
30737,train,True
30738,train,True
30739,train,True
30740,validation,False
30741,train,True
30742,validation,False
30743,train,True
30744,train,True
30745,train,True
30746,validation,False
30747,validation,False
30748,train,True
30749,train,True
30750,train,True
30751,train,True
30752,test,False
30753,train,True
30754,train,True
30755,train,False
30756,train,True
30757,validation,False
30758,train,True
30759,train,True
30760,test,False
30761,train,True
30762,validation,False
30763,validation,False
30764,train,True
30765,validation,False
30766,train,True
30767,train,True
30768,test,False
30769,validation,False
30770,train,True
30771,train,True
30772,train,True
30773,train,False
30774,train,False
30775,train,True
30776,validation,False
30777,train,True
30778,train,False
30779,train,False
30780,validation,False
30781,test,False
30782,train,True
30783,train,True
30784,train,True
30785,train,True
30786,train,True
30787,train,True
30788,test,False
30789,train,True
30790,validation,False
30791,train,True
30792,validation,False
30793,train,True
30794,test,False
30795,validation,False
30796,validation,False
30797,validation,False
30798,validation,False
30799,test,False
30800,train,True
30801,test,False
30802,test,False
30803,train,False
30804,train,True
30805,train,True
30806,test,False
30807,test,False
30808,validation,False
30809,train,False
30810,test,False
30811,train,True
30812,test,False
30813,validation,False
30814,validation,False
30815,test,False
30816,train,True
30817,train,True
30818,test,False
30819,test,False
30820,train,False
30821,validation,False
30822,train,True
30823,train,False
30824,validation,False
30825,validation,False
30826,train,False
30827,train,False
30828,train,True
30829,train,True
30830,test,False
30831,train,False
30832,train,True
30833,train,True
30834,validation,False
30835,train,True
30836,validation,False
30837,test,False
30838,validation,False
30839,train,False
30840,validation,False
30841,validation,False
30842,train,False
30843,train,False
30844,test,False
30845,train,True
30846,train,False
30847,train,False
30848,train,True
30849,validation,False
30850,train,True
30851,test,False
30852,train,True
30853,train,True
30854,train,True
30855,train,True
30856,train,True
30857,train,False
30858,test,False
30859,train,False
30860,train,False
30861,train,True
30862,train,True
30863,validation,False
30864,train,True
30865,validation,False
30866,test,False
30867,train,True
30868,validation,False
30869,validation,False
30870,test,False
30871,test,False
30872,train,False
30873,train,True
30874,test,False
30875,train,False
30876,test,False
30877,test,False
30878,validation,False
30879,validation,False
30880,train,True
30881,train,False
30882,test,False
30883,test,False
30884,train,False
30885,train,False
30886,train,True
30887,train,True
30888,test,False
30889,validation,False
30890,train,False
30891,train,False
30892,train,False
30893,train,True
30894,train,True
30895,train,True
30896,train,False
30897,test,False
30898,train,False
30899,test,False
30900,train,True
30901,train,True
30902,validation,False
30903,train,False
30904,train,False
30905,train,True
30906,validation,False
30907,train,True
30908,train,True
30909,train,True
30910,train,True
30911,test,False
30912,test,False
30913,train,True
30914,train,True
30915,test,False
30916,train,True
30917,train,True
30918,validation,False
30919,train,True
30920,validation,False
30921,test,False
30922,validation,False
30923,train,True
30924,train,True
30925,validation,False
30926,test,False
30927,validation,False
30928,train,True
30929,train,True
30930,train,True
30931,test,False
30932,train,False
30933,validation,False
30934,test,False
30935,validation,False
30936,validation,False
30937,train,True
30938,train,False
30939,test,False
30940,validation,False
30941,validation,False
30942,validation,False
30943,validation,False
30944,validation,False
30945,test,False
30946,validation,False
30947,train,False
30948,train,True
30949,train,True
30950,test,False
30951,train,True
30952,train,True
30953,train,True
30954,validation,False
30955,test,False
30956,train,True
30957,train,True
30958,test,False
30959,test,False
30960,validation,False
30961,train,True
30962,train,True
30963,train,True
30964,train,True
30965,test,False
30966,test,False
30967,train,True
30968,train,True
30969,train,True
30970,train,False
30971,train,True
30972,test,False
30973,test,False
30974,validation,False
30975,train,True
30976,test,False
30977,validation,False
30978,validation,False
30979,test,False
30980,train,False
30981,validation,False
30982,train,False
30983,train,False
30984,validation,False
30985,train,True
30986,train,True
30987,train,False
30988,validation,False
30989,validation,False
30990,test,False
30991,test,False
30992,train,True
30993,train,False
30994,train,True
30995,train,False
30996,validation,False
30997,train,False
30998,train,True
30999,validation,False
31000,train,True
31001,train,True
31002,test,False
31003,train,True
31004,train,True
31005,test,False
31006,train,False
31007,train,True
31008,train,True
31009,validation,False
31010,train,True
31011,validation,False
31012,train,True
31013,train,True
31014,train,True
31015,validation,False
31016,train,False
31017,validation,False
31018,test,False
31019,train,True
31020,train,True
31021,train,False
31022,train,True
31023,train,False
31024,validation,False
31025,validation,False
31026,test,False
31027,train,True
31028,train,False
31029,train,False
31030,validation,False
31031,train,False
31032,train,True
31033,test,False
31034,train,False
31035,train,True
31036,train,True
31037,train,True
31038,test,False
31039,test,False
31040,test,False
31041,train,True
31042,validation,False
31043,test,False
31044,validation,False
31045,test,False
31046,train,True
31047,train,True
31048,train,True
31049,test,False
31050,train,False
31051,train,False
31052,train,True
31053,validation,False
31054,train,True
31055,train,True
31056,train,True
31057,validation,False
31058,test,False
31059,train,True
31060,train,True
31061,train,True
31062,train,False
31063,test,False
31064,train,True
31065,validation,False
31066,train,True
31067,test,False
31068,train,False
31069,train,True
31070,validation,False
31071,train,True
31072,train,True
31073,test,False
31074,train,False
31075,train,True
31076,test,False
31077,train,False
31078,train,False
31079,validation,False
31080,test,False
31081,train,True
31082,train,True
31083,train,True
31084,train,True
31085,test,False
31086,train,True
31087,test,False
31088,test,False
31089,train,False
31090,train,False
31091,train,True
31092,train,True
31093,train,True
31094,train,False
31095,train,True
31096,train,False
31097,validation,False
31098,test,False
31099,train,True
31100,validation,False
31101,test,False
31102,test,False
31103,validation,False
31104,train,True
31105,train,False
31106,train,True
31107,train,True
31108,test,False
31109,validation,False
31110,validation,False
31111,test,False
31112,validation,False
31113,train,True
31114,test,False
31115,train,True
31116,test,False
31117,train,True
31118,train,False
31119,train,True
31120,test,False
31121,train,True
31122,train,True
31123,validation,False
31124,train,True
31125,train,True
31126,test,False
31127,train,True
31128,train,False
31129,validation,False
31130,train,True
31131,train,True
31132,train,True
31133,train,True
31134,train,True
31135,train,True
31136,train,True
31137,train,True
31138,train,True
31139,train,False
31140,train,False
31141,train,True
31142,train,True
31143,validation,False
31144,train,False
31145,validation,False
31146,train,True
31147,train,True
31148,train,True
31149,test,False
31150,test,False
31151,train,True
31152,validation,False
31153,train,True
31154,validation,False
31155,test,False
31156,test,False
31157,train,False
31158,train,True
31159,train,True
31160,train,True
31161,test,False
31162,train,True
31163,validation,False
31164,train,True
31165,test,False
31166,validation,False
31167,train,False
31168,test,False
31169,validation,False
31170,validation,False
31171,train,True
31172,validation,False
31173,train,True
31174,train,True
31175,validation,False
31176,train,True
31177,train,False
31178,train,True
31179,train,True
31180,train,False
31181,validation,False
31182,train,True
31183,validation,False
31184,train,True
31185,train,False
31186,train,True
31187,test,False
31188,test,False
31189,validation,False
31190,test,False
31191,test,False
31192,validation,False
31193,test,False
31194,test,False
31195,train,False
31196,test,False
31197,test,False
31198,train,True
31199,train,True
31200,train,False
31201,test,False
31202,train,False
31203,validation,False
31204,train,True
31205,validation,False
31206,train,True
31207,test,False
31208,validation,False
31209,test,False
31210,test,False
31211,validation,False
31212,train,True
31213,train,True
31214,train,True
31215,validation,False
31216,train,True
31217,train,True
31218,validation,False
31219,validation,False
31220,train,False
31221,train,True
31222,test,False
31223,train,True
31224,validation,False
31225,validation,False
31226,train,False
31227,train,True
31228,validation,False
31229,train,False
31230,validation,False
31231,validation,False
31232,test,False
31233,test,False
31234,train,True
31235,train,True
31236,validation,False
31237,train,True
31238,train,True
31239,test,False
31240,train,True
31241,train,True
31242,train,True
31243,train,False
31244,train,False
31245,train,True
31246,train,False
31247,train,False
31248,test,False
31249,test,False
31250,train,True
31251,validation,False
31252,validation,False
31253,validation,False
31254,train,True
31255,train,True
31256,test,False
31257,test,False
31258,train,True
31259,train,False
31260,train,True
31261,train,True
31262,train,False
31263,train,False
31264,validation,False
31265,train,True
31266,train,False
31267,train,True
31268,train,True
31269,test,False
31270,test,False
31271,train,True
31272,validation,False
31273,test,False
31274,train,True
31275,train,True
31276,train,False
31277,validation,False
31278,validation,False
31279,train,True
31280,train,True
31281,train,True
31282,test,False
31283,test,False
31284,train,True
31285,validation,False
31286,train,False
31287,train,False
31288,test,False
31289,train,True
31290,validation,False
31291,validation,False
31292,test,False
31293,train,True
31294,train,True
31295,train,True
31296,validation,False
31297,train,True
31298,validation,False
31299,train,True
31300,validation,False
31301,test,False
31302,train,False
31303,test,False
31304,train,True
31305,train,False
31306,train,False
31307,train,False
31308,train,True
31309,test,False
31310,train,True
31311,validation,False
31312,train,True
31313,train,False
31314,test,False
31315,validation,False
31316,test,False
31317,test,False
31318,train,True
31319,train,True
31320,train,False
31321,validation,False
31322,train,True
31323,train,True
31324,train,True
31325,test,False
31326,train,True
31327,train,True
31328,test,False
31329,test,False
31330,test,False
31331,train,True
31332,train,False
31333,train,False
31334,train,True
31335,test,False
31336,train,True
31337,train,True
31338,test,False
31339,train,True
31340,train,True
31341,validation,False
31342,validation,False
31343,train,True
31344,train,False
31345,train,True
31346,train,True
31347,validation,False
31348,validation,False
31349,validation,False
31350,train,False
31351,train,True
31352,test,False
31353,validation,False
31354,test,False
31355,test,False
31356,train,True
31357,validation,False
31358,train,True
31359,validation,False
31360,train,True
31361,train,False
31362,train,True
31363,train,True
31364,validation,False
31365,validation,False
31366,train,False
31367,test,False
31368,test,False
31369,validation,False
31370,train,False
31371,train,True
31372,validation,False
31373,validation,False
31374,test,False
31375,validation,False
31376,train,False
31377,train,True
31378,train,False
31379,train,True
31380,test,False
31381,train,True
31382,train,True
31383,train,True
31384,train,False
31385,validation,False
31386,train,False
31387,train,False
31388,train,True
31389,train,True
31390,train,False
31391,test,False
31392,train,False
31393,test,False
31394,train,True
31395,train,False
31396,train,True
31397,train,True
31398,validation,False
31399,train,True
31400,test,False
31401,train,True
31402,test,False
31403,test,False
31404,train,False
31405,train,True
31406,train,True
31407,train,True
31408,train,True
31409,train,True
31410,test,False
31411,validation,False
31412,train,False
31413,train,False
31414,train,True
31415,train,False
31416,test,False
31417,train,True
31418,train,True
31419,train,False
31420,train,True
31421,test,False
31422,train,True
31423,test,False
31424,test,False
31425,train,False
31426,train,False
31427,test,False
31428,validation,False
31429,validation,False
31430,train,False
31431,train,False
31432,train,True
31433,train,True
31434,validation,False
31435,validation,False
31436,validation,False
31437,test,False
31438,validation,False
31439,test,False
31440,train,False
31441,train,True
31442,validation,False
31443,train,False
31444,test,False
31445,validation,False
31446,train,True
31447,test,False
31448,validation,False
31449,train,False
31450,train,False
31451,test,False
31452,train,True
31453,test,False
31454,test,False
31455,train,True
31456,train,False
31457,validation,False
31458,test,False
31459,train,True
31460,train,False
31461,test,False
31462,train,True
31463,train,True
31464,train,False
31465,train,False
31466,train,True
31467,test,False
31468,train,True
31469,train,False
31470,test,False
31471,test,False
31472,train,False
31473,validation,False
31474,validation,False
31475,train,False
31476,test,False
31477,train,True
31478,test,False
31479,train,False
31480,test,False
31481,train,True
31482,validation,False
31483,train,True
31484,train,True
31485,train,True
31486,test,False
31487,test,False
31488,test,False
31489,train,False
31490,train,False
31491,train,True
31492,validation,False
31493,test,False
31494,validation,False
31495,validation,False
31496,validation,False
31497,train,True
31498,test,False
31499,train,True
31500,train,True
31501,validation,False
31502,test,False
31503,validation,False
31504,validation,False
31505,validation,False
31506,train,True
31507,test,False
31508,test,False
31509,validation,False
31510,train,False
31511,validation,False
31512,train,False
31513,test,False
31514,train,True
31515,train,True
31516,test,False
31517,validation,False
31518,train,False
31519,train,False
31520,train,False
31521,train,True
31522,train,False
31523,train,True
31524,train,True
31525,test,False
31526,test,False
31527,train,True
31528,train,True
31529,train,True
31530,train,False
31531,train,False
31532,test,False
31533,train,True
31534,train,True
31535,test,False
31536,train,True
31537,train,True
31538,train,True
31539,train,True
31540,test,False
31541,train,True
31542,train,False
31543,train,True
31544,test,False
31545,train,False
31546,test,False
31547,train,True
31548,train,True
31549,train,False
31550,train,True
31551,train,True
31552,train,True
31553,train,False
31554,validation,False
31555,train,True
31556,train,True
31557,validation,False
31558,train,True
31559,validation,False
31560,validation,False
31561,test,False
31562,test,False
31563,train,True
31564,validation,False
31565,train,True
31566,train,True
31567,test,False
31568,train,False
31569,train,True
31570,validation,False
31571,train,True
31572,test,False
31573,train,True
31574,validation,False
31575,test,False
31576,validation,False
31577,train,True
31578,test,False
31579,test,False
31580,train,True
31581,train,False
31582,validation,False
31583,test,False
31584,train,True
31585,train,False
31586,train,True
31587,validation,False
31588,train,True
31589,validation,False
31590,validation,False
31591,train,False
31592,train,False
31593,test,False
31594,train,True
31595,test,False
31596,validation,False
31597,train,True
31598,test,False
31599,validation,False
31600,train,True
31601,train,True
31602,train,True
31603,test,False
31604,train,False
31605,test,False
31606,train,True
31607,validation,False
31608,train,False
31609,train,True
31610,validation,False
31611,train,True
31612,test,False
31613,train,False
31614,train,True
31615,train,True
31616,train,True
31617,validation,False
31618,train,True
31619,train,True
31620,test,False
31621,train,True
31622,train,True
31623,train,True
31624,validation,False
31625,train,False
31626,train,False
31627,train,True
31628,train,False
31629,train,True
31630,train,True
31631,train,False
31632,train,True
31633,train,True
31634,validation,False
31635,train,False
31636,validation,False
31637,train,True
31638,train,True
31639,test,False
31640,validation,False
31641,train,True
31642,train,True
31643,train,True
31644,train,True
31645,train,True
31646,train,False
31647,train,True
31648,train,True
31649,train,False
31650,train,True
31651,train,False
31652,test,False
31653,train,True
31654,train,True
31655,train,True
31656,train,True
31657,train,False
31658,test,False
31659,train,True
31660,train,True
31661,train,True
31662,train,False
31663,train,True
31664,validation,False
31665,test,False
31666,train,True
31667,train,True
31668,test,False
31669,validation,False
31670,train,False
31671,test,False
31672,train,True
31673,validation,False
31674,train,False
31675,validation,False
31676,train,True
31677,train,True
31678,train,False
31679,train,False
31680,train,True
31681,train,True
31682,test,False
31683,train,False
31684,test,False
31685,test,False
31686,validation,False
31687,train,True
31688,train,True
31689,train,False
31690,validation,False
31691,train,True
31692,train,True
31693,test,False
31694,validation,False
31695,train,True
31696,train,False
31697,train,True
31698,test,False
31699,test,False
31700,train,True
31701,test,False
31702,train,True
31703,validation,False
31704,train,False
31705,train,False
31706,validation,False
31707,validation,False
31708,test,False
31709,train,False
31710,test,False
31711,train,True
31712,train,False
31713,train,False
31714,train,True
31715,test,False
31716,train,True
31717,test,False
31718,validation,False
31719,train,True
31720,test,False
31721,train,True
31722,validation,False
31723,train,True
31724,validation,False
31725,validation,False
31726,test,False
31727,test,False
31728,train,True
31729,train,True
31730,train,False
31731,test,False
31732,train,False
31733,train,True
31734,train,False
31735,test,False
31736,test,False
31737,train,True
31738,test,False
31739,test,False
31740,train,False
31741,test,False
31742,validation,False
31743,test,False
31744,train,False
31745,train,False
31746,train,False
31747,test,False
31748,test,False
31749,train,True
31750,train,True
31751,validation,False
31752,validation,False
31753,train,True
31754,train,True
31755,test,False
31756,validation,False
31757,train,False
31758,train,False
31759,train,True
31760,validation,False
31761,train,True
31762,train,False
31763,validation,False
31764,train,False
31765,train,True
31766,test,False
31767,train,True
31768,test,False
31769,test,False
31770,test,False
31771,train,False
31772,test,False
31773,train,False
31774,train,True
31775,test,False
31776,validation,False
31777,train,True
31778,train,True
31779,validation,False
31780,train,True
31781,train,False
31782,validation,False
31783,train,True
31784,train,False
31785,train,False
31786,train,False
31787,validation,False
31788,train,False
31789,train,False
31790,validation,False
31791,train,False
31792,test,False
31793,train,True
31794,train,True
31795,train,True
31796,test,False
31797,validation,False
31798,validation,False
31799,train,True
31800,train,False
31801,train,False
31802,train,True
31803,train,True
31804,train,True
31805,train,True
31806,test,False
31807,train,True
31808,test,False
31809,test,False
31810,validation,False
31811,train,True
31812,validation,False
31813,train,True
31814,train,False
31815,validation,False
31816,train,False
31817,train,True
31818,validation,False
31819,train,True
31820,train,False
31821,validation,False
31822,train,True
31823,test,False
31824,train,False
31825,train,True
31826,train,False
31827,train,True
31828,validation,False
31829,validation,False
31830,test,False
31831,train,False
31832,test,False
31833,train,True
31834,train,True
31835,train,True
31836,test,False
31837,test,False
31838,train,True
31839,validation,False
31840,train,True
31841,train,True
31842,train,True
31843,validation,False
31844,validation,False
31845,validation,False
31846,train,True
31847,validation,False
31848,train,True
31849,train,True
31850,train,False
31851,train,False
31852,train,False
31853,train,True
31854,train,True
31855,test,False
31856,validation,False
31857,test,False
31858,train,True
31859,validation,False
31860,train,False
31861,test,False
31862,train,False
31863,train,True
31864,train,True
31865,train,False
31866,validation,False
31867,test,False
31868,validation,False
31869,train,False
31870,train,True
31871,train,True
31872,validation,False
31873,train,False
31874,validation,False
31875,validation,False
31876,test,False
31877,train,True
31878,train,True
31879,train,True
31880,validation,False
31881,train,False
31882,validation,False
31883,test,False
31884,validation,False
31885,train,True
31886,train,True
31887,train,False
31888,train,False
31889,validation,False
31890,train,True
31891,train,True
31892,test,False
31893,train,False
31894,train,True
31895,train,False
31896,train,True
31897,train,False
31898,test,False
31899,train,True
31900,validation,False
31901,train,False
31902,test,False
31903,train,True
31904,train,True
31905,train,True
31906,train,True
31907,train,True
31908,test,False
31909,train,True
31910,train,True
31911,train,True
31912,train,True
31913,train,False
31914,train,False
31915,train,True
31916,test,False
31917,train,True
31918,train,False
31919,train,False
31920,validation,False
31921,train,True
31922,train,False
31923,train,True
31924,train,True
31925,train,True
31926,test,False
31927,validation,False
31928,validation,False
31929,train,False
31930,test,False
31931,train,True
31932,train,False
31933,train,True
31934,train,False
31935,test,False
31936,validation,False
31937,train,True
31938,train,True
31939,train,True
31940,test,False
31941,test,False
31942,train,True
31943,train,True
31944,train,False
31945,train,True
31946,train,True
31947,train,True
31948,train,True
31949,train,False
31950,train,False
31951,train,True
31952,validation,False
31953,test,False
31954,train,True
31955,train,False
31956,train,True
31957,train,True
31958,validation,False
31959,train,True
31960,test,False
31961,validation,False
31962,validation,False
31963,validation,False
31964,train,False
31965,train,True
31966,train,True
31967,test,False
31968,train,True
31969,train,False
31970,train,True
31971,train,True
31972,train,True
31973,train,True
31974,train,True
31975,train,True
31976,train,False
31977,train,True
31978,train,True
31979,train,False
31980,test,False
31981,test,False
31982,train,True
31983,train,True
31984,validation,False
31985,validation,False
31986,test,False
31987,train,True
31988,test,False
31989,train,False
31990,train,True
31991,train,True
31992,train,True
31993,train,False
31994,validation,False
31995,test,False
31996,train,False
31997,test,False
31998,validation,False
31999,validation,False
32000,test,False
32001,validation,False
32002,train,True
32003,train,False
32004,train,True
32005,train,True
32006,validation,False
32007,test,False
32008,test,False
32009,test,False
32010,train,True
32011,train,False
32012,train,True
32013,validation,False
32014,test,False
32015,train,True
32016,train,False
32017,validation,False
32018,validation,False
32019,train,True
32020,train,True
32021,test,False
32022,validation,False
32023,train,True
32024,validation,False
32025,validation,False
32026,train,True
32027,train,True
32028,test,False
32029,train,True
32030,test,False
32031,train,True
32032,train,True
32033,train,True
32034,test,False
32035,test,False
32036,train,True
32037,train,True
32038,test,False
32039,train,True
32040,train,True
32041,test,False
32042,train,True
32043,train,False
32044,train,False
32045,train,True
32046,train,True
32047,train,True
32048,train,True
32049,train,True
32050,train,True
32051,test,False
32052,test,False
32053,train,False
32054,train,False
32055,test,False
32056,validation,False
32057,validation,False
32058,train,True
32059,train,True
32060,train,False
32061,validation,False
32062,train,True
32063,train,True
32064,train,False
32065,train,True
32066,train,True
32067,train,True
32068,validation,False
32069,validation,False
32070,train,True
32071,train,True
32072,train,True
32073,test,False
32074,train,True
32075,train,True
32076,validation,False
32077,train,False
32078,train,True
32079,train,True
32080,test,False
32081,test,False
32082,test,False
32083,train,True
32084,train,True
32085,train,True
32086,test,False
32087,validation,False
32088,train,True
32089,validation,False
32090,train,False
32091,validation,False
32092,train,True
32093,test,False
32094,train,True
32095,train,True
32096,train,True
32097,test,False
32098,train,True
32099,test,False
32100,train,False
32101,train,True
32102,train,True
32103,train,True
32104,validation,False
32105,train,True
32106,train,True
32107,train,True
32108,train,True
32109,train,True
32110,train,True
32111,train,True
32112,train,True
32113,train,False
32114,train,True
32115,train,True
32116,test,False
32117,train,True
32118,train,False
32119,train,False
32120,train,True
32121,train,True
32122,train,False
32123,test,False
32124,train,False
32125,train,True
32126,train,False
32127,train,False
32128,test,False
32129,train,True
32130,train,False
32131,test,False
32132,train,True
32133,train,True
32134,train,False
32135,train,True
32136,train,True
32137,test,False
32138,validation,False
32139,train,False
32140,train,False
32141,train,False
32142,train,True
32143,test,False
32144,train,False
32145,test,False
32146,train,True
32147,train,False
32148,train,True
32149,train,True
32150,test,False
32151,train,True
32152,test,False
32153,validation,False
32154,train,True
32155,test,False
32156,train,True
32157,train,False
32158,test,False
32159,test,False
32160,train,True
32161,train,False
32162,test,False
32163,train,True
32164,train,True
32165,train,False
32166,train,False
32167,train,True
32168,train,True
32169,test,False
32170,train,False
32171,train,True
32172,test,False
32173,train,True
32174,train,True
32175,train,True
32176,validation,False
32177,validation,False
32178,train,False
32179,validation,False
32180,test,False
32181,train,True
32182,validation,False
32183,train,True
32184,validation,False
32185,validation,False
32186,train,False
32187,train,True
32188,train,True
32189,validation,False
32190,train,True
32191,test,False
32192,validation,False
32193,test,False
32194,train,True
32195,train,False
32196,train,False
32197,validation,False
32198,train,True
32199,validation,False
32200,test,False
32201,train,True
32202,train,True
32203,train,True
32204,validation,False
32205,test,False
32206,train,False
32207,validation,False
32208,validation,False
32209,train,False
32210,train,True
32211,validation,False
32212,train,True
32213,train,False
32214,validation,False
32215,train,True
32216,validation,False
32217,validation,False
32218,train,True
32219,train,True
32220,train,False
32221,train,False
32222,train,True
32223,validation,False
32224,validation,False
32225,validation,False
32226,train,True
32227,test,False
32228,test,False
32229,train,False
32230,train,True
32231,train,True
32232,train,True
32233,validation,False
32234,test,False
32235,validation,False
32236,train,False
32237,train,False
32238,train,True
32239,validation,False
32240,train,False
32241,train,False
32242,train,True
32243,validation,False
32244,validation,False
32245,train,True
32246,test,False
32247,validation,False
32248,train,False
32249,train,True
32250,validation,False
32251,train,False
32252,train,True
32253,test,False
32254,test,False
32255,test,False
32256,train,False
32257,validation,False
32258,test,False
32259,train,True
32260,train,False
32261,validation,False
32262,test,False
32263,train,False
32264,train,False
32265,train,True
32266,train,False
32267,validation,False
32268,train,True
32269,train,True
32270,test,False
32271,test,False
32272,train,True
32273,test,False
32274,validation,False
32275,train,True
32276,test,False
32277,train,True
32278,train,True
32279,train,False
32280,validation,False
32281,validation,False
32282,train,False
32283,train,False
32284,train,True
32285,validation,False
32286,validation,False
32287,train,False
32288,validation,False
32289,train,False
32290,test,False
32291,train,True
32292,train,True
32293,test,False
32294,train,True
32295,train,True
32296,train,True
32297,train,True
32298,train,False
32299,test,False
32300,train,True
32301,train,False
32302,train,True
32303,test,False
32304,test,False
32305,train,True
32306,validation,False
32307,train,False
32308,train,True
32309,validation,False
32310,test,False
32311,validation,False
32312,validation,False
32313,train,True
32314,train,True
32315,train,True
32316,train,True
32317,train,True
32318,test,False
32319,validation,False
32320,test,False
32321,train,True
32322,train,False
32323,validation,False
32324,test,False
32325,train,True
32326,train,True
32327,train,False
32328,validation,False
32329,train,True
32330,train,True
32331,test,False
32332,validation,False
32333,train,False
32334,train,True
32335,test,False
32336,validation,False
32337,validation,False
32338,train,True
32339,test,False
32340,train,True
32341,validation,False
32342,test,False
32343,train,True
32344,test,False
32345,train,True
32346,train,True
32347,validation,False
32348,train,False
32349,validation,False
32350,train,True
32351,validation,False
32352,train,False
32353,test,False
32354,train,False
32355,validation,False
32356,validation,False
32357,train,True
32358,train,True
32359,train,False
32360,train,False
32361,train,True
32362,train,False
32363,test,False
32364,train,True
32365,validation,False
32366,train,True
32367,test,False
32368,train,True
32369,test,False
32370,train,False
32371,train,True
32372,train,True
32373,train,True
32374,test,False
32375,train,True
32376,validation,False
32377,train,False
32378,train,True
32379,test,False
32380,train,True
32381,train,True
32382,train,True
32383,test,False
32384,train,True
32385,validation,False
32386,train,True
32387,train,True
32388,test,False
32389,validation,False
32390,train,False
32391,train,True
32392,train,True
32393,train,True
32394,test,False
32395,train,True
32396,test,False
32397,train,True
32398,test,False
32399,train,True
32400,train,True
32401,train,True
32402,validation,False
32403,train,True
32404,train,True
32405,validation,False
32406,train,True
32407,train,True
32408,train,True
32409,train,True
32410,validation,False
32411,train,False
32412,test,False
32413,train,True
32414,validation,False
32415,train,False
32416,test,False
32417,train,True
32418,train,True
32419,train,False
32420,train,True
32421,train,True
32422,train,True
32423,validation,False
32424,validation,False
32425,train,True
32426,test,False
32427,train,True
32428,test,False
32429,validation,False
32430,train,True
32431,train,False
32432,train,True
32433,test,False
32434,train,False
32435,test,False
32436,test,False
32437,test,False
32438,test,False
32439,train,True
32440,test,False
32441,validation,False
32442,train,True
32443,train,True
32444,validation,False
32445,train,False
32446,train,False
32447,test,False
32448,train,True
32449,train,True
32450,validation,False
32451,validation,False
32452,train,True
32453,test,False
32454,train,True
32455,train,True
32456,train,False
32457,train,True
32458,validation,False
32459,train,True
32460,train,False
32461,validation,False
32462,train,True
32463,validation,False
32464,train,True
32465,validation,False
32466,train,True
32467,test,False
32468,train,True
32469,train,True
32470,validation,False
32471,train,False
32472,test,False
32473,train,True
32474,train,False
32475,validation,False
32476,train,True
32477,train,True
32478,train,True
32479,test,False
32480,train,False
32481,train,False
32482,train,False
32483,validation,False
32484,validation,False
32485,test,False
32486,train,True
32487,test,False
32488,validation,False
32489,train,True
32490,train,True
32491,train,False
32492,validation,False
32493,validation,False
32494,train,True
32495,test,False
32496,train,False
32497,train,True
32498,train,True
32499,validation,False
32500,validation,False
32501,train,True
32502,train,True
32503,train,True
32504,train,True
32505,validation,False
32506,train,True
32507,test,False
32508,train,True
32509,train,False
32510,train,True
32511,train,False
32512,validation,False
32513,validation,False
32514,test,False
32515,train,True
32516,train,False
32517,train,True
32518,train,True
32519,train,True
32520,train,False
32521,validation,False
32522,test,False
32523,test,False
32524,train,True
32525,train,True
32526,train,True
32527,train,True
32528,validation,False
32529,train,True
32530,test,False
32531,test,False
32532,train,True
32533,train,False
32534,train,False
32535,train,True
32536,validation,False
32537,train,False
32538,test,False
32539,train,True
32540,train,True
32541,validation,False
32542,train,True
32543,train,False
32544,validation,False
32545,train,True
32546,validation,False
32547,train,False
32548,train,True
32549,train,False
32550,train,True
32551,train,True
32552,train,False
32553,train,True
32554,validation,False
32555,validation,False
32556,validation,False
32557,train,True
32558,train,True
32559,train,True
32560,train,True
32561,train,True
32562,train,False
32563,train,True
32564,train,True
32565,train,False
32566,train,True
32567,train,True
32568,validation,False
32569,validation,False
32570,validation,False
32571,train,True
32572,train,False
32573,train,True
32574,train,True
32575,train,True
32576,test,False
32577,train,True
32578,train,True
32579,train,False
32580,validation,False
32581,train,True
32582,train,True
32583,train,False
32584,train,True
32585,test,False
32586,train,True
32587,train,False
32588,validation,False
32589,validation,False
32590,validation,False
32591,train,True
32592,train,False
32593,train,True
32594,validation,False
32595,validation,False
32596,train,False
32597,train,False
32598,train,False
32599,train,True
32600,train,True
32601,test,False
32602,test,False
32603,train,True
32604,train,True
32605,validation,False
32606,train,True
32607,train,True
32608,test,False
32609,train,True
32610,train,True
32611,validation,False
32612,test,False
32613,validation,False
32614,validation,False
32615,train,True
32616,train,False
32617,test,False
32618,train,True
32619,test,False
32620,validation,False
32621,train,True
32622,validation,False
32623,test,False
32624,validation,False
32625,validation,False
32626,train,True
32627,train,True
32628,train,False
32629,train,True
32630,train,True
32631,train,True
32632,train,False
32633,train,True
32634,test,False
32635,test,False
32636,train,False
32637,validation,False
32638,train,True
32639,test,False
32640,test,False
32641,train,True
32642,train,False
32643,train,True
32644,test,False
32645,train,False
32646,train,True
32647,validation,False
32648,train,True
32649,validation,False
32650,test,False
32651,train,True
32652,test,False
32653,train,False
32654,test,False
32655,test,False
32656,train,True
32657,train,False
32658,validation,False
32659,test,False
32660,train,True
32661,validation,False
32662,test,False
32663,train,False
32664,train,True
32665,train,False
32666,test,False
32667,validation,False
32668,train,True
32669,validation,False
32670,test,False
32671,validation,False
32672,test,False
32673,train,True
32674,train,True
32675,train,True
32676,train,False
32677,validation,False
32678,test,False
32679,train,False
32680,validation,False
32681,train,False
32682,train,True
32683,train,True
32684,validation,False
32685,train,False
32686,train,True
32687,validation,False
32688,validation,False
32689,test,False
32690,validation,False
32691,train,True
32692,train,False
32693,train,False
32694,train,True
32695,train,True
32696,test,False
32697,test,False
32698,train,True
32699,validation,False
32700,test,False
32701,validation,False
32702,train,True
32703,validation,False
32704,train,True
32705,train,False
32706,train,True
32707,train,True
32708,train,True
32709,train,True
32710,train,True
32711,test,False
32712,train,False
32713,train,True
32714,validation,False
32715,train,True
32716,train,True
32717,train,False
32718,train,True
32719,train,False
32720,train,False
32721,train,True
32722,validation,False
32723,train,True
32724,validation,False
32725,validation,False
32726,test,False
32727,validation,False
32728,train,False
32729,validation,False
32730,train,False
32731,test,False
32732,test,False
32733,validation,False
32734,train,True
32735,train,False
32736,train,True
32737,train,False
32738,test,False
32739,train,True
32740,test,False
32741,test,False
32742,train,False
32743,validation,False
32744,test,False
32745,test,False
32746,test,False
32747,test,False
32748,train,True
32749,train,False
32750,test,False
32751,train,True
32752,train,True
32753,train,False
32754,train,True
32755,validation,False
32756,test,False
32757,train,True
32758,validation,False
32759,train,False
32760,train,False
32761,train,False
32762,train,True
32763,validation,False
32764,train,True
32765,validation,False
32766,validation,False
32767,train,True
32768,test,False
32769,validation,False
32770,train,True
32771,train,True
32772,test,False
32773,validation,False
32774,train,False
32775,train,False
32776,train,True
32777,train,False
32778,train,True
32779,train,True
32780,validation,False
32781,train,False
32782,train,True
32783,train,True
32784,train,True
32785,train,True
32786,test,False
32787,train,True
32788,test,False
32789,validation,False
32790,train,True
32791,validation,False
32792,validation,False
32793,validation,False
32794,test,False
32795,train,True
32796,test,False
32797,train,True
32798,test,False
32799,train,True
32800,test,False
32801,test,False
32802,train,False
32803,train,True
32804,train,True
32805,train,True
32806,validation,False
32807,train,False
32808,train,False
32809,train,True
32810,train,True
32811,test,False
32812,train,False
32813,train,True
32814,train,True
32815,train,True
32816,validation,False
32817,train,True
32818,train,False
32819,train,True
32820,train,True
32821,train,True
32822,train,True
32823,test,False
32824,train,False
32825,train,True
32826,test,False
32827,train,True
32828,validation,False
32829,train,False
32830,train,False
32831,train,True
32832,validation,False
32833,train,True
32834,train,True
32835,test,False
32836,train,True
32837,train,True
32838,validation,False
32839,train,False
32840,train,True
32841,validation,False
32842,train,True
32843,train,True
32844,train,True
32845,test,False
32846,test,False
32847,validation,False
32848,test,False
32849,train,True
32850,train,True
32851,train,True
32852,train,True
32853,train,True
32854,test,False
32855,train,True
32856,test,False
32857,train,True
32858,train,True
32859,validation,False
32860,validation,False
32861,train,True
32862,test,False
32863,train,False
32864,test,False
32865,train,True
32866,test,False
32867,train,True
32868,train,False
32869,validation,False
32870,train,False
32871,train,True
32872,train,True
32873,test,False
32874,train,True
32875,train,True
32876,test,False
32877,train,False
32878,train,False
32879,train,True
32880,test,False
32881,train,True
32882,validation,False
32883,train,True
32884,train,True
32885,validation,False
32886,test,False
32887,train,True
32888,test,False
32889,train,True
32890,validation,False
32891,validation,False
32892,train,True
32893,test,False
32894,train,True
32895,train,False
32896,test,False
32897,validation,False
32898,test,False
32899,train,True
32900,train,True
32901,test,False
32902,train,True
32903,train,True
32904,test,False
32905,train,False
32906,train,True
32907,validation,False
32908,test,False
32909,train,False
32910,train,True
32911,train,True
32912,train,True
32913,train,True
32914,train,False
32915,train,True
32916,train,True
32917,train,True
32918,test,False
32919,validation,False
32920,test,False
32921,test,False
32922,train,True
32923,test,False
32924,test,False
32925,train,True
32926,train,False
32927,validation,False
32928,train,True
32929,train,True
32930,validation,False
32931,validation,False
32932,validation,False
32933,train,False
32934,validation,False
32935,train,True
32936,validation,False
32937,train,False
32938,train,False
32939,train,True
32940,train,True
32941,test,False
32942,train,True
32943,train,True
32944,train,True
32945,train,True
32946,train,True
32947,validation,False
32948,train,True
32949,train,False
32950,test,False
32951,train,True
32952,validation,False
32953,train,True
32954,test,False
32955,train,False
32956,validation,False
32957,train,True
32958,train,False
32959,validation,False
32960,train,True
32961,test,False
32962,train,True
32963,validation,False
32964,validation,False
32965,train,True
32966,train,True
32967,train,False
32968,train,True
32969,train,True
32970,validation,False
32971,train,False
32972,test,False
32973,train,True
32974,test,False
32975,test,False
32976,train,True
32977,validation,False
32978,train,False
32979,train,True
32980,train,True
32981,train,False
32982,train,True
32983,train,False
32984,test,False
32985,validation,False
32986,train,True
32987,test,False
32988,test,False
32989,test,False
32990,train,True
32991,train,True
32992,train,False
32993,train,False
32994,train,True
32995,test,False
32996,test,False
32997,train,True
32998,test,False
32999,train,True
33000,train,True
33001,train,False
33002,test,False
33003,test,False
33004,validation,False
33005,train,True
33006,train,True
33007,test,False
33008,train,False
33009,train,False
33010,train,True
33011,train,False
33012,validation,False
33013,train,True
33014,test,False
33015,train,False
33016,train,True
33017,validation,False
33018,train,True
33019,train,False
33020,train,True
33021,train,True
33022,test,False
33023,validation,False
33024,train,False
33025,validation,False
33026,validation,False
33027,validation,False
33028,validation,False
33029,validation,False
33030,validation,False
33031,test,False
33032,test,False
33033,train,True
33034,test,False
33035,train,False
33036,train,True
33037,validation,False
33038,validation,False
33039,validation,False
33040,test,False
33041,validation,False
33042,train,True
33043,test,False
33044,test,False
33045,validation,False
33046,train,True
33047,train,True
33048,train,False
33049,train,False
33050,train,False
33051,train,False
33052,train,False
33053,validation,False
33054,train,True
33055,train,True
33056,validation,False
33057,train,False
33058,train,True
33059,train,False
33060,test,False
33061,train,True
33062,validation,False
33063,test,False
33064,validation,False
33065,train,False
33066,test,False
33067,validation,False
33068,validation,False
33069,train,True
33070,train,False
33071,test,False
33072,train,True
33073,test,False
33074,train,True
33075,test,False
33076,train,True
33077,train,True
33078,train,False
33079,validation,False
33080,train,False
33081,train,True
33082,test,False
33083,test,False
33084,train,True
33085,validation,False
33086,train,True
33087,train,True
33088,test,False
33089,validation,False
33090,validation,False
33091,train,True
33092,test,False
33093,train,True
33094,train,True
33095,train,True
33096,train,True
33097,train,True
33098,train,True
33099,test,False
33100,train,True
33101,validation,False
33102,train,False
33103,train,True
33104,train,True
33105,validation,False
33106,validation,False
33107,test,False
33108,train,True
33109,train,False
33110,train,False
33111,train,True
33112,train,False
33113,train,True
33114,validation,False
33115,train,True
33116,train,True
33117,validation,False
33118,test,False
33119,test,False
33120,test,False
33121,train,True
33122,train,True
33123,validation,False
33124,validation,False
33125,train,True
33126,train,True
33127,test,False
33128,validation,False
33129,test,False
33130,validation,False
33131,validation,False
33132,test,False
33133,train,True
33134,validation,False
33135,validation,False
33136,train,True
33137,train,False
33138,train,False
33139,train,False
33140,train,False
33141,train,False
33142,train,True
33143,test,False
33144,train,True
33145,train,True
33146,validation,False
33147,train,True
33148,train,True
33149,train,False
33150,train,False
33151,train,False
33152,validation,False
33153,train,True
33154,train,True
33155,validation,False
33156,train,False
33157,train,False
33158,test,False
33159,test,False
33160,train,False
33161,validation,False
33162,test,False
33163,validation,False
33164,train,False
33165,train,True
33166,train,True
33167,train,False
33168,train,True
33169,train,False
33170,train,True
33171,test,False
33172,train,True
33173,train,True
33174,train,True
33175,validation,False
33176,train,True
33177,validation,False
33178,train,False
33179,train,True
33180,test,False
33181,train,True
33182,train,False
33183,validation,False
33184,test,False
33185,test,False
33186,validation,False
33187,train,True
33188,train,False
33189,test,False
33190,train,True
33191,train,False
33192,train,False
33193,train,True
33194,train,True
33195,train,True
33196,train,True
33197,test,False
33198,validation,False
33199,test,False
33200,validation,False
33201,test,False
33202,validation,False
33203,train,True
33204,train,False
33205,train,True
33206,validation,False
33207,test,False
33208,validation,False
33209,train,True
33210,validation,False
33211,train,False
33212,validation,False
33213,train,True
33214,test,False
33215,train,False
33216,train,True
33217,train,True
33218,train,False
33219,train,True
33220,train,False
33221,test,False
33222,train,True
33223,train,True
33224,train,True
33225,validation,False
33226,train,True
33227,validation,False
33228,validation,False
33229,train,True
33230,test,False
33231,train,True
33232,validation,False
33233,train,True
33234,train,True
33235,train,True
33236,test,False
33237,train,True
33238,test,False
33239,test,False
33240,train,True
33241,train,True
33242,validation,False
33243,train,True
33244,test,False
33245,validation,False
33246,validation,False
33247,train,False
33248,train,True
33249,train,True
33250,validation,False
33251,train,True
33252,train,True
33253,train,False
33254,validation,False
33255,train,True
33256,train,True
33257,test,False
33258,train,True
33259,train,True
33260,train,True
33261,validation,False
33262,test,False
33263,train,True
33264,train,False
33265,test,False
33266,train,False
33267,test,False
33268,train,True
33269,test,False
33270,train,False
33271,validation,False
33272,validation,False
33273,test,False
33274,validation,False
33275,train,True
33276,validation,False
33277,train,False
33278,test,False
33279,test,False
33280,train,True
33281,train,True
33282,test,False
33283,train,True
33284,validation,False
33285,test,False
33286,test,False
33287,train,False
33288,train,True
33289,train,True
33290,train,True
33291,validation,False
33292,train,True
33293,test,False
33294,train,True
33295,train,True
33296,test,False
33297,validation,False
33298,validation,False
33299,test,False
33300,test,False
33301,train,False
33302,train,True
33303,train,True
33304,validation,False
33305,train,True
33306,train,False
33307,train,False
33308,test,False
33309,train,False
33310,test,False
33311,test,False
33312,train,True
33313,validation,False
33314,train,True
33315,train,False
33316,train,True
33317,test,False
33318,train,True
33319,test,False
33320,train,False
33321,train,True
33322,train,True
33323,validation,False
33324,validation,False
33325,train,False
33326,validation,False
33327,validation,False
33328,train,True
33329,train,True
33330,train,True
33331,train,True
33332,train,True
33333,validation,False
33334,train,True
33335,train,True
33336,train,True
33337,train,False
33338,train,True
33339,train,True
33340,train,False
33341,train,False
33342,train,True
33343,validation,False
33344,train,True
33345,train,True
33346,train,False
33347,train,True
33348,validation,False
33349,train,False
33350,test,False
33351,train,True
33352,validation,False
33353,test,False
33354,train,True
33355,train,True
33356,train,True
33357,validation,False
33358,train,True
33359,train,False
33360,test,False
33361,validation,False
33362,train,True
33363,train,True
33364,train,True
33365,validation,False
33366,train,True
33367,train,True
33368,validation,False
33369,train,False
33370,train,True
33371,test,False
33372,train,False
33373,test,False
33374,test,False
33375,train,False
33376,train,True
33377,train,True
33378,train,True
33379,test,False
33380,test,False
33381,validation,False
33382,train,True
33383,train,True
33384,train,True
33385,validation,False
33386,train,True
33387,test,False
33388,train,False
33389,train,True
33390,test,False
33391,train,False
33392,train,True
33393,train,False
33394,train,True
33395,train,True
33396,train,True
33397,train,False
33398,validation,False
33399,test,False
33400,train,True
33401,train,True
33402,validation,False
33403,train,True
33404,test,False
33405,train,True
33406,validation,False
33407,validation,False
33408,train,False
33409,train,True
33410,train,False
33411,test,False
33412,train,True
33413,test,False
33414,validation,False
33415,train,False
33416,train,True
33417,test,False
33418,train,True
33419,train,True
33420,validation,False
33421,validation,False
33422,test,False
33423,train,False
33424,train,True
33425,validation,False
33426,validation,False
33427,train,True
33428,test,False
33429,train,False
33430,test,False
33431,train,False
33432,test,False
33433,train,True
33434,train,False
33435,train,True
33436,train,True
33437,test,False
33438,train,False
33439,test,False
33440,test,False
33441,validation,False
33442,train,True
33443,train,False
33444,test,False
33445,test,False
33446,train,False
33447,train,True
33448,train,False
33449,train,True
33450,validation,False
33451,train,True
33452,validation,False
33453,train,True
33454,test,False
33455,train,True
33456,train,False
33457,validation,False
33458,train,True
33459,train,True
33460,train,True
33461,train,True
33462,train,True
33463,train,True
33464,train,True
33465,train,False
33466,train,True
33467,train,True
33468,test,False
33469,validation,False
33470,train,False
33471,train,True
33472,test,False
33473,train,True
33474,train,False
33475,train,False
33476,train,True
33477,validation,False
33478,train,True
33479,validation,False
33480,train,True
33481,test,False
33482,test,False
33483,train,True
33484,train,True
33485,test,False
33486,train,True
33487,train,True
33488,train,True
33489,test,False
33490,train,True
33491,validation,False
33492,test,False
33493,train,True
33494,train,False
33495,train,False
33496,test,False
33497,train,True
33498,test,False
33499,train,True
33500,train,False
33501,train,True
33502,test,False
33503,validation,False
33504,test,False
33505,train,True
33506,validation,False
33507,validation,False
33508,test,False
33509,train,True
33510,train,True
33511,train,False
33512,train,False
33513,train,True
33514,validation,False
33515,train,True
33516,test,False
33517,train,True
33518,train,False
33519,train,True
33520,train,True
33521,validation,False
33522,train,True
33523,train,False
33524,train,True
33525,validation,False
33526,test,False
33527,train,True
33528,train,True
33529,train,True
33530,train,False
33531,validation,False
33532,train,True
33533,test,False
33534,validation,False
33535,train,True
33536,test,False
33537,train,False
33538,train,True
33539,test,False
33540,train,False
33541,test,False
33542,test,False
33543,test,False
33544,train,True
33545,train,True
33546,test,False
33547,test,False
33548,train,False
33549,train,True
33550,train,False
33551,train,True
33552,train,False
33553,test,False
33554,train,True
33555,train,True
33556,train,True
33557,train,True
33558,train,False
33559,train,True
33560,train,True
33561,validation,False
33562,train,True
33563,train,False
33564,test,False
33565,validation,False
33566,train,True
33567,train,True
33568,validation,False
33569,test,False
33570,train,True
33571,validation,False
33572,train,True
33573,train,True
33574,validation,False
33575,train,True
33576,train,True
33577,validation,False
33578,train,True
33579,train,True
33580,test,False
33581,train,True
33582,train,True
33583,train,True
33584,validation,False
33585,validation,False
33586,train,True
33587,train,True
33588,train,True
33589,train,True
33590,validation,False
33591,train,True
33592,train,True
33593,test,False
33594,train,False
33595,train,True
33596,train,True
33597,train,False
33598,train,True
33599,train,True
33600,test,False
33601,train,True
33602,train,True
33603,train,True
33604,train,True
33605,train,False
33606,test,False
33607,train,False
33608,train,True
33609,test,False
33610,train,True
33611,train,True
33612,train,True
33613,test,False
33614,train,False
33615,train,True
33616,train,True
33617,test,False
33618,validation,False
33619,validation,False
33620,train,True
33621,train,True
33622,train,True
33623,train,True
33624,train,True
33625,train,True
33626,train,True
33627,train,True
33628,validation,False
33629,train,True
33630,validation,False
33631,train,True
33632,validation,False
33633,train,True
33634,validation,False
33635,train,True
33636,train,True
33637,train,True
33638,train,True
33639,train,False
33640,train,True
33641,train,False
33642,train,True
33643,train,False
33644,test,False
33645,train,True
33646,train,False
33647,test,False
33648,train,True
33649,train,True
33650,train,True
33651,test,False
33652,validation,False
33653,train,True
33654,validation,False
33655,test,False
33656,validation,False
33657,train,True
33658,validation,False
33659,train,True
33660,test,False
33661,train,True
33662,train,True
33663,train,False
33664,test,False
33665,train,False
33666,train,True
33667,train,False
33668,train,True
33669,train,True
33670,test,False
33671,train,False
33672,validation,False
33673,train,False
33674,test,False
33675,train,True
33676,train,True
33677,test,False
33678,test,False
33679,validation,False
33680,validation,False
33681,train,True
33682,validation,False
33683,test,False
33684,train,False
33685,train,True
33686,validation,False
33687,train,True
33688,validation,False
33689,test,False
33690,train,True
33691,validation,False
33692,train,True
33693,validation,False
33694,validation,False
33695,train,True
33696,train,False
33697,train,True
33698,validation,False
33699,train,False
33700,train,True
33701,train,True
33702,train,True
33703,validation,False
33704,train,True
33705,test,False
33706,train,True
33707,train,True
33708,train,False
33709,train,True
33710,test,False
33711,train,True
33712,validation,False
33713,train,True
33714,train,False
33715,validation,False
33716,train,True
33717,train,True
33718,test,False
33719,validation,False
33720,train,True
33721,train,False
33722,train,True
33723,train,False
33724,train,True
33725,train,True
33726,train,True
33727,train,True
33728,validation,False
33729,train,True
33730,train,False
33731,validation,False
33732,validation,False
33733,test,False
33734,test,False
33735,test,False
33736,train,True
33737,train,False
33738,validation,False
33739,test,False
33740,train,True
33741,train,False
33742,train,False
33743,train,True
33744,validation,False
33745,validation,False
33746,train,False
33747,train,False
33748,train,False
33749,test,False
33750,train,True
33751,test,False
33752,train,False
33753,train,True
33754,train,False
33755,train,False
33756,train,True
33757,test,False
33758,train,False
33759,train,True
33760,test,False
33761,train,True
33762,train,False
33763,train,False
33764,test,False
33765,train,True
33766,validation,False
33767,test,False
33768,train,False
33769,test,False
33770,validation,False
33771,validation,False
33772,train,False
33773,train,True
33774,test,False
33775,train,True
33776,train,True
33777,validation,False
33778,train,True
33779,train,False
33780,train,False
33781,train,False
33782,train,True
33783,train,True
33784,validation,False
33785,validation,False
33786,validation,False
33787,train,True
33788,test,False
33789,validation,False
33790,train,False
33791,validation,False
33792,train,False
33793,validation,False
33794,train,True
33795,train,True
33796,train,False
33797,test,False
33798,train,True
33799,train,True
33800,train,False
33801,train,True
33802,train,False
33803,test,False
33804,train,True
33805,validation,False
33806,train,True
33807,train,True
33808,train,True
33809,test,False
33810,validation,False
33811,train,True
33812,train,False
33813,train,False
33814,validation,False
33815,train,False
33816,train,False
33817,train,False
33818,train,True
33819,test,False
33820,train,False
33821,train,True
33822,test,False
33823,validation,False
33824,train,True
33825,validation,False
33826,validation,False
33827,test,False
33828,train,False
33829,test,False
33830,train,True
33831,train,False
33832,test,False
33833,train,False
33834,validation,False
33835,validation,False
33836,validation,False
33837,train,True
33838,train,False
33839,train,True
33840,train,False
33841,train,True
33842,train,False
33843,train,True
33844,train,True
33845,validation,False
33846,train,False
33847,validation,False
33848,train,True
33849,validation,False
33850,train,True
33851,train,True
33852,train,False
33853,train,True
33854,test,False
33855,train,True
33856,validation,False
33857,train,True
33858,test,False
33859,train,False
33860,validation,False
33861,validation,False
33862,train,False
33863,train,False
33864,validation,False
33865,test,False
33866,validation,False
33867,test,False
33868,train,True
33869,train,True
33870,train,False
33871,train,True
33872,train,True
33873,train,False
33874,train,True
33875,test,False
33876,train,True
33877,train,True
33878,test,False
33879,validation,False
33880,train,True
33881,train,False
33882,test,False
33883,train,False
33884,test,False
33885,train,True
33886,test,False
33887,train,True
33888,train,True
33889,test,False
33890,validation,False
33891,train,True
33892,train,False
33893,test,False
33894,train,False
33895,train,True
33896,test,False
33897,train,True
33898,train,True
33899,test,False
33900,validation,False
33901,train,True
33902,train,False
33903,train,False
33904,train,False
33905,validation,False
33906,train,True
33907,test,False
33908,train,False
33909,validation,False
33910,train,True
33911,train,False
33912,validation,False
33913,train,False
33914,train,False
33915,train,False
33916,test,False
33917,train,True
33918,validation,False
33919,test,False
33920,train,True
33921,train,True
33922,train,False
33923,validation,False
33924,train,False
33925,train,True
33926,test,False
33927,validation,False
33928,train,True
33929,validation,False
33930,validation,False
33931,train,False
33932,train,True
33933,train,True
33934,train,True
33935,test,False
33936,train,True
33937,validation,False
33938,train,False
33939,validation,False
33940,validation,False
33941,test,False
33942,test,False
33943,train,False
33944,test,False
33945,train,True
33946,train,False
33947,train,True
33948,validation,False
33949,train,False
33950,train,False
33951,train,True
33952,test,False
33953,validation,False
33954,train,True
33955,train,True
33956,validation,False
33957,train,True
33958,train,False
33959,train,True
33960,validation,False
33961,test,False
33962,train,True
33963,train,True
33964,test,False
33965,train,True
33966,test,False
33967,test,False
33968,train,True
33969,test,False
33970,train,True
33971,validation,False
33972,train,False
33973,train,True
33974,train,True
33975,train,True
33976,train,False
33977,train,True
33978,test,False
33979,train,True
33980,train,True
33981,train,True
33982,validation,False
33983,train,False
33984,train,True
33985,validation,False
33986,train,False
33987,test,False
33988,train,True
33989,train,False
33990,train,True
33991,validation,False
33992,train,True
33993,test,False
33994,test,False
33995,validation,False
33996,train,False
33997,test,False
33998,train,False
33999,train,False
34000,train,False
34001,train,True
34002,train,True
34003,validation,False
34004,test,False
34005,validation,False
34006,train,True
34007,train,True
34008,train,True
34009,test,False
34010,test,False
34011,train,False
34012,test,False
34013,train,False
34014,train,True
34015,train,True
34016,train,True
34017,train,True
34018,train,False
34019,validation,False
34020,train,True
34021,train,True
34022,validation,False
34023,train,True
34024,train,False
34025,train,True
34026,validation,False
34027,validation,False
34028,train,True
34029,validation,False
34030,test,False
34031,test,False
34032,train,True
34033,validation,False
34034,train,True
34035,test,False
34036,train,False
34037,train,True
34038,test,False
34039,test,False
34040,validation,False
34041,train,False
34042,test,False
34043,test,False
34044,train,True
34045,test,False
34046,train,False
34047,train,False
34048,validation,False
34049,train,True
34050,train,False
34051,train,False
34052,train,True
34053,train,True
34054,validation,False
34055,train,True
34056,train,False
34057,validation,False
34058,train,True
34059,train,False
34060,validation,False
34061,train,True
34062,train,True
34063,train,True
34064,validation,False
34065,train,True
34066,train,False
34067,test,False
34068,test,False
34069,train,True
34070,train,True
34071,test,False
34072,train,True
34073,validation,False
34074,train,False
34075,test,False
34076,train,False
34077,train,False
34078,train,True
34079,train,False
34080,train,False
34081,train,True
34082,test,False
34083,test,False
34084,test,False
34085,train,True
34086,validation,False
34087,train,False
34088,test,False
34089,train,True
34090,train,False
34091,validation,False
34092,train,False
34093,train,True
34094,train,False
34095,train,True
34096,validation,False
34097,train,False
34098,validation,False
34099,train,True
34100,test,False
34101,validation,False
34102,train,True
34103,test,False
34104,train,True
34105,test,False
34106,test,False
34107,test,False
34108,train,True
34109,train,True
34110,test,False
34111,train,True
34112,train,False
34113,train,True
34114,train,False
34115,train,True
34116,train,True
34117,validation,False
34118,validation,False
34119,test,False
34120,train,False
34121,validation,False
34122,train,True
34123,test,False
34124,train,True
34125,validation,False
34126,train,True
34127,validation,False
34128,train,True
34129,train,True
34130,train,False
34131,test,False
34132,train,True
34133,validation,False
34134,train,True
34135,test,False
34136,test,False
34137,train,False
34138,test,False
34139,train,True
34140,validation,False
34141,train,True
34142,train,True
34143,test,False
34144,validation,False
34145,validation,False
34146,train,True
34147,train,True
34148,validation,False
34149,train,True
34150,train,False
34151,train,True
34152,test,False
34153,validation,False
34154,train,True
34155,validation,False
34156,train,False
34157,validation,False
34158,train,True
34159,validation,False
34160,validation,False
34161,test,False
34162,test,False
34163,validation,False
34164,train,True
34165,train,True
34166,train,True
34167,train,True
34168,validation,False
34169,train,True
34170,train,True
34171,train,True
34172,validation,False
34173,train,True
34174,train,True
34175,validation,False
34176,train,False
34177,train,True
34178,train,False
34179,validation,False
34180,train,True
34181,validation,False
34182,validation,False
34183,train,False
34184,train,True
34185,validation,False
34186,test,False
34187,train,False
34188,train,True
34189,test,False
34190,validation,False
34191,train,True
34192,validation,False
34193,validation,False
34194,train,False
34195,train,False
34196,validation,False
34197,train,False
34198,train,True
34199,train,True
34200,train,True
34201,validation,False
34202,train,True
34203,train,False
34204,train,False
34205,test,False
34206,validation,False
34207,train,True
34208,train,True
34209,train,True
34210,train,True
34211,test,False
34212,test,False
34213,train,False
34214,train,True
34215,train,False
34216,test,False
34217,validation,False
34218,test,False
34219,train,True
34220,validation,False
34221,train,True
34222,train,True
34223,train,False
34224,train,True
34225,train,True
34226,validation,False
34227,train,False
34228,train,False
34229,train,True
34230,validation,False
34231,train,True
34232,train,True
34233,train,True
34234,train,True
34235,train,False
34236,test,False
34237,train,True
34238,test,False
34239,validation,False
34240,train,True
34241,train,True
34242,train,True
34243,train,True
34244,validation,False
34245,train,True
34246,validation,False
34247,test,False
34248,train,True
34249,train,False
34250,test,False
34251,train,True
34252,train,False
34253,test,False
34254,validation,False
34255,train,False
34256,train,False
34257,train,False
34258,train,True
34259,validation,False
34260,train,True
34261,validation,False
34262,test,False
34263,train,True
34264,validation,False
34265,train,False
34266,test,False
34267,test,False
34268,train,True
34269,test,False
34270,train,True
34271,train,False
34272,validation,False
34273,train,True
34274,validation,False
34275,validation,False
34276,validation,False
34277,train,False
34278,train,True
34279,validation,False
34280,train,True
34281,train,False
34282,test,False
34283,train,False
34284,train,True
34285,train,True
34286,train,False
34287,train,True
34288,train,True
34289,train,False
34290,validation,False
34291,test,False
34292,validation,False
34293,train,False
34294,validation,False
34295,train,True
34296,validation,False
34297,test,False
34298,train,True
34299,validation,False
34300,train,True
34301,test,False
34302,train,False
34303,test,False
34304,validation,False
34305,test,False
34306,train,True
34307,validation,False
34308,train,False
34309,train,True
34310,validation,False
34311,train,True
34312,train,False
34313,train,True
34314,test,False
34315,train,True
34316,train,False
34317,train,True
34318,test,False
34319,validation,False
34320,test,False
34321,train,True
34322,train,False
34323,validation,False
34324,train,True
34325,train,True
34326,train,True
34327,validation,False
34328,test,False
34329,train,True
34330,validation,False
34331,train,True
34332,train,True
34333,train,True
34334,train,True
34335,test,False
34336,train,True
34337,train,True
34338,train,False
34339,train,True
34340,train,True
34341,train,True
34342,test,False
34343,train,True
34344,train,False
34345,train,False
34346,test,False
34347,test,False
34348,train,False
34349,train,True
34350,test,False
34351,train,True
34352,test,False
34353,train,False
34354,train,True
34355,train,True
34356,train,True
34357,test,False
34358,train,True
34359,train,True
34360,train,True
34361,train,False
34362,train,False
34363,validation,False
34364,test,False
34365,train,True
34366,train,True
34367,test,False
34368,test,False
34369,test,False
34370,train,True
34371,validation,False
34372,train,True
34373,train,True
34374,validation,False
34375,test,False
34376,train,True
34377,validation,False
34378,train,True
34379,test,False
34380,train,True
34381,train,False
34382,train,False
34383,train,True
34384,train,True
34385,train,True
34386,test,False
34387,train,True
34388,test,False
34389,test,False
34390,test,False
34391,train,True
34392,train,True
34393,train,True
34394,train,True
34395,validation,False
34396,train,False
34397,validation,False
34398,train,False
34399,validation,False
34400,validation,False
34401,train,True
34402,test,False
34403,train,False
34404,train,True
34405,train,False
34406,train,False
34407,train,True
34408,train,False
34409,test,False
34410,train,False
34411,validation,False
34412,test,False
34413,train,True
34414,validation,False
34415,train,False
34416,test,False
34417,test,False
34418,train,True
34419,train,False
34420,train,False
34421,train,True
34422,test,False
34423,validation,False
34424,train,True
34425,train,True
34426,train,True
34427,validation,False
34428,train,True
34429,train,True
34430,validation,False
34431,test,False
34432,train,True
34433,validation,False
34434,train,True
34435,validation,False
34436,validation,False
34437,train,False
34438,train,True
34439,validation,False
34440,train,True
34441,test,False
34442,test,False
34443,validation,False
34444,train,True
34445,validation,False
34446,validation,False
34447,train,True
34448,train,True
34449,validation,False
34450,train,True
34451,validation,False
34452,train,True
34453,train,True
34454,train,True
34455,test,False
34456,test,False
34457,validation,False
34458,train,True
34459,train,True
34460,test,False
34461,train,True
34462,test,False
34463,train,True
34464,train,False
34465,validation,False
34466,train,False
34467,train,True
34468,validation,False
34469,train,True
34470,validation,False
34471,train,True
34472,train,True
34473,test,False
34474,test,False
34475,train,True
34476,train,False
34477,train,True
34478,train,True
34479,train,True
34480,train,True
34481,train,False
34482,test,False
34483,train,True
34484,validation,False
34485,train,False
34486,train,True
34487,train,True
34488,train,True
34489,validation,False
34490,train,True
34491,train,True
34492,validation,False
34493,train,True
34494,train,True
34495,test,False
34496,train,False
34497,train,False
34498,validation,False
34499,train,True
34500,train,True
34501,train,False
34502,train,True
34503,test,False
34504,validation,False
34505,train,True
34506,train,True
34507,validation,False
34508,train,True
34509,validation,False
34510,train,False
34511,test,False
34512,train,False
34513,train,True
34514,train,True
34515,validation,False
34516,train,True
34517,test,False
34518,train,True
34519,train,False
34520,test,False
34521,train,False
34522,train,True
34523,train,True
34524,validation,False
34525,train,False
34526,train,False
34527,test,False
34528,train,True
34529,train,True
34530,test,False
34531,train,True
34532,train,True
34533,train,False
34534,validation,False
34535,train,True
34536,train,False
34537,validation,False
34538,train,True
34539,test,False
34540,train,False
34541,train,True
34542,validation,False
34543,test,False
34544,train,True
34545,test,False
34546,test,False
34547,train,False
34548,train,True
34549,validation,False
34550,train,True
34551,train,False
34552,train,False
34553,train,True
34554,test,False
34555,test,False
34556,train,False
34557,test,False
34558,train,True
34559,train,True
34560,train,True
34561,test,False
34562,test,False
34563,test,False
34564,validation,False
34565,test,False
34566,test,False
34567,test,False
34568,train,False
34569,train,False
34570,train,True
34571,train,True
34572,train,True
34573,train,True
34574,train,False
34575,train,True
34576,train,False
34577,train,True
34578,train,False
34579,validation,False
34580,train,True
34581,train,False
34582,train,True
34583,train,True
34584,train,True
34585,test,False
34586,train,True
34587,validation,False
34588,train,False
34589,test,False
34590,train,True
34591,validation,False
34592,test,False
34593,test,False
34594,validation,False
34595,train,True
34596,train,True
34597,train,True
34598,validation,False
34599,train,True
34600,train,True
34601,test,False
34602,test,False
34603,validation,False
34604,train,False
34605,train,False
34606,train,False
34607,test,False
34608,test,False
34609,train,False
34610,validation,False
34611,train,False
34612,train,True
34613,validation,False
34614,validation,False
34615,validation,False
34616,train,False
34617,validation,False
34618,train,True
34619,train,True
34620,train,False
34621,train,True
34622,train,False
34623,train,True
34624,train,False
34625,test,False
34626,train,False
34627,validation,False
34628,train,True
34629,validation,False
34630,test,False
34631,validation,False
34632,train,True
34633,test,False
34634,train,False
34635,train,False
34636,test,False
34637,validation,False
34638,train,True
34639,test,False
34640,validation,False
34641,test,False
34642,validation,False
34643,train,True
34644,train,False
34645,train,False
34646,train,True
34647,validation,False
34648,test,False
34649,train,True
34650,train,True
34651,train,True
34652,train,True
34653,train,True
34654,train,True
34655,train,True
34656,validation,False
34657,train,True
34658,train,False
34659,train,False
34660,test,False
34661,train,True
34662,train,False
34663,train,True
34664,test,False
34665,test,False
34666,validation,False
34667,train,True
34668,train,True
34669,test,False
34670,train,True
34671,test,False
34672,validation,False
34673,test,False
34674,train,False
34675,validation,False
34676,validation,False
34677,validation,False
34678,train,False
34679,validation,False
34680,test,False
34681,test,False
34682,train,False
34683,train,True
34684,validation,False
34685,validation,False
34686,train,False
34687,test,False
34688,train,True
34689,train,True
34690,train,True
34691,train,False
34692,train,True
34693,validation,False
34694,train,True
34695,validation,False
34696,train,False
34697,train,False
34698,train,True
34699,train,True
34700,train,True
34701,train,False
34702,train,True
34703,train,True
34704,train,True
34705,test,False
34706,test,False
34707,train,True
34708,train,True
34709,train,True
34710,test,False
34711,train,False
34712,test,False
34713,train,True
34714,train,True
34715,train,True
34716,train,False
34717,train,True
34718,validation,False
34719,train,False
34720,validation,False
34721,train,False
34722,train,True
34723,train,True
34724,train,True
34725,validation,False
34726,train,False
34727,train,True
34728,train,True
34729,validation,False
34730,test,False
34731,train,True
34732,train,True
34733,test,False
34734,train,True
34735,test,False
34736,train,True
34737,validation,False
34738,train,True
34739,train,True
34740,test,False
34741,train,False
34742,train,True
34743,train,True
34744,test,False
34745,train,False
34746,train,True
34747,train,False
34748,train,True
34749,train,False
34750,test,False
34751,validation,False
34752,train,False
34753,train,True
34754,train,True
34755,train,True
34756,train,True
34757,train,True
34758,validation,False
34759,train,True
34760,test,False
34761,train,False
34762,train,True
34763,train,True
34764,train,True
34765,train,True
34766,train,True
34767,validation,False
34768,train,True
34769,train,False
34770,test,False
34771,train,True
34772,train,True
34773,train,True
34774,train,True
34775,validation,False
34776,train,True
34777,train,False
34778,train,True
34779,train,True
34780,train,True
34781,train,True
34782,validation,False
34783,test,False
34784,train,False
34785,test,False
34786,test,False
34787,validation,False
34788,train,False
34789,train,False
34790,test,False
34791,train,True
34792,train,False
34793,train,True
34794,train,True
34795,train,True
34796,train,True
34797,test,False
34798,train,False
34799,test,False
34800,train,True
34801,test,False
34802,train,True
34803,train,False
34804,validation,False
34805,test,False
34806,train,False
34807,validation,False
34808,train,True
34809,validation,False
34810,train,False
34811,train,False
34812,train,True
34813,train,True
34814,train,True
34815,train,True
34816,train,True
34817,train,False
34818,train,True
34819,test,False
34820,train,True
34821,validation,False
34822,train,True
34823,test,False
34824,test,False
34825,test,False
34826,train,False
34827,train,True
34828,train,True
34829,train,False
34830,train,True
34831,train,False
34832,train,False
34833,validation,False
34834,validation,False
34835,validation,False
34836,test,False
34837,test,False
34838,train,True
34839,validation,False
34840,train,True
34841,test,False
34842,validation,False
34843,train,False
34844,test,False
34845,train,True
34846,train,False
34847,train,True
34848,train,True
34849,validation,False
34850,train,True
34851,train,True
34852,train,True
34853,test,False
34854,train,False
34855,validation,False
34856,train,True
34857,train,False
34858,test,False
34859,validation,False
34860,test,False
34861,train,False
34862,train,True
34863,train,False
34864,validation,False
34865,train,True
34866,train,True
34867,test,False
34868,test,False
34869,train,True
34870,train,True
34871,train,True
34872,train,False
34873,train,True
34874,validation,False
34875,test,False
34876,test,False
34877,train,False
34878,train,False
34879,train,False
34880,train,False
34881,train,False
34882,validation,False
34883,train,True
34884,validation,False
34885,train,False
34886,train,True
34887,train,False
34888,train,False
34889,train,True
34890,train,True
34891,train,True
34892,train,False
34893,train,True
34894,test,False
34895,train,True
34896,test,False
34897,train,False
34898,test,False
34899,train,True
34900,train,False
34901,validation,False
34902,train,True
34903,train,True
34904,train,True
34905,train,True
34906,train,False
34907,test,False
34908,validation,False
34909,validation,False
34910,test,False
34911,train,True
34912,validation,False
34913,train,False
34914,train,True
34915,test,False
34916,test,False
34917,train,False
34918,train,True
34919,validation,False
34920,train,True
34921,train,False
34922,validation,False
34923,train,True
34924,validation,False
34925,train,True
34926,train,True
34927,train,True
34928,train,True
34929,train,True
34930,train,True
34931,train,False
34932,validation,False
34933,validation,False
34934,validation,False
34935,train,False
34936,train,True
34937,train,False
34938,validation,False
34939,train,True
34940,train,True
34941,test,False
34942,train,False
34943,train,False
34944,train,True
34945,train,False
34946,validation,False
34947,validation,False
34948,test,False
34949,train,True
34950,validation,False
34951,validation,False
34952,train,False
34953,train,False
34954,validation,False
34955,validation,False
34956,validation,False
34957,train,False
34958,test,False
34959,test,False
34960,validation,False
34961,train,True
34962,train,True
34963,train,True
34964,train,True
34965,train,False
34966,train,True
34967,train,True
34968,train,False
34969,train,False
34970,test,False
34971,validation,False
34972,train,False
34973,validation,False
34974,test,False
34975,train,False
34976,test,False
34977,validation,False
34978,train,False
34979,test,False
34980,train,False
34981,train,False
34982,validation,False
34983,train,False
34984,validation,False
34985,train,False
34986,train,True
34987,train,False
34988,train,False
34989,train,False
34990,train,False
34991,train,True
34992,test,False
34993,validation,False
34994,test,False
34995,train,True
34996,train,True
34997,train,True
34998,train,True
34999,train,True
35000,train,False
35001,test,False
35002,train,True
35003,validation,False
35004,train,False
35005,validation,False
35006,validation,False
35007,validation,False
35008,train,True
35009,validation,False
35010,train,True
35011,validation,False
35012,test,False
35013,train,True
35014,train,False
35015,validation,False
35016,train,False
35017,train,True
35018,validation,False
35019,validation,False
35020,validation,False
35021,train,True
35022,test,False
35023,test,False
35024,train,False
35025,train,False
35026,train,True
35027,train,True
35028,train,True
35029,train,True
35030,train,False
35031,train,False
35032,validation,False
35033,validation,False
35034,validation,False
35035,validation,False
35036,validation,False
35037,train,False
35038,test,False
35039,train,True
35040,train,True
35041,train,True
35042,train,False
35043,train,False
35044,train,True
35045,train,False
35046,train,True
35047,test,False
35048,train,True
35049,test,False
35050,train,True
35051,train,True
35052,train,False
35053,train,True
35054,train,True
35055,train,True
35056,train,False
35057,train,True
35058,validation,False
35059,train,True
35060,train,False
35061,train,True
35062,validation,False
35063,train,False
35064,train,True
35065,test,False
35066,train,True
35067,train,True
35068,train,True
35069,train,True
35070,train,True
35071,test,False
35072,validation,False
35073,train,True
35074,train,True
35075,test,False
35076,test,False
35077,train,False
35078,train,True
35079,train,False
35080,train,True
35081,train,False
35082,train,True
35083,train,False
35084,validation,False
35085,test,False
35086,validation,False
35087,train,True
35088,validation,False
35089,train,False
35090,train,True
35091,validation,False
35092,test,False
35093,train,True
35094,train,False
35095,train,True
35096,train,True
35097,train,True
35098,test,False
35099,train,True
35100,train,True
35101,validation,False
35102,validation,False
35103,test,False
35104,train,False
35105,test,False
35106,train,True
35107,train,False
35108,train,False
35109,train,True
35110,validation,False
35111,validation,False
35112,validation,False
35113,test,False
35114,train,False
35115,test,False
35116,validation,False
35117,validation,False
35118,train,False
35119,test,False
35120,train,True
35121,validation,False
35122,validation,False
35123,train,True
35124,train,False
35125,validation,False
35126,train,True
35127,train,False
35128,validation,False
35129,test,False
35130,train,True
35131,train,False
35132,test,False
35133,validation,False
35134,train,False
35135,train,True
35136,validation,False
35137,train,True
35138,validation,False
35139,test,False
35140,validation,False
35141,test,False
35142,train,False
35143,train,True
35144,train,True
35145,train,True
35146,train,False
35147,test,False
35148,train,True
35149,train,True
35150,validation,False
35151,train,True
35152,train,False
35153,train,True
35154,train,True
35155,train,True
35156,train,False
35157,train,True
35158,test,False
35159,train,True
35160,train,True
35161,test,False
35162,train,True
35163,train,True
35164,validation,False
35165,validation,False
35166,validation,False
35167,train,True
35168,train,False
35169,train,False
35170,validation,False
35171,train,True
35172,test,False
35173,train,True
35174,train,True
35175,validation,False
35176,validation,False
35177,train,False
35178,train,True
35179,validation,False
35180,train,True
35181,test,False
35182,test,False
35183,train,True
35184,validation,False
35185,validation,False
35186,test,False
35187,test,False
35188,train,False
35189,train,False
35190,validation,False
35191,train,True
35192,train,True
35193,train,True
35194,test,False
35195,test,False
35196,validation,False
35197,validation,False
35198,train,False
35199,train,True
35200,test,False
35201,validation,False
35202,validation,False
35203,train,True
35204,validation,False
35205,train,True
35206,train,True
35207,train,False
35208,train,True
35209,train,True
35210,validation,False
35211,test,False
35212,test,False
35213,train,True
35214,train,False
35215,test,False
35216,train,True
35217,train,True
35218,train,True
35219,test,False
35220,validation,False
35221,train,False
35222,train,True
35223,train,True
35224,test,False
35225,train,True
35226,train,False
35227,validation,False
35228,validation,False
35229,train,True
35230,validation,False
35231,train,True
35232,test,False
35233,validation,False
35234,validation,False
35235,train,True
35236,test,False
35237,train,False
35238,train,False
35239,train,True
35240,train,True
35241,test,False
35242,test,False
35243,train,True
35244,test,False
35245,train,True
35246,train,True
35247,train,True
35248,train,False
35249,test,False
35250,train,True
35251,train,True
35252,train,True
35253,validation,False
35254,train,True
35255,test,False
35256,train,False
35257,validation,False
35258,validation,False
35259,train,True
35260,train,True
35261,train,False
35262,train,True
35263,train,True
35264,train,True
35265,train,True
35266,train,True
35267,train,False
35268,train,True
35269,train,True
35270,train,True
35271,test,False
35272,train,True
35273,validation,False
35274,test,False
35275,train,True
35276,train,False
35277,train,True
35278,test,False
35279,validation,False
35280,train,True
35281,test,False
35282,train,True
35283,train,True
35284,train,False
35285,train,True
35286,train,True
35287,test,False
35288,validation,False
35289,train,True
35290,validation,False
35291,train,False
35292,train,True
35293,train,False
35294,validation,False
35295,train,False
35296,train,True
35297,train,False
35298,train,False
35299,test,False
35300,validation,False
35301,train,True
35302,train,True
35303,train,True
35304,test,False
35305,train,True
35306,train,True
35307,validation,False
35308,train,True
35309,train,True
35310,train,False
35311,test,False
35312,test,False
35313,train,True
35314,train,True
35315,train,True
35316,train,False
35317,validation,False
35318,validation,False
35319,test,False
35320,train,False
35321,train,True
35322,test,False
35323,validation,False
35324,train,True
35325,train,True
35326,train,True
35327,train,True
35328,test,False
35329,train,True
35330,test,False
35331,test,False
35332,train,True
35333,validation,False
35334,validation,False
35335,train,True
35336,validation,False
35337,validation,False
35338,test,False
35339,train,False
35340,validation,False
35341,validation,False
35342,train,True
35343,train,True
35344,train,True
35345,train,False
35346,validation,False
35347,train,True
35348,train,True
35349,train,False
35350,train,True
35351,train,True
35352,train,True
35353,train,True
35354,train,True
35355,test,False
35356,train,True
35357,validation,False
35358,validation,False
35359,validation,False
35360,validation,False
35361,validation,False
35362,test,False
35363,train,False
35364,validation,False
35365,train,True
35366,validation,False
35367,test,False
35368,train,True
35369,validation,False
35370,validation,False
35371,validation,False
35372,validation,False
35373,train,False
35374,train,True
35375,test,False
35376,train,True
35377,train,False
35378,train,True
35379,train,True
35380,train,True
35381,train,True
35382,train,False
35383,train,True
35384,train,False
35385,validation,False
35386,train,True
35387,train,False
35388,validation,False
35389,test,False
35390,train,True
35391,validation,False
35392,validation,False
35393,validation,False
35394,train,True
35395,train,True
35396,test,False
35397,train,True
35398,train,True
35399,validation,False
35400,train,True
35401,train,True
35402,train,True
35403,validation,False
35404,train,False
35405,train,True
35406,train,True
35407,test,False
35408,train,True
35409,train,False
35410,validation,False
35411,test,False
35412,validation,False
35413,train,False
35414,train,True
35415,train,True
35416,train,True
35417,train,False
35418,train,False
35419,train,False
35420,validation,False
35421,train,True
35422,train,False
35423,train,True
35424,test,False
35425,test,False
35426,test,False
35427,train,True
35428,test,False
35429,train,False
35430,test,False
35431,test,False
35432,train,True
35433,validation,False
35434,test,False
35435,validation,False
35436,validation,False
35437,train,True
35438,train,True
35439,validation,False
35440,train,False
35441,validation,False
35442,train,True
35443,test,False
35444,test,False
35445,train,False
35446,train,True
35447,train,True
35448,train,True
35449,train,True
35450,train,True
35451,train,True
35452,train,True
35453,train,True
35454,train,True
35455,train,True
35456,validation,False
35457,validation,False
35458,validation,False
35459,train,False
35460,validation,False
35461,test,False
35462,test,False
35463,test,False
35464,train,True
35465,test,False
35466,train,True
35467,test,False
35468,train,True
35469,validation,False
35470,train,True
35471,validation,False
35472,train,True
35473,validation,False
35474,validation,False
35475,validation,False
35476,train,True
35477,test,False
35478,train,True
35479,train,True
35480,test,False
35481,train,False
35482,train,True
35483,train,True
35484,validation,False
35485,train,True
35486,validation,False
35487,train,False
35488,test,False
35489,test,False
35490,train,False
35491,validation,False
35492,validation,False
35493,train,True
35494,train,True
35495,train,True
35496,train,False
35497,train,True
35498,validation,False
35499,test,False
35500,test,False
35501,train,False
35502,test,False
35503,validation,False
35504,train,True
35505,validation,False
35506,validation,False
35507,validation,False
35508,train,True
35509,train,False
35510,train,False
35511,validation,False
35512,train,False
35513,test,False
35514,train,True
35515,train,False
35516,train,True
35517,train,True
35518,train,True
35519,test,False
35520,train,False
35521,train,True
35522,train,True
35523,test,False
35524,test,False
35525,train,True
35526,validation,False
35527,validation,False
35528,test,False
35529,validation,False
35530,train,False
35531,train,False
35532,train,False
35533,test,False
35534,train,False
35535,train,True
35536,train,True
35537,train,False
35538,test,False
35539,train,True
35540,train,True
35541,train,True
35542,train,False
35543,train,False
35544,validation,False
35545,train,False
35546,train,False
35547,validation,False
35548,train,True
35549,train,True
35550,train,True
35551,validation,False
35552,test,False
35553,train,True
35554,train,True
35555,test,False
35556,train,False
35557,validation,False
35558,train,False
35559,test,False
35560,test,False
35561,test,False
35562,train,True
35563,train,True
35564,test,False
35565,validation,False
35566,train,False
35567,train,True
35568,validation,False
35569,test,False
35570,train,True
35571,train,False
35572,validation,False
35573,validation,False
35574,test,False
35575,test,False
35576,validation,False
35577,test,False
35578,train,True
35579,train,True
35580,train,True
35581,validation,False
35582,test,False
35583,test,False
35584,validation,False
35585,test,False
35586,train,True
35587,validation,False
35588,train,True
35589,train,False
35590,validation,False
35591,train,True
35592,validation,False
35593,train,False
35594,train,True
35595,train,True
35596,train,True
35597,train,False
35598,train,True
35599,train,True
35600,train,False
35601,test,False
35602,train,True
35603,test,False
35604,validation,False
35605,train,False
35606,train,True
35607,train,True
35608,train,True
35609,train,True
35610,train,False
35611,train,True
35612,test,False
35613,train,True
35614,train,False
35615,train,True
35616,train,True
35617,validation,False
35618,train,True
35619,train,True
35620,train,True
35621,train,False
35622,train,False
35623,test,False
35624,train,False
35625,train,True
35626,test,False
35627,train,True
35628,validation,False
35629,test,False
35630,train,True
35631,test,False
35632,train,True
35633,train,True
35634,validation,False
35635,train,True
35636,train,False
35637,train,True
35638,test,False
35639,validation,False
35640,train,True
35641,test,False
35642,validation,False
35643,validation,False
35644,train,True
35645,train,False
35646,train,True
35647,validation,False
35648,train,True
35649,validation,False
35650,train,True
35651,train,True
35652,validation,False
35653,train,True
35654,test,False
35655,train,True
35656,train,True
35657,train,False
35658,test,False
35659,test,False
35660,train,True
35661,train,False
35662,test,False
35663,train,False
35664,validation,False
35665,train,True
35666,validation,False
35667,test,False
35668,validation,False
35669,train,False
35670,validation,False
35671,train,True
35672,train,False
35673,train,True
35674,train,True
35675,train,False
35676,train,True
35677,train,True
35678,train,True
35679,train,False
35680,test,False
35681,train,False
35682,test,False
35683,test,False
35684,train,True
35685,validation,False
35686,train,True
35687,test,False
35688,test,False
35689,validation,False
35690,train,False
35691,train,True
35692,train,True
35693,test,False
35694,train,False
35695,train,False
35696,train,False
35697,validation,False
35698,validation,False
35699,train,True
35700,train,True
35701,validation,False
35702,validation,False
35703,validation,False
35704,train,True
35705,train,False
35706,train,False
35707,train,True
35708,train,False
35709,train,True
35710,train,True
35711,train,True
35712,validation,False
35713,train,True
35714,validation,False
35715,train,True
35716,train,True
35717,test,False
35718,validation,False
35719,train,False
35720,train,True
35721,test,False
35722,validation,False
35723,train,True
35724,validation,False
35725,train,True
35726,validation,False
35727,train,False
35728,validation,False
35729,test,False
35730,train,True
35731,validation,False
35732,train,True
35733,train,True
35734,train,True
35735,train,True
35736,validation,False
35737,train,True
35738,train,True
35739,test,False
35740,train,False
35741,train,False
35742,train,True
35743,validation,False
35744,train,True
35745,train,True
35746,validation,False
35747,validation,False
35748,validation,False
35749,test,False
35750,train,False
35751,train,True
35752,train,False
35753,train,False
35754,validation,False
35755,test,False
35756,train,True
35757,train,True
35758,test,False
35759,test,False
35760,train,True
35761,validation,False
35762,validation,False
35763,validation,False
35764,validation,False
35765,train,True
35766,train,True
35767,train,False
35768,validation,False
35769,train,True
35770,train,True
35771,validation,False
35772,train,True
35773,validation,False
35774,train,True
35775,train,False
35776,train,False
35777,train,False
35778,test,False
35779,train,True
35780,train,False
35781,train,True
35782,train,True
35783,test,False
35784,train,True
35785,train,True
35786,train,True
35787,train,False
35788,validation,False
35789,train,False
35790,train,True
35791,validation,False
35792,validation,False
35793,train,True
35794,train,False
35795,train,True
35796,train,False
35797,train,True
35798,validation,False
35799,train,True
35800,train,True
35801,validation,False
35802,train,False
35803,train,False
35804,train,False
35805,validation,False
35806,train,False
35807,test,False
35808,test,False
35809,validation,False
35810,test,False
35811,test,False
35812,train,True
35813,train,True
35814,test,False
35815,train,True
35816,train,True
35817,train,True
35818,train,False
35819,test,False
35820,validation,False
35821,train,False
35822,train,False
35823,test,False
35824,validation,False
35825,train,False
35826,validation,False
35827,train,True
35828,train,False
35829,train,False
35830,test,False
35831,train,False
35832,train,False
35833,validation,False
35834,train,False
35835,test,False
35836,train,False
35837,train,False
35838,test,False
35839,validation,False
35840,train,True
35841,test,False
35842,validation,False
35843,train,True
35844,test,False
35845,test,False
35846,train,False
35847,train,True
35848,train,False
35849,train,True
35850,train,True
35851,test,False
35852,train,True
35853,train,True
35854,train,True
35855,validation,False
35856,validation,False
35857,train,True
35858,train,False
35859,test,False
35860,validation,False
35861,train,True
35862,test,False
35863,train,True
35864,train,True
35865,test,False
35866,train,True
35867,validation,False
35868,train,True
35869,train,True
35870,train,True
35871,test,False
35872,train,True
35873,train,True
35874,test,False
35875,train,False
35876,train,True
35877,test,False
35878,test,False
35879,train,True
35880,train,False
35881,train,True
35882,train,True
35883,validation,False
35884,train,True
35885,train,False
35886,train,True
35887,train,True
35888,train,False
35889,train,True
35890,train,True
35891,validation,False
35892,train,True
35893,train,True
35894,train,False
35895,train,False
35896,validation,False
35897,validation,False
35898,test,False
35899,train,False
35900,test,False
35901,train,True
35902,train,True
35903,train,False
35904,train,True
35905,test,False
35906,train,False
35907,train,True
35908,train,True
35909,validation,False
35910,test,False
35911,train,False
35912,train,False
35913,train,False
35914,train,False
35915,train,True
35916,test,False
35917,train,False
35918,validation,False
35919,train,False
35920,train,True
35921,train,True
35922,train,True
35923,train,False
35924,train,True
35925,validation,False
35926,train,True
35927,train,True
35928,train,False
35929,train,True
35930,validation,False
35931,validation,False
35932,train,True
35933,validation,False
35934,validation,False
35935,train,True
35936,train,True
35937,test,False
35938,train,False
35939,train,True
35940,train,True
35941,train,True
35942,test,False
35943,test,False
35944,validation,False
35945,train,True
35946,train,True
35947,test,False
35948,test,False
35949,train,True
35950,train,True
35951,train,True
35952,train,True
35953,train,True
35954,validation,False
35955,validation,False
35956,validation,False
35957,train,True
35958,validation,False
35959,test,False
35960,train,True
35961,train,False
35962,test,False
35963,test,False
35964,train,False
35965,test,False
35966,train,True
35967,train,False
35968,test,False
35969,test,False
35970,train,True
35971,validation,False
35972,train,False
35973,train,True
35974,validation,False
35975,train,False
35976,validation,False
35977,validation,False
35978,test,False
35979,train,True
35980,train,False
35981,test,False
35982,validation,False
35983,train,True
35984,validation,False
35985,train,True
35986,train,False
35987,train,False
35988,train,True
35989,test,False
35990,train,True
35991,train,True
35992,test,False
35993,train,True
35994,train,True
35995,test,False
35996,test,False
35997,validation,False
35998,validation,False
35999,test,False
36000,train,False
36001,train,False
36002,train,True
36003,train,False
36004,train,True
36005,train,True
36006,train,False
36007,test,False
36008,test,False
36009,test,False
36010,validation,False
36011,validation,False
36012,train,True
36013,test,False
36014,train,True
36015,test,False
36016,test,False
36017,test,False
36018,test,False
36019,test,False
36020,validation,False
36021,train,False
36022,train,False
36023,train,False
36024,train,True
36025,train,True
36026,test,False
36027,validation,False
36028,train,True
36029,train,True
36030,test,False
36031,train,False
36032,validation,False
36033,train,True
36034,train,True
36035,train,True
36036,train,False
36037,test,False
36038,test,False
36039,test,False
36040,validation,False
36041,train,True
36042,test,False
36043,train,False
36044,train,True
36045,validation,False
36046,validation,False
36047,train,True
36048,validation,False
36049,validation,False
36050,test,False
36051,validation,False
36052,validation,False
36053,train,True
36054,validation,False
36055,validation,False
36056,validation,False
36057,train,True
36058,train,False
36059,train,True
36060,test,False
36061,validation,False
36062,train,True
36063,train,True
36064,test,False
36065,validation,False
36066,train,True
36067,train,True
36068,train,False
36069,test,False
36070,test,False
36071,train,True
36072,test,False
36073,train,False
36074,validation,False
36075,train,False
36076,train,False
36077,train,True
36078,test,False
36079,train,False
36080,test,False
36081,train,True
36082,train,True
36083,train,True
36084,test,False
36085,validation,False
36086,train,True
36087,validation,False
36088,test,False
36089,train,True
36090,validation,False
36091,validation,False
36092,train,True
36093,validation,False
36094,test,False
36095,train,True
36096,validation,False
36097,validation,False
36098,train,True
36099,train,True
36100,train,False
36101,validation,False
36102,train,True
36103,train,False
36104,train,False
36105,train,True
36106,train,False
36107,train,False
36108,train,True
36109,test,False
36110,validation,False
36111,train,True
36112,test,False
36113,validation,False
36114,test,False
36115,train,True
36116,train,True
36117,train,True
36118,train,True
36119,train,True
36120,train,False
36121,train,False
36122,train,False
36123,test,False
36124,train,False
36125,validation,False
36126,train,False
36127,test,False
36128,train,True
36129,test,False
36130,validation,False
36131,test,False
36132,train,True
36133,train,False
36134,validation,False
36135,train,True
36136,train,True
36137,train,False
36138,test,False
36139,validation,False
36140,train,False
36141,train,False
36142,train,True
36143,test,False
36144,train,True
36145,train,True
36146,train,False
36147,test,False
36148,test,False
36149,train,False
36150,validation,False
36151,train,False
36152,train,True
36153,validation,False
36154,test,False
36155,test,False
36156,validation,False
36157,train,True
36158,train,True
36159,train,False
36160,train,True
36161,test,False
36162,train,True
36163,validation,False
36164,train,True
36165,test,False
36166,train,True
36167,train,True
36168,train,False
36169,train,True
36170,test,False
36171,train,True
36172,train,True
36173,validation,False
36174,test,False
36175,validation,False
36176,train,False
36177,train,False
36178,train,True
36179,test,False
36180,train,True
36181,test,False
36182,test,False
36183,train,True
36184,test,False
36185,train,True
36186,test,False
36187,validation,False
36188,test,False
36189,train,False
36190,train,True
36191,train,True
36192,train,True
36193,train,True
36194,test,False
36195,train,True
36196,validation,False
36197,test,False
36198,train,False
36199,train,True
36200,train,True
36201,train,True
36202,train,False
36203,train,True
36204,validation,False
36205,train,True
36206,train,True
36207,train,True
36208,test,False
36209,train,True
36210,train,True
36211,test,False
36212,validation,False
36213,train,True
36214,validation,False
36215,train,False
36216,train,False
36217,test,False
36218,train,True
36219,test,False
36220,train,True
36221,train,True
36222,train,False
36223,test,False
36224,train,True
36225,train,True
36226,train,False
36227,train,False
36228,train,True
36229,train,True
36230,validation,False
36231,validation,False
36232,train,True
36233,train,False
36234,validation,False
36235,train,False
36236,test,False
36237,train,False
36238,test,False
36239,train,True
36240,train,True
36241,train,True
36242,test,False
36243,train,True
36244,validation,False
36245,train,True
36246,validation,False
36247,train,True
36248,train,True
36249,test,False
36250,test,False
36251,train,False
36252,train,False
36253,train,False
36254,train,True
36255,train,True
36256,train,True
36257,train,True
36258,test,False
36259,train,True
36260,test,False
36261,train,True
36262,test,False
36263,train,True
36264,train,True
36265,train,False
36266,validation,False
36267,train,False
36268,train,True
36269,train,True
36270,train,True
36271,train,True
36272,train,True
36273,validation,False
36274,train,True
36275,validation,False
36276,train,False
36277,validation,False
36278,train,True
36279,train,True
36280,test,False
36281,test,False
36282,train,True
36283,train,True
36284,train,True
36285,train,False
36286,train,False
36287,train,True
36288,train,False
36289,train,True
36290,test,False
36291,train,False
36292,train,True
36293,train,True
36294,train,True
36295,train,False
36296,train,True
36297,train,True
36298,train,True
36299,validation,False
36300,validation,False
36301,test,False
36302,train,True
36303,train,True
36304,train,False
36305,validation,False
36306,validation,False
36307,train,True
36308,train,True
36309,test,False
36310,train,False
36311,validation,False
36312,train,False
36313,test,False
36314,train,True
36315,validation,False
36316,train,False
36317,train,True
36318,train,True
36319,train,True
36320,train,True
36321,test,False
36322,validation,False
36323,validation,False
36324,train,True
36325,test,False
36326,train,True
36327,train,False
36328,train,True
36329,train,False
36330,train,False
36331,train,False
36332,validation,False
36333,train,False
36334,validation,False
36335,validation,False
36336,train,False
36337,validation,False
36338,train,True
36339,test,False
36340,train,True
36341,validation,False
36342,test,False
36343,train,True
36344,train,True
36345,validation,False
36346,validation,False
36347,train,True
36348,test,False
36349,train,True
36350,train,False
36351,train,False
36352,train,False
36353,train,True
36354,train,False
36355,test,False
36356,train,True
36357,test,False
36358,test,False
36359,train,True
36360,test,False
36361,train,True
36362,test,False
36363,validation,False
36364,train,False
36365,train,True
36366,train,True
36367,train,True
36368,train,True
36369,train,True
36370,train,True
36371,train,False
36372,train,True
36373,test,False
36374,test,False
36375,train,False
36376,train,True
36377,train,False
36378,test,False
36379,validation,False
36380,validation,False
36381,train,True
36382,test,False
36383,test,False
36384,train,False
36385,train,False
36386,train,False
36387,validation,False
36388,test,False
36389,validation,False
36390,train,True
36391,test,False
36392,validation,False
36393,train,True
36394,validation,False
36395,test,False
36396,train,True
36397,train,False
36398,train,True
36399,train,False
36400,train,False
36401,test,False
36402,train,False
36403,train,True
36404,validation,False
36405,test,False
36406,train,False
36407,validation,False
36408,validation,False
36409,train,False
36410,test,False
36411,train,True
36412,test,False
36413,test,False
36414,validation,False
36415,train,True
36416,validation,False
36417,test,False
36418,test,False
36419,validation,False
36420,train,False
36421,train,True
36422,train,False
36423,train,True
36424,train,True
36425,test,False
36426,train,True
36427,validation,False
36428,train,True
36429,validation,False
36430,train,False
36431,test,False
36432,train,False
36433,train,True
36434,train,False
36435,train,True
36436,validation,False
36437,train,False
36438,train,False
36439,validation,False
36440,validation,False
36441,test,False
36442,train,True
36443,validation,False
36444,validation,False
36445,validation,False
36446,train,True
36447,validation,False
36448,validation,False
36449,train,False
36450,train,False
36451,train,False
36452,train,False
36453,train,True
36454,train,False
36455,train,True
36456,train,True
36457,test,False
36458,train,False
36459,train,True
36460,train,False
36461,train,False
36462,test,False
36463,train,True
36464,train,True
36465,test,False
36466,train,True
36467,validation,False
36468,train,True
36469,train,False
36470,validation,False
36471,train,False
36472,train,True
36473,train,False
36474,validation,False
36475,train,True
36476,train,True
36477,validation,False
36478,validation,False
36479,test,False
36480,train,True
36481,train,True
36482,test,False
36483,test,False
36484,train,True
36485,test,False
36486,train,False
36487,validation,False
36488,train,True
36489,train,True
36490,test,False
36491,train,True
36492,test,False
36493,train,False
36494,train,True
36495,train,True
36496,test,False
36497,train,False
36498,validation,False
36499,test,False
36500,train,True
36501,train,True
36502,train,True
36503,train,True
36504,validation,False
36505,train,True
36506,validation,False
36507,train,True
36508,train,True
36509,validation,False
36510,test,False
36511,train,True
36512,train,True
36513,train,True
36514,test,False
36515,test,False
36516,train,True
36517,test,False
36518,train,True
36519,train,True
36520,train,True
36521,train,False
36522,test,False
36523,train,False
36524,train,False
36525,train,True
36526,validation,False
36527,train,False
36528,train,False
36529,train,True
36530,train,False
36531,train,False
36532,train,True
36533,train,True
36534,test,False
36535,train,True
36536,train,True
36537,test,False
36538,train,True
36539,train,True
36540,validation,False
36541,train,True
36542,train,True
36543,train,True
36544,train,False
36545,validation,False
36546,train,False
36547,train,True
36548,train,True
36549,train,False
36550,train,True
36551,test,False
36552,train,True
36553,train,False
36554,train,True
36555,train,False
36556,validation,False
36557,test,False
36558,train,True
36559,train,True
36560,validation,False
36561,train,True
36562,validation,False
36563,train,False
36564,test,False
36565,test,False
36566,validation,False
36567,test,False
36568,train,True
36569,validation,False
36570,test,False
36571,train,True
36572,train,True
36573,train,True
36574,test,False
36575,train,True
36576,test,False
36577,train,True
36578,test,False
36579,train,True
36580,validation,False
36581,validation,False
36582,train,True
36583,test,False
36584,train,False
36585,test,False
36586,train,True
36587,test,False
36588,train,False
36589,train,False
36590,train,True
36591,train,True
36592,train,True
36593,train,False
36594,train,True
36595,test,False
36596,test,False
36597,train,False
36598,train,False
36599,train,False
36600,train,False
36601,train,True
36602,train,False
36603,train,False
36604,validation,False
36605,validation,False
36606,train,False
36607,train,True
36608,validation,False
36609,train,False
36610,test,False
36611,train,True
36612,train,True
36613,train,True
36614,train,False
36615,train,True
36616,test,False
36617,validation,False
36618,train,False
36619,validation,False
36620,train,True
36621,test,False
36622,train,True
36623,train,True
36624,train,True
36625,train,True
36626,train,True
36627,train,True
36628,train,True
36629,train,True
36630,train,False
36631,train,False
36632,train,True
36633,validation,False
36634,train,True
36635,train,False
36636,validation,False
36637,train,True
36638,test,False
36639,train,True
36640,train,False
36641,test,False
36642,test,False
36643,train,True
36644,train,True
36645,train,True
36646,train,True
36647,train,False
36648,train,False
36649,train,True
36650,train,True
36651,train,True
36652,train,False
36653,train,True
36654,train,True
36655,train,True
36656,test,False
36657,train,True
36658,train,True
36659,test,False
36660,train,True
36661,train,False
36662,train,True
36663,test,False
36664,validation,False
36665,validation,False
36666,train,False
36667,train,True
36668,validation,False
36669,train,False
36670,validation,False
36671,train,False
36672,validation,False
36673,train,False
36674,validation,False
36675,train,False
36676,train,True
36677,train,True
36678,train,False
36679,test,False
36680,train,True
36681,test,False
36682,train,True
36683,test,False
36684,train,False
36685,train,True
36686,train,True
36687,train,True
36688,train,True
36689,train,True
36690,train,True
36691,train,False
36692,train,True
36693,train,True
36694,train,False
36695,validation,False
36696,test,False
36697,train,False
36698,test,False
36699,train,True
36700,train,True
36701,train,True
36702,train,False
36703,test,False
36704,train,False
36705,test,False
36706,train,False
36707,train,False
36708,train,True
36709,test,False
36710,validation,False
36711,train,True
36712,train,False
36713,train,True
36714,validation,False
36715,test,False
36716,test,False
36717,test,False
36718,train,False
36719,train,False
36720,validation,False
36721,validation,False
36722,train,True
36723,train,False
36724,test,False
36725,train,True
36726,validation,False
36727,train,True
36728,validation,False
36729,train,True
36730,test,False
36731,train,False
36732,validation,False
36733,train,True
36734,test,False
36735,train,True
36736,train,True
36737,train,True
36738,train,False
36739,train,True
36740,train,True
36741,test,False
36742,train,False
36743,train,True
36744,validation,False
36745,train,False
36746,train,True
36747,test,False
36748,train,False
36749,train,True
36750,train,True
36751,train,False
36752,train,True
36753,test,False
36754,test,False
36755,train,True
36756,validation,False
36757,train,True
36758,train,True
36759,train,False
36760,validation,False
36761,train,True
36762,test,False
36763,test,False
36764,train,True
36765,validation,False
36766,train,True
36767,test,False
36768,train,True
36769,validation,False
36770,validation,False
36771,train,True
36772,validation,False
36773,train,True
36774,test,False
36775,train,True
36776,train,True
36777,test,False
36778,train,False
36779,train,True
36780,train,True
36781,train,False
36782,train,False
36783,test,False
36784,validation,False
36785,test,False
36786,test,False
36787,train,True
36788,validation,False
36789,train,False
36790,validation,False
36791,train,True
36792,train,False
36793,train,False
36794,validation,False
36795,train,False
36796,test,False
36797,validation,False
36798,train,False
36799,test,False
36800,validation,False
36801,train,True
36802,train,True
36803,train,True
36804,validation,False
36805,train,True
36806,train,True
36807,train,False
36808,train,False
36809,validation,False
36810,test,False
36811,test,False
36812,train,True
36813,train,True
36814,test,False
36815,validation,False
36816,train,False
36817,train,True
36818,test,False
36819,test,False
36820,train,True
36821,train,True
36822,test,False
36823,validation,False
36824,test,False
36825,validation,False
36826,validation,False
36827,train,False
36828,test,False
36829,validation,False
36830,train,True
36831,validation,False
36832,validation,False
36833,train,True
36834,train,True
36835,test,False
36836,train,False
36837,train,False
36838,train,False
36839,train,True
36840,train,True
36841,train,False
36842,validation,False
36843,train,False
36844,validation,False
36845,train,False
36846,train,True
36847,validation,False
36848,validation,False
36849,train,True
36850,validation,False
36851,validation,False
36852,test,False
36853,test,False
36854,test,False
36855,train,True
36856,train,False
36857,train,False
36858,train,True
36859,train,False
36860,train,False
36861,test,False
36862,validation,False
36863,test,False
36864,validation,False
36865,validation,False
36866,train,True
36867,train,True
36868,train,False
36869,test,False
36870,test,False
36871,train,False
36872,test,False
36873,train,False
36874,train,True
36875,train,False
36876,train,False
36877,train,True
36878,validation,False
36879,train,True
36880,test,False
36881,test,False
36882,train,True
36883,train,False
36884,validation,False
36885,test,False
36886,test,False
36887,train,False
36888,test,False
36889,train,True
36890,train,False
36891,test,False
36892,train,True
36893,train,True
36894,train,False
36895,train,True
36896,train,False
36897,test,False
36898,train,True
36899,train,True
36900,test,False
36901,train,True
36902,train,True
36903,test,False
36904,test,False
36905,train,False
36906,train,True
36907,test,False
36908,validation,False
36909,validation,False
36910,test,False
36911,test,False
36912,test,False
36913,validation,False
36914,train,True
36915,validation,False
36916,validation,False
36917,train,True
36918,train,True
36919,train,True
36920,validation,False
36921,validation,False
36922,train,False
36923,validation,False
36924,validation,False
36925,train,True
36926,train,False
36927,validation,False
36928,validation,False
36929,train,False
36930,train,True
36931,train,True
36932,train,False
36933,train,False
36934,train,True
36935,train,True
36936,train,False
36937,train,False
36938,train,False
36939,train,True
36940,validation,False
36941,train,False
36942,validation,False
36943,train,True
36944,train,True
36945,train,True
36946,validation,False
36947,test,False
36948,validation,False
36949,train,True
36950,train,True
36951,test,False
36952,validation,False
36953,train,False
36954,train,True
36955,train,True
36956,train,True
36957,validation,False
36958,test,False
36959,train,False
36960,train,False
36961,validation,False
36962,train,True
36963,train,True
36964,test,False
36965,train,False
36966,test,False
36967,train,False
36968,train,True
36969,train,True
36970,validation,False
36971,test,False
36972,train,True
36973,train,True
36974,train,True
36975,train,True
36976,train,True
36977,test,False
36978,validation,False
36979,test,False
36980,train,True
36981,train,True
36982,test,False
36983,train,True
36984,train,True
36985,validation,False
36986,test,False
36987,train,True
36988,train,True
36989,train,False
36990,train,False
36991,validation,False
36992,validation,False
36993,train,True
36994,validation,False
36995,train,True
36996,test,False
36997,test,False
36998,validation,False
36999,test,False
37000,validation,False
37001,train,False
37002,test,False
37003,test,False
37004,train,True
37005,test,False
37006,train,True
37007,train,True
37008,train,False
37009,test,False
37010,train,True
37011,validation,False
37012,validation,False
37013,train,False
37014,train,True
37015,test,False
37016,validation,False
37017,train,False
37018,test,False
37019,train,True
37020,validation,False
37021,train,False
37022,test,False
37023,train,True
37024,train,True
37025,train,False
37026,train,True
37027,train,True
37028,train,True
37029,train,True
37030,validation,False
37031,train,True
37032,train,True
37033,test,False
37034,validation,False
37035,train,False
37036,test,False
37037,train,False
37038,train,True
37039,train,True
37040,validation,False
37041,test,False
37042,validation,False
37043,train,True
37044,train,True
37045,train,True
37046,train,True
37047,test,False
37048,validation,False
37049,train,True
37050,validation,False
37051,train,False
37052,validation,False
37053,train,False
37054,train,False
37055,train,True
37056,train,False
37057,train,False
37058,validation,False
37059,train,True
37060,test,False
37061,validation,False
37062,train,False
37063,test,False
37064,validation,False
37065,train,False
37066,train,True
37067,test,False
37068,train,False
37069,test,False
37070,train,True
37071,test,False
37072,validation,False
37073,train,True
37074,train,True
37075,train,False
37076,train,True
37077,test,False
37078,test,False
37079,train,True
37080,train,False
37081,train,False
37082,validation,False
37083,train,False
37084,train,True
37085,train,True
37086,train,True
37087,train,True
37088,train,False
37089,train,True
37090,train,True
37091,validation,False
37092,train,True
37093,train,True
37094,test,False
37095,train,True
37096,train,False
37097,test,False
37098,train,True
37099,validation,False
37100,train,False
37101,train,False
37102,train,True
37103,test,False
37104,validation,False
37105,train,True
37106,test,False
37107,validation,False
37108,train,False
37109,train,True
37110,validation,False
37111,test,False
37112,train,True
37113,validation,False
37114,train,True
37115,test,False
37116,validation,False
37117,test,False
37118,train,True
37119,test,False
37120,test,False
37121,validation,False
37122,test,False
37123,train,True
37124,train,True
37125,test,False
37126,train,False
37127,train,True
37128,train,True
37129,train,True
37130,train,True
37131,train,False
37132,validation,False
37133,train,False
37134,test,False
37135,train,True
37136,validation,False
37137,train,True
37138,train,True
37139,validation,False
37140,train,True
37141,validation,False
37142,test,False
37143,train,False
37144,train,True
37145,train,False
37146,train,True
37147,train,True
37148,train,False
37149,validation,False
37150,train,True
37151,train,False
37152,train,True
37153,train,True
37154,train,True
37155,train,True
37156,train,True
37157,train,True
37158,train,False
37159,validation,False
37160,test,False
37161,train,True
37162,train,True
37163,validation,False
37164,train,True
37165,test,False
37166,validation,False
37167,train,False
37168,validation,False
37169,train,True
37170,train,False
37171,train,False
37172,train,True
37173,test,False
37174,train,False
37175,test,False
37176,validation,False
37177,train,False
37178,test,False
37179,train,True
37180,train,True
37181,train,True
37182,train,False
37183,test,False
37184,test,False
37185,train,True
37186,train,True
37187,train,True
37188,train,False
37189,train,True
37190,train,True
37191,test,False
37192,validation,False
37193,test,False
37194,train,False
37195,train,True
37196,train,True
37197,train,True
37198,train,False
37199,test,False
37200,train,True
37201,train,False
37202,train,True
37203,train,True
37204,train,True
37205,validation,False
37206,train,False
37207,train,False
37208,train,True
37209,train,True
37210,train,False
37211,test,False
37212,validation,False
37213,validation,False
37214,train,True
37215,test,False
37216,test,False
37217,train,True
37218,train,True
37219,train,True
37220,test,False
37221,train,False
37222,train,False
37223,train,True
37224,train,True
37225,train,False
37226,train,True
37227,train,False
37228,test,False
37229,validation,False
37230,validation,False
37231,validation,False
37232,validation,False
37233,test,False
37234,train,False
37235,train,False
37236,train,True
37237,test,False
37238,validation,False
37239,train,True
37240,validation,False
37241,validation,False
37242,validation,False
37243,train,False
37244,train,False
37245,train,False
37246,train,True
37247,test,False
37248,train,True
37249,train,False
37250,train,True
37251,train,True
37252,train,False
37253,test,False
37254,train,False
37255,train,True
37256,validation,False
37257,train,True
37258,test,False
37259,train,True
37260,train,True
37261,test,False
37262,train,False
37263,train,False
37264,validation,False
37265,train,True
37266,test,False
37267,train,True
37268,train,False
37269,validation,False
37270,train,True
37271,test,False
37272,train,True
37273,train,True
37274,test,False
37275,train,False
37276,train,True
37277,test,False
37278,train,True
37279,train,False
37280,train,False
37281,test,False
37282,train,False
37283,train,True
37284,train,False
37285,train,True
37286,train,True
37287,train,False
37288,test,False
37289,train,False
37290,train,False
37291,train,False
37292,test,False
37293,train,False
37294,validation,False
37295,train,True
37296,validation,False
37297,train,True
37298,train,True
37299,train,True
37300,train,True
37301,validation,False
37302,train,False
37303,train,True
37304,train,True
37305,train,True
37306,train,True
37307,validation,False
37308,train,True
37309,validation,False
37310,train,True
37311,test,False
37312,train,True
37313,validation,False
37314,train,False
37315,train,False
37316,train,True
37317,test,False
37318,train,True
37319,test,False
37320,train,True
37321,validation,False
37322,train,True
37323,validation,False
37324,train,True
37325,train,True
37326,train,False
37327,train,False
37328,validation,False
37329,train,True
37330,test,False
37331,validation,False
37332,train,False
37333,validation,False
37334,train,True
37335,train,True
37336,validation,False
37337,train,True
37338,train,False
37339,train,True
37340,train,True
37341,validation,False
37342,train,True
37343,validation,False
37344,validation,False
37345,validation,False
37346,train,True
37347,train,True
37348,validation,False
37349,train,True
37350,train,True
37351,train,True
37352,train,True
37353,train,True
37354,train,True
37355,train,True
37356,train,True
37357,train,True
37358,train,False
37359,test,False
37360,train,False
37361,train,False
37362,train,True
37363,validation,False
37364,train,False
37365,train,True
37366,validation,False
37367,validation,False
37368,validation,False
37369,train,True
37370,train,True
37371,train,False
37372,train,True
37373,train,False
37374,validation,False
37375,train,True
37376,test,False
37377,validation,False
37378,train,True
37379,train,True
37380,train,True
37381,train,True
37382,validation,False
37383,train,False
37384,train,True
37385,train,False
37386,train,True
37387,train,False
37388,test,False
37389,train,True
37390,train,True
37391,train,False
37392,train,True
37393,train,True
37394,validation,False
37395,train,True
37396,test,False
37397,train,True
37398,train,True
37399,test,False
37400,train,False
37401,train,True
37402,train,False
37403,validation,False
37404,validation,False
37405,train,True
37406,test,False
37407,train,True
37408,test,False
37409,train,True
37410,test,False
37411,train,False
37412,train,True
37413,train,False
37414,train,True
37415,test,False
37416,test,False
37417,test,False
37418,validation,False
37419,train,True
37420,train,True
37421,train,True
37422,test,False
37423,validation,False
37424,train,True
37425,validation,False
37426,validation,False
37427,train,False
37428,validation,False
37429,train,True
37430,test,False
37431,test,False
37432,test,False
37433,train,False
37434,validation,False
37435,train,True
37436,train,True
37437,train,True
37438,test,False
37439,train,True
37440,train,False
37441,test,False
37442,validation,False
37443,test,False
37444,train,True
37445,train,True
37446,train,True
37447,train,False
37448,train,True
37449,test,False
37450,train,True
37451,test,False
37452,validation,False
37453,train,False
37454,train,False
37455,validation,False
37456,test,False
37457,train,True
37458,test,False
37459,train,True
37460,validation,False
37461,test,False
37462,train,True
37463,train,False
37464,test,False
37465,train,False
37466,train,False
37467,validation,False
37468,train,True
37469,train,True
37470,train,False
37471,test,False
37472,train,False
37473,train,True
37474,validation,False
37475,test,False
37476,train,False
37477,validation,False
37478,validation,False
37479,test,False
37480,train,True
37481,validation,False
37482,train,True
37483,test,False
37484,train,True
37485,test,False
37486,train,False
37487,train,True
37488,train,True
37489,test,False
37490,test,False
37491,validation,False
37492,test,False
37493,test,False
37494,train,False
37495,test,False
37496,validation,False
37497,validation,False
37498,train,True
37499,train,True
37500,train,True
37501,validation,False
37502,validation,False
37503,test,False
37504,train,False
37505,train,True
37506,validation,False
37507,train,True
37508,train,True
37509,test,False
37510,train,True
37511,train,True
37512,train,True
37513,validation,False
37514,train,False
37515,train,False
37516,test,False
37517,test,False
37518,train,True
37519,test,False
37520,train,False
37521,test,False
37522,validation,False
37523,train,True
37524,test,False
37525,validation,False
37526,test,False
37527,validation,False
37528,train,True
37529,train,True
37530,test,False
37531,test,False
37532,train,True
37533,validation,False
37534,test,False
37535,test,False
37536,train,True
37537,test,False
37538,train,False
37539,test,False
37540,validation,False
37541,test,False
37542,validation,False
37543,validation,False
37544,train,False
37545,train,True
37546,validation,False
37547,train,False
37548,train,True
37549,train,False
37550,test,False
37551,train,True
37552,train,True
37553,validation,False
37554,validation,False
37555,train,True
37556,train,True
37557,test,False
37558,test,False
37559,train,True
37560,train,False
37561,train,True
37562,test,False
37563,train,True
37564,test,False
37565,test,False
37566,test,False
37567,test,False
37568,train,False
37569,test,False
37570,validation,False
37571,test,False
37572,train,False
37573,train,False
37574,validation,False
37575,train,False
37576,train,False
37577,train,True
37578,train,False
37579,validation,False
37580,train,False
37581,test,False
37582,test,False
37583,train,True
37584,test,False
37585,test,False
37586,train,False
37587,train,True
37588,test,False
37589,validation,False
37590,train,False
37591,validation,False
37592,test,False
37593,train,False
37594,train,False
37595,train,True
37596,train,False
37597,test,False
37598,test,False
37599,train,False
37600,train,False
37601,train,True
37602,train,False
37603,validation,False
37604,train,True
37605,train,True
37606,train,True
37607,test,False
37608,test,False
37609,train,True
37610,test,False
37611,validation,False
37612,train,False
37613,test,False
37614,test,False
37615,train,True
37616,test,False
37617,train,False
37618,validation,False
37619,train,True
37620,test,False
37621,train,True
37622,train,True
37623,test,False
37624,train,True
37625,train,True
37626,test,False
37627,validation,False
37628,train,True
37629,validation,False
37630,train,False
37631,train,True
37632,train,False
37633,train,True
37634,train,False
37635,train,False
37636,test,False
37637,train,True
37638,validation,False
37639,train,True
37640,train,True
37641,train,False
37642,train,True
37643,train,False
37644,train,True
37645,validation,False
37646,train,True
37647,test,False
37648,test,False
37649,validation,False
37650,train,False
37651,validation,False
37652,validation,False
37653,test,False
37654,train,False
37655,test,False
37656,train,True
37657,test,False
37658,validation,False
37659,validation,False
37660,test,False
37661,test,False
37662,train,True
37663,train,True
37664,train,True
37665,train,True
37666,test,False
37667,train,False
37668,validation,False
37669,train,True
37670,train,True
37671,train,True
37672,validation,False
37673,validation,False
37674,train,True
37675,train,True
37676,test,False
37677,train,True
37678,train,False
37679,train,True
37680,test,False
37681,test,False
37682,train,True
37683,train,True
37684,train,True
37685,train,True
37686,train,True
37687,train,True
37688,train,True
37689,validation,False
37690,train,False
37691,train,True
37692,train,False
37693,train,True
37694,train,True
37695,train,True
37696,train,True
37697,train,True
37698,train,True
37699,test,False
37700,validation,False
37701,test,False
37702,test,False
37703,train,True
37704,validation,False
37705,validation,False
37706,train,False
37707,train,False
37708,train,False
37709,train,False
37710,validation,False
37711,test,False
37712,validation,False
37713,train,True
37714,validation,False
37715,train,False
37716,test,False
37717,test,False
37718,test,False
37719,test,False
37720,train,True
37721,train,True
37722,train,False
37723,train,True
37724,validation,False
37725,train,True
37726,validation,False
37727,test,False
37728,train,True
37729,validation,False
37730,train,True
37731,validation,False
37732,train,False
37733,test,False
37734,train,True
37735,validation,False
37736,train,True
37737,validation,False
37738,test,False
37739,train,True
37740,validation,False
37741,train,False
37742,validation,False
37743,test,False
37744,validation,False
37745,test,False
37746,test,False
37747,train,True
37748,train,True
37749,train,True
37750,train,False
37751,validation,False
37752,train,True
37753,train,False
37754,test,False
37755,train,True
37756,train,True
37757,validation,False
37758,train,True
37759,train,True
37760,train,True
37761,train,True
37762,test,False
37763,test,False
37764,train,True
37765,test,False
37766,validation,False
37767,train,True
37768,validation,False
37769,validation,False
37770,train,False
37771,test,False
37772,train,True
37773,train,True
37774,train,True
37775,test,False
37776,test,False
37777,train,True
37778,train,True
37779,validation,False
37780,train,True
37781,train,False
37782,train,True
37783,test,False
37784,train,False
37785,validation,False
37786,train,True
37787,test,False
37788,validation,False
37789,validation,False
37790,validation,False
37791,test,False
37792,test,False
37793,train,True
37794,train,True
37795,train,True
37796,validation,False
37797,train,True
37798,train,True
37799,validation,False
37800,train,False
37801,train,True
37802,train,True
37803,train,True
37804,test,False
37805,train,True
37806,train,True
37807,train,False
37808,train,False
37809,train,False
37810,validation,False
37811,train,False
37812,train,True
37813,train,True
37814,train,True
37815,validation,False
37816,train,False
37817,test,False
37818,train,True
37819,train,False
37820,validation,False
37821,validation,False
37822,validation,False
37823,train,True
37824,validation,False
37825,train,False
37826,train,True
37827,test,False
37828,train,True
37829,train,True
37830,validation,False
37831,test,False
37832,train,True
37833,validation,False
37834,train,True
37835,train,False
37836,train,True
37837,train,True
37838,train,True
37839,train,True
37840,train,False
37841,train,True
37842,train,True
37843,train,True
37844,train,True
37845,validation,False
37846,train,False
37847,train,False
37848,train,True
37849,train,True
37850,test,False
37851,validation,False
37852,train,True
37853,train,True
37854,validation,False
37855,train,True
37856,test,False
37857,train,True
37858,train,True
37859,test,False
37860,validation,False
37861,train,False
37862,test,False
37863,train,False
37864,train,True
37865,train,True
37866,validation,False
37867,train,False
37868,train,True
37869,validation,False
37870,validation,False
37871,train,True
37872,train,False
37873,train,False
37874,train,True
37875,validation,False
37876,train,True
37877,train,False
37878,train,True
37879,validation,False
37880,validation,False
37881,train,True
37882,train,True
37883,train,True
37884,test,False
37885,train,True
37886,train,False
37887,train,True
37888,train,True
37889,validation,False
37890,train,False
37891,validation,False
37892,train,True
37893,test,False
37894,train,False
37895,train,True
37896,train,True
37897,test,False
37898,train,False
37899,train,True
37900,train,True
37901,validation,False
37902,train,True
37903,train,True
37904,test,False
37905,validation,False
37906,validation,False
37907,train,True
37908,validation,False
37909,validation,False
37910,train,True
37911,test,False
37912,train,True
37913,train,True
37914,validation,False
37915,train,True
37916,validation,False
37917,train,False
37918,train,True
37919,train,True
37920,train,False
37921,train,True
37922,test,False
37923,test,False
37924,train,False
37925,validation,False
37926,train,True
37927,train,False
37928,train,False
37929,train,True
37930,train,True
37931,validation,False
37932,train,True
37933,validation,False
37934,train,True
37935,train,True
37936,train,True
37937,train,True
37938,test,False
37939,validation,False
37940,train,True
37941,test,False
37942,train,True
37943,validation,False
37944,test,False
37945,validation,False
37946,train,True
37947,train,True
37948,train,True
37949,train,True
37950,test,False
37951,validation,False
37952,train,False
37953,train,True
37954,validation,False
37955,train,True
37956,train,True
37957,test,False
37958,test,False
37959,test,False
37960,train,False
37961,train,True
37962,train,False
37963,test,False
37964,train,True
37965,test,False
37966,test,False
37967,test,False
37968,train,False
37969,test,False
37970,train,True
37971,test,False
37972,train,True
37973,train,False
37974,train,True
37975,validation,False
37976,test,False
37977,train,True
37978,train,True
37979,train,False
37980,test,False
37981,test,False
37982,train,False
37983,train,False
37984,train,False
37985,train,True
37986,validation,False
37987,test,False
37988,train,False
37989,validation,False
37990,validation,False
37991,validation,False
37992,test,False
37993,train,True
37994,train,True
37995,test,False
37996,train,True
37997,train,True
37998,test,False
37999,validation,False
38000,test,False
38001,train,False
38002,train,True
38003,train,False
38004,test,False
38005,test,False
38006,test,False
38007,train,True
38008,train,True
38009,test,False
38010,validation,False
38011,validation,False
38012,train,True
38013,train,True
38014,test,False
38015,test,False
38016,validation,False
38017,validation,False
38018,train,False
38019,test,False
38020,train,True
38021,train,True
38022,test,False
38023,train,True
38024,train,True
38025,validation,False
38026,train,True
38027,train,False
38028,validation,False
38029,train,False
38030,validation,False
38031,train,True
38032,test,False
38033,validation,False
38034,train,False
38035,validation,False
38036,validation,False
38037,test,False
38038,train,True
38039,test,False
38040,train,True
38041,train,True
38042,train,True
38043,train,False
38044,validation,False
38045,train,True
38046,train,False
38047,test,False
38048,train,True
38049,train,False
38050,validation,False
38051,train,True
38052,train,False
38053,validation,False
38054,train,True
38055,validation,False
38056,train,False
38057,test,False
38058,validation,False
38059,validation,False
38060,train,True
38061,train,False
38062,test,False
38063,train,False
38064,train,True
38065,test,False
38066,train,False
38067,test,False
38068,train,True
38069,train,False
38070,test,False
38071,train,True
38072,validation,False
38073,train,True
38074,train,True
38075,validation,False
38076,train,True
38077,test,False
38078,test,False
38079,train,True
38080,test,False
38081,validation,False
38082,train,True
38083,validation,False
38084,train,True
38085,validation,False
38086,train,False
38087,train,False
38088,validation,False
38089,validation,False
38090,test,False
38091,validation,False
38092,test,False
38093,validation,False
38094,train,True
38095,train,True
38096,train,True
38097,train,True
38098,validation,False
38099,train,True
38100,validation,False
38101,test,False
38102,validation,False
38103,train,False
38104,train,True
38105,train,True
38106,train,True
38107,test,False
38108,train,True
38109,validation,False
38110,validation,False
38111,test,False
38112,train,True
38113,train,True
38114,test,False
38115,validation,False
38116,test,False
38117,train,True
38118,train,True
38119,train,True
38120,test,False
38121,train,True
38122,train,True
38123,train,True
38124,validation,False
38125,test,False
38126,test,False
38127,train,True
38128,train,True
38129,train,True
38130,train,True
38131,train,True
38132,train,True
38133,validation,False
38134,train,False
38135,test,False
38136,test,False
38137,test,False
38138,train,True
38139,train,True
38140,test,False
38141,validation,False
38142,train,False
38143,validation,False
38144,validation,False
38145,train,False
38146,validation,False
38147,test,False
38148,train,True
38149,train,False
38150,train,True
38151,train,True
38152,train,True
38153,train,False
38154,validation,False
38155,train,True
38156,test,False
38157,train,True
38158,test,False
38159,test,False
38160,train,False
38161,train,False
38162,train,False
38163,test,False
38164,train,False
38165,test,False
38166,test,False
38167,validation,False
38168,validation,False
38169,train,True
38170,train,True
38171,train,False
38172,train,True
38173,train,True
38174,train,True
38175,validation,False
38176,train,False
38177,validation,False
38178,train,True
38179,test,False
38180,train,True
38181,train,True
38182,train,False
38183,validation,False
38184,train,True
38185,test,False
38186,validation,False
38187,train,True
38188,train,True
38189,train,True
38190,validation,False
38191,train,True
38192,train,False
38193,validation,False
38194,train,False
38195,train,True
38196,train,False
38197,train,True
38198,train,True
38199,validation,False
38200,train,False
38201,train,True
38202,train,False
38203,train,False
38204,train,True
38205,validation,False
38206,train,True
38207,test,False
38208,train,False
38209,train,True
38210,train,False
38211,train,False
38212,train,True
38213,train,True
38214,train,True
38215,train,False
38216,test,False
38217,train,True
38218,train,False
38219,test,False
38220,train,False
38221,test,False
38222,train,True
38223,train,True
38224,train,True
38225,train,True
38226,train,False
38227,train,True
38228,train,False
38229,validation,False
38230,train,False
38231,test,False
38232,train,False
38233,train,False
38234,train,True
38235,test,False
38236,validation,False
38237,train,True
38238,train,True
38239,train,False
38240,validation,False
38241,train,True
38242,train,False
38243,train,True
38244,validation,False
38245,train,True
38246,train,True
38247,test,False
38248,train,True
38249,test,False
38250,train,False
38251,train,True
38252,validation,False
38253,test,False
38254,validation,False
38255,train,True
38256,train,False
38257,validation,False
38258,test,False
38259,train,True
38260,train,False
38261,test,False
38262,train,False
38263,validation,False
38264,test,False
38265,train,True
38266,test,False
38267,validation,False
38268,train,True
38269,train,False
38270,train,False
38271,train,True
38272,train,True
38273,validation,False
38274,test,False
38275,train,False
38276,train,True
38277,train,True
38278,train,True
38279,validation,False
38280,validation,False
38281,test,False
38282,train,True
38283,test,False
38284,test,False
38285,train,True
38286,train,False
38287,train,False
38288,train,True
38289,test,False
38290,train,True
38291,train,True
38292,train,False
38293,train,True
38294,test,False
38295,train,False
38296,test,False
38297,train,True
38298,test,False
38299,train,True
38300,test,False
38301,validation,False
38302,train,True
38303,train,True
38304,validation,False
38305,train,True
38306,validation,False
38307,test,False
38308,train,False
38309,train,False
38310,train,True
38311,validation,False
38312,validation,False
38313,test,False
38314,test,False
38315,validation,False
38316,test,False
38317,test,False
38318,test,False
38319,train,False
38320,test,False
38321,train,True
38322,train,True
38323,test,False
38324,validation,False
38325,train,True
38326,validation,False
38327,test,False
38328,train,True
38329,validation,False
38330,train,True
38331,train,True
38332,test,False
38333,train,True
38334,validation,False
38335,train,True
38336,train,True
38337,validation,False
38338,validation,False
38339,validation,False
38340,train,True
38341,test,False
38342,train,True
38343,train,False
38344,test,False
38345,train,True
38346,test,False
38347,validation,False
38348,train,True
38349,train,False
38350,train,True
38351,train,False
38352,train,True
38353,validation,False
38354,train,True
38355,train,True
38356,train,True
38357,train,False
38358,train,True
38359,train,True
38360,train,False
38361,train,True
38362,validation,False
38363,train,True
38364,train,False
38365,train,False
38366,train,False
38367,train,True
38368,validation,False
38369,train,True
38370,train,True
38371,train,True
38372,train,True
38373,train,False
38374,test,False
38375,train,True
38376,validation,False
38377,validation,False
38378,train,False
38379,train,False
38380,validation,False
38381,validation,False
38382,test,False
38383,test,False
38384,train,True
38385,train,True
38386,train,True
38387,train,True
38388,train,True
38389,test,False
38390,test,False
38391,train,True
38392,test,False
38393,train,True
38394,validation,False
38395,train,True
38396,train,True
38397,validation,False
38398,train,True
38399,test,False
38400,train,True
38401,train,True
38402,train,False
38403,validation,False
38404,train,True
38405,train,True
38406,validation,False
38407,train,False
38408,validation,False
38409,train,True
38410,train,True
38411,train,False
38412,train,True
38413,train,True
38414,train,True
38415,train,True
38416,test,False
38417,train,True
38418,train,True
38419,validation,False
38420,train,False
38421,validation,False
38422,validation,False
38423,train,False
38424,test,False
38425,train,True
38426,train,True
38427,train,True
38428,test,False
38429,test,False
38430,validation,False
38431,validation,False
38432,validation,False
38433,train,False
38434,test,False
38435,train,False
38436,validation,False
38437,validation,False
38438,validation,False
38439,validation,False
38440,validation,False
38441,train,True
38442,train,True
38443,validation,False
38444,train,True
38445,train,False
38446,train,True
38447,test,False
38448,test,False
38449,train,True
38450,validation,False
38451,train,False
38452,validation,False
38453,train,False
38454,validation,False
38455,validation,False
38456,test,False
38457,test,False
38458,test,False
38459,train,True
38460,validation,False
38461,test,False
38462,test,False
38463,validation,False
38464,train,False
38465,test,False
38466,train,True
38467,train,True
38468,train,True
38469,train,True
38470,train,False
38471,train,False
38472,train,True
38473,validation,False
38474,validation,False
38475,train,False
38476,train,False
38477,train,True
38478,validation,False
38479,train,True
38480,test,False
38481,train,True
38482,train,True
38483,train,True
38484,train,True
38485,train,True
38486,train,True
38487,train,False
38488,test,False
38489,train,False
38490,train,False
38491,validation,False
38492,train,True
38493,train,False
38494,train,True
38495,train,True
38496,train,True
38497,train,True
38498,train,True
38499,train,True
38500,train,True
38501,train,True
38502,train,True
38503,train,True
38504,train,True
38505,test,False
38506,validation,False
38507,train,False
38508,train,True
38509,train,True
38510,train,True
38511,train,True
38512,train,False
38513,train,True
38514,train,True
38515,validation,False
38516,train,True
38517,test,False
38518,train,True
38519,train,True
38520,validation,False
38521,train,False
38522,test,False
38523,test,False
38524,train,True
38525,train,True
38526,validation,False
38527,train,True
38528,test,False
38529,train,True
38530,train,False
38531,test,False
38532,train,True
38533,train,True
38534,train,True
38535,train,True
38536,validation,False
38537,train,False
38538,train,True
38539,test,False
38540,train,True
38541,validation,False
38542,train,False
38543,validation,False
38544,validation,False
38545,train,True
38546,validation,False
38547,train,False
38548,train,True
38549,train,True
38550,validation,False
38551,train,True
38552,test,False
38553,train,False
38554,test,False
38555,train,False
38556,train,True
38557,train,True
38558,test,False
38559,test,False
38560,train,True
38561,train,True
38562,train,False
38563,test,False
38564,train,True
38565,train,True
38566,train,True
38567,test,False
38568,train,True
38569,train,True
38570,train,True
38571,train,True
38572,train,False
38573,validation,False
38574,validation,False
38575,train,True
38576,train,True
38577,train,True
38578,test,False
38579,train,True
38580,train,False
38581,train,False
38582,train,True
38583,train,False
38584,train,True
38585,validation,False
38586,train,True
38587,train,False
38588,train,True
38589,train,True
38590,test,False
38591,validation,False
38592,test,False
38593,train,True
38594,validation,False
38595,test,False
38596,train,True
38597,test,False
38598,train,False
38599,test,False
38600,validation,False
38601,validation,False
38602,test,False
38603,train,True
38604,train,True
38605,train,True
38606,validation,False
38607,train,True
38608,train,True
38609,validation,False
38610,train,True
38611,validation,False
38612,train,False
38613,train,True
38614,train,True
38615,train,True
38616,validation,False
38617,validation,False
38618,test,False
38619,test,False
38620,train,True
38621,validation,False
38622,train,False
38623,train,True
38624,test,False
38625,train,True
38626,validation,False
38627,train,False
38628,train,True
38629,train,True
38630,validation,False
38631,train,False
38632,train,False
38633,train,False
38634,train,True
38635,validation,False
38636,train,True
38637,validation,False
38638,validation,False
38639,train,False
38640,train,False
38641,validation,False
38642,test,False
38643,train,True
38644,test,False
38645,train,True
38646,train,True
38647,train,True
38648,train,True
38649,train,False
38650,test,False
38651,test,False
38652,train,True
38653,train,True
38654,validation,False
38655,train,True
38656,test,False
38657,train,False
38658,train,True
38659,train,True
38660,validation,False
38661,validation,False
38662,validation,False
38663,train,True
38664,train,True
38665,test,False
38666,train,False
38667,test,False
38668,test,False
38669,train,True
38670,validation,False
38671,validation,False
38672,train,True
38673,test,False
38674,train,False
38675,train,False
38676,validation,False
38677,test,False
38678,train,False
38679,train,True
38680,train,True
38681,validation,False
38682,validation,False
38683,train,True
38684,train,True
38685,train,False
38686,train,True
38687,train,True
38688,train,True
38689,train,True
38690,test,False
38691,train,True
38692,test,False
38693,train,True
38694,test,False
38695,train,True
38696,train,True
38697,test,False
38698,train,False
38699,train,True
38700,test,False
38701,train,True
38702,validation,False
38703,train,False
38704,validation,False
38705,test,False
38706,train,True
38707,validation,False
38708,train,False
38709,validation,False
38710,train,True
38711,train,True
38712,test,False
38713,train,False
38714,train,True
38715,train,True
38716,train,True
38717,train,True
38718,train,True
38719,validation,False
38720,train,False
38721,train,False
38722,train,False
38723,train,True
38724,train,True
38725,validation,False
38726,train,False
38727,train,False
38728,train,True
38729,train,True
38730,train,False
38731,test,False
38732,train,True
38733,train,False
38734,train,True
38735,test,False
38736,train,True
38737,train,True
38738,train,True
38739,test,False
38740,test,False
38741,train,True
38742,train,True
38743,train,True
38744,test,False
38745,train,True
38746,test,False
38747,train,True
38748,test,False
38749,train,True
38750,train,True
38751,train,True
38752,train,False
38753,test,False
38754,train,True
38755,validation,False
38756,test,False
38757,train,False
38758,test,False
38759,train,False
38760,train,True
38761,train,True
38762,train,True
38763,test,False
38764,validation,False
38765,test,False
38766,train,True
38767,validation,False
38768,validation,False
38769,train,False
38770,test,False
38771,validation,False
38772,validation,False
38773,train,False
38774,train,True
38775,validation,False
38776,train,True
38777,validation,False
38778,train,False
38779,validation,False
38780,train,False
38781,train,True
38782,train,True
38783,train,True
38784,train,False
38785,validation,False
38786,train,False
38787,train,False
38788,train,True
38789,test,False
38790,test,False
38791,train,False
38792,test,False
38793,train,False
38794,test,False
38795,train,True
38796,test,False
38797,train,False
38798,validation,False
38799,train,False
38800,train,True
38801,validation,False
38802,train,True
38803,train,True
38804,validation,False
38805,train,True
38806,train,True
38807,validation,False
38808,train,True
38809,test,False
38810,validation,False
38811,test,False
38812,test,False
38813,test,False
38814,train,False
38815,train,False
38816,train,True
38817,test,False
38818,train,False
38819,train,False
38820,train,False
38821,train,True
38822,train,True
38823,train,True
38824,train,True
38825,train,True
38826,validation,False
38827,train,True
38828,validation,False
38829,test,False
38830,validation,False
38831,train,True
38832,train,True
38833,test,False
38834,train,True
38835,validation,False
38836,train,True
38837,train,False
38838,train,True
38839,train,True
38840,validation,False
38841,train,True
38842,validation,False
38843,train,False
38844,train,True
38845,train,True
38846,train,True
38847,validation,False
38848,validation,False
38849,train,True
38850,train,False
38851,train,False
38852,train,False
38853,validation,False
38854,train,True
38855,train,True
38856,train,False
38857,train,True
38858,test,False
38859,train,True
38860,test,False
38861,validation,False
38862,train,False
38863,validation,False
38864,validation,False
38865,train,True
38866,train,False
38867,test,False
38868,validation,False
38869,train,True
38870,validation,False
38871,train,True
38872,train,True
38873,test,False
38874,test,False
38875,validation,False
38876,train,True
38877,train,False
38878,train,True
38879,train,True
38880,validation,False
38881,test,False
38882,test,False
38883,train,True
38884,train,False
38885,test,False
38886,train,True
38887,train,False
38888,validation,False
38889,validation,False
38890,validation,False
38891,test,False
38892,train,False
38893,train,False
38894,train,True
38895,train,False
38896,train,False
38897,train,False
38898,test,False
38899,test,False
38900,validation,False
38901,train,False
38902,test,False
38903,validation,False
38904,train,True
38905,test,False
38906,validation,False
38907,train,True
38908,train,True
38909,train,True
38910,train,True
38911,test,False
38912,train,True
38913,train,True
38914,train,False
38915,test,False
38916,train,False
38917,test,False
38918,train,True
38919,train,True
38920,test,False
38921,train,True
38922,train,True
38923,train,True
38924,test,False
38925,test,False
38926,train,True
38927,train,True
38928,train,True
38929,train,True
38930,test,False
38931,test,False
38932,train,True
38933,train,True
38934,train,True
38935,test,False
38936,train,False
38937,validation,False
38938,validation,False
38939,test,False
38940,train,True
38941,train,True
38942,train,False
38943,train,False
38944,validation,False
38945,train,True
38946,train,False
38947,validation,False
38948,train,True
38949,train,False
38950,test,False
38951,train,True
38952,validation,False
38953,train,False
38954,train,True
38955,train,False
38956,train,False
38957,train,False
38958,train,True
38959,train,True
38960,validation,False
38961,train,False
38962,train,False
38963,train,True
38964,train,True
38965,train,True
38966,test,False
38967,test,False
38968,test,False
38969,validation,False
38970,validation,False
38971,validation,False
38972,train,False
38973,train,False
38974,train,True
38975,train,True
38976,validation,False
38977,validation,False
38978,train,True
38979,train,True
38980,validation,False
38981,test,False
38982,test,False
38983,validation,False
38984,train,True
38985,test,False
38986,train,False
38987,train,True
38988,train,True
38989,train,True
38990,validation,False
38991,test,False
38992,validation,False
38993,train,True
38994,validation,False
38995,test,False
38996,test,False
38997,train,False
38998,train,True
38999,train,False
39000,train,False
39001,validation,False
39002,train,True
39003,test,False
39004,validation,False
39005,test,False
39006,train,True
39007,validation,False
39008,train,True
39009,train,True
39010,train,True
39011,train,False
39012,train,False
39013,train,True
39014,validation,False
39015,test,False
39016,validation,False
39017,test,False
39018,train,True
39019,test,False
39020,train,True
39021,train,True
39022,validation,False
39023,train,False
39024,train,True
39025,train,True
39026,train,True
39027,train,True
39028,train,False
39029,train,True
39030,validation,False
39031,train,False
39032,test,False
39033,test,False
39034,train,False
39035,test,False
39036,test,False
39037,train,False
39038,train,False
39039,validation,False
39040,validation,False
39041,validation,False
39042,validation,False
39043,test,False
39044,test,False
39045,train,True
39046,train,False
39047,train,False
39048,train,True
39049,train,True
39050,validation,False
39051,validation,False
39052,train,False
39053,train,False
39054,test,False
39055,validation,False
39056,train,False
39057,train,False
39058,test,False
39059,train,True
39060,train,False
39061,validation,False
39062,train,True
39063,train,False
39064,train,True
39065,train,True
39066,validation,False
39067,train,True
39068,validation,False
39069,train,True
39070,train,True
39071,test,False
39072,train,True
39073,train,False
39074,train,True
39075,validation,False
39076,train,True
39077,train,True
39078,train,True
39079,validation,False
39080,validation,False
39081,train,True
39082,validation,False
39083,validation,False
39084,test,False
39085,validation,False
39086,train,True
39087,train,False
39088,validation,False
39089,train,False
39090,train,True
39091,validation,False
39092,validation,False
39093,train,True
39094,train,False
39095,validation,False
39096,train,True
39097,train,True
39098,train,True
39099,train,True
39100,train,True
39101,train,False
39102,train,False
39103,train,True
39104,train,False
39105,validation,False
39106,test,False
39107,train,True
39108,train,False
39109,train,True
39110,train,False
39111,validation,False
39112,test,False
39113,test,False
39114,validation,False
39115,train,True
39116,train,True
39117,validation,False
39118,train,False
39119,train,False
39120,train,True
39121,validation,False
39122,validation,False
39123,train,False
39124,validation,False
39125,train,False
39126,validation,False
39127,train,True
39128,validation,False
39129,test,False
39130,test,False
39131,test,False
39132,test,False
39133,validation,False
39134,train,True
39135,train,False
39136,test,False
39137,train,True
39138,train,False
39139,train,True
39140,test,False
39141,train,False
39142,validation,False
39143,test,False
39144,test,False
39145,train,False
39146,test,False
39147,validation,False
39148,train,False
39149,validation,False
39150,train,True
39151,train,True
39152,train,False
39153,validation,False
39154,train,True
39155,train,False
39156,train,False
39157,test,False
39158,validation,False
39159,train,True
39160,train,False
39161,train,True
39162,train,True
39163,train,True
39164,train,True
39165,test,False
39166,train,False
39167,validation,False
39168,train,True
39169,test,False
39170,train,True
39171,train,True
39172,validation,False
39173,train,True
39174,train,True
39175,train,True
39176,train,True
39177,train,False
39178,train,True
39179,train,True
39180,validation,False
39181,train,True
39182,train,True
39183,train,True
39184,test,False
39185,train,False
39186,train,True
39187,validation,False
39188,train,False
39189,train,False
39190,train,True
39191,validation,False
39192,test,False
39193,train,False
39194,train,False
39195,test,False
39196,test,False
39197,test,False
39198,train,True
39199,train,True
39200,train,True
39201,test,False
39202,validation,False
39203,train,False
39204,validation,False
39205,test,False
39206,validation,False
39207,validation,False
39208,train,True
39209,test,False
39210,train,False
39211,test,False
39212,test,False
39213,train,True
39214,validation,False
39215,train,True
39216,train,True
39217,validation,False
39218,train,True
39219,test,False
39220,validation,False
39221,train,True
39222,validation,False
39223,train,True
39224,test,False
39225,validation,False
39226,validation,False
39227,test,False
39228,test,False
39229,train,True
39230,test,False
39231,train,True
39232,train,False
39233,train,True
39234,train,True
39235,train,False
39236,train,True
39237,train,True
39238,train,True
39239,train,True
39240,train,True
39241,train,True
39242,train,False
39243,train,True
39244,train,True
39245,test,False
39246,train,True
39247,validation,False
39248,validation,False
39249,validation,False
39250,test,False
39251,train,True
39252,test,False
39253,validation,False
39254,test,False
39255,validation,False
39256,validation,False
39257,test,False
39258,train,True
39259,train,True
39260,train,True
39261,train,True
39262,validation,False
39263,train,False
39264,train,True
39265,train,False
39266,train,False
39267,train,True
39268,train,True
39269,train,True
39270,test,False
39271,train,True
39272,train,True
39273,train,True
39274,train,True
39275,test,False
39276,train,True
39277,train,True
39278,train,True
39279,validation,False
39280,train,False
39281,test,False
39282,train,True
39283,validation,False
39284,train,True
39285,train,True
39286,test,False
39287,train,True
39288,validation,False
39289,validation,False
39290,train,True
39291,train,True
39292,train,True
39293,validation,False
39294,train,False
39295,train,False
39296,train,True
39297,test,False
39298,train,True
39299,validation,False
39300,train,True
39301,train,True
39302,train,True
39303,train,True
39304,test,False
39305,test,False
39306,test,False
39307,test,False
39308,train,True
39309,train,False
39310,train,True
39311,validation,False
39312,train,False
39313,test,False
39314,test,False
39315,train,True
39316,train,False
39317,validation,False
39318,train,True
39319,train,False
39320,train,False
39321,train,False
39322,train,False
39323,train,True
39324,validation,False
39325,test,False
39326,train,True
39327,train,False
39328,train,False
39329,validation,False
39330,train,False
39331,train,True
39332,train,False
39333,test,False
39334,test,False
39335,validation,False
39336,train,True
39337,train,True
39338,train,False
39339,train,False
39340,train,False
39341,train,True
39342,train,False
39343,test,False
39344,train,True
39345,validation,False
39346,train,True
39347,train,False
39348,train,False
39349,train,False
39350,validation,False
39351,train,True
39352,train,False
39353,train,False
39354,train,True
39355,train,False
39356,train,False
39357,train,True
39358,train,True
39359,validation,False
39360,validation,False
39361,train,False
39362,train,True
39363,validation,False
39364,train,True
39365,train,False
39366,train,False
39367,validation,False
39368,validation,False
39369,validation,False
39370,train,False
39371,validation,False
39372,train,True
39373,test,False
39374,train,True
39375,train,True
39376,train,True
39377,train,True
39378,test,False
39379,train,True
39380,train,True
39381,train,True
39382,validation,False
39383,test,False
39384,train,True
39385,train,True
39386,train,True
39387,validation,False
39388,validation,False
39389,test,False
39390,train,True
39391,validation,False
39392,validation,False
39393,train,True
39394,validation,False
39395,test,False
39396,test,False
39397,train,True
39398,test,False
39399,train,True
39400,train,False
39401,train,True
39402,train,True
39403,train,False
39404,train,True
39405,validation,False
39406,test,False
39407,train,True
39408,train,False
39409,train,False
39410,train,True
39411,train,True
39412,test,False
39413,test,False
39414,train,True
39415,train,False
39416,validation,False
39417,train,True
39418,validation,False
39419,test,False
39420,train,False
39421,test,False
39422,train,True
39423,train,False
39424,validation,False
39425,train,True
39426,train,True
39427,train,True
39428,validation,False
39429,train,True
39430,train,True
39431,validation,False
39432,train,True
39433,validation,False
39434,train,True
39435,train,True
39436,validation,False
39437,train,False
39438,train,False
39439,validation,False
39440,train,True
39441,validation,False
39442,test,False
39443,validation,False
39444,train,True
39445,test,False
39446,train,True
39447,train,True
39448,train,False
39449,validation,False
39450,validation,False
39451,validation,False
39452,validation,False
39453,train,True
39454,train,True
39455,test,False
39456,train,True
39457,train,True
39458,train,True
39459,test,False
39460,train,True
39461,train,True
39462,train,True
39463,validation,False
39464,train,True
39465,train,True
39466,test,False
39467,test,False
39468,test,False
39469,train,True
39470,train,True
39471,train,True
39472,validation,False
39473,train,False
39474,train,True
39475,validation,False
39476,train,True
39477,train,True
39478,train,False
39479,validation,False
39480,train,True
39481,train,True
39482,test,False
39483,train,True
39484,validation,False
39485,train,True
39486,train,False
39487,train,False
39488,test,False
39489,validation,False
39490,validation,False
39491,train,False
39492,train,False
39493,test,False
39494,train,True
39495,train,False
39496,train,False
39497,train,False
39498,train,False
39499,validation,False
39500,train,False
39501,test,False
39502,train,False
39503,train,False
39504,test,False
39505,train,True
39506,train,True
39507,test,False
39508,train,False
39509,validation,False
39510,train,True
39511,validation,False
39512,train,True
39513,validation,False
39514,train,True
39515,validation,False
39516,train,False
39517,test,False
39518,train,True
39519,train,True
39520,validation,False
39521,train,True
39522,test,False
39523,train,True
39524,validation,False
39525,train,True
39526,train,True
39527,train,True
39528,train,True
39529,validation,False
39530,validation,False
39531,train,True
39532,train,True
39533,train,False
39534,train,False
39535,test,False
39536,train,True
39537,test,False
39538,train,False
39539,validation,False
39540,test,False
39541,validation,False
39542,validation,False
39543,train,False
39544,validation,False
39545,validation,False
39546,train,True
39547,train,False
39548,train,True
39549,train,True
39550,train,False
39551,train,False
39552,train,False
39553,train,False
39554,test,False
39555,train,True
39556,validation,False
39557,train,True
39558,train,False
39559,validation,False
39560,validation,False
39561,validation,False
39562,test,False
39563,train,True
39564,train,True
39565,test,False
39566,train,False
39567,validation,False
39568,validation,False
39569,train,True
39570,test,False
39571,validation,False
39572,train,False
39573,train,False
39574,train,True
39575,train,True
39576,test,False
39577,test,False
39578,train,True
39579,validation,False
39580,validation,False
39581,train,True
39582,train,False
39583,train,False
39584,test,False
39585,train,True
39586,validation,False
39587,train,False
39588,validation,False
39589,train,False
39590,train,False
39591,test,False
39592,train,False
39593,train,True
39594,validation,False
39595,validation,False
39596,train,True
39597,validation,False
39598,validation,False
39599,train,False
39600,train,True
39601,test,False
39602,train,False
39603,test,False
39604,validation,False
39605,train,False
39606,test,False
39607,train,False
39608,train,True
39609,test,False
39610,train,True
39611,train,True
39612,train,True
39613,train,False
39614,validation,False
39615,train,False
39616,validation,False
39617,train,True
39618,validation,False
39619,validation,False
39620,validation,False
39621,test,False
39622,train,False
39623,test,False
39624,test,False
39625,train,False
39626,train,True
39627,test,False
39628,validation,False
39629,validation,False
39630,test,False
39631,test,False
39632,train,True
39633,test,False
39634,validation,False
39635,train,True
39636,train,False
39637,train,True
39638,train,False
39639,validation,False
39640,train,True
39641,train,False
39642,validation,False
39643,train,False
39644,validation,False
39645,test,False
39646,train,True
39647,train,True
39648,train,True
39649,test,False
39650,train,True
39651,validation,False
39652,validation,False
39653,validation,False
39654,validation,False
39655,validation,False
39656,validation,False
39657,train,True
39658,train,True
39659,train,False
39660,test,False
39661,train,False
39662,train,True
39663,test,False
39664,train,False
39665,train,True
39666,train,True
39667,train,True
39668,train,True
39669,train,True
39670,validation,False
39671,train,True
39672,train,False
39673,test,False
39674,validation,False
39675,validation,False
39676,train,False
39677,test,False
39678,train,False
39679,train,True
39680,validation,False
39681,train,True
39682,train,True
39683,train,False
39684,train,True
39685,train,False
39686,validation,False
39687,test,False
39688,test,False
39689,train,False
39690,train,True
39691,train,False
39692,train,True
39693,train,True
39694,train,True
39695,test,False
39696,train,True
39697,train,True
39698,train,True
39699,validation,False
39700,validation,False
39701,train,False
39702,test,False
39703,test,False
39704,train,True
39705,train,False
39706,train,True
39707,validation,False
39708,test,False
39709,train,False
39710,validation,False
39711,test,False
39712,train,True
39713,validation,False
39714,train,True
39715,train,True
39716,train,True
39717,validation,False
39718,validation,False
39719,train,True
39720,train,True
39721,test,False
39722,test,False
39723,train,True
39724,train,True
39725,train,False
39726,train,False
39727,validation,False
39728,test,False
39729,train,True
39730,validation,False
39731,test,False
39732,test,False
39733,validation,False
39734,test,False
39735,train,False
39736,train,False
39737,test,False
39738,test,False
39739,validation,False
39740,train,True
39741,train,False
39742,validation,False
39743,train,False
39744,validation,False
39745,train,True
39746,train,True
39747,train,False
39748,train,True
39749,train,True
39750,train,False
39751,train,False
39752,train,False
39753,train,True
39754,train,False
39755,test,False
39756,test,False
39757,train,False
39758,validation,False
39759,train,True
39760,train,False
39761,train,True
39762,validation,False
39763,train,True
39764,train,True
39765,train,False
39766,train,True
39767,train,True
39768,test,False
39769,validation,False
39770,train,False
39771,train,True
39772,train,False
39773,test,False
39774,test,False
39775,test,False
39776,train,False
39777,train,True
39778,validation,False
39779,train,False
39780,test,False
39781,train,True
39782,validation,False
39783,train,True
39784,train,True
39785,train,True
39786,train,True
39787,validation,False
39788,test,False
39789,train,True
39790,train,True
39791,train,False
39792,test,False
39793,train,False
39794,train,True
39795,validation,False
39796,validation,False
39797,train,True
39798,test,False
39799,train,True
39800,train,True
39801,train,True
39802,train,False
39803,train,True
39804,validation,False
39805,train,True
39806,train,True
39807,train,True
39808,train,True
39809,validation,False
39810,train,False
39811,train,True
39812,train,True
39813,validation,False
39814,train,True
39815,train,True
39816,train,True
39817,test,False
39818,test,False
39819,train,True
39820,train,False
39821,train,False
39822,train,True
39823,train,True
39824,train,True
39825,train,True
39826,validation,False
39827,test,False
39828,train,True
39829,train,False
39830,train,True
39831,train,True
39832,train,True
39833,train,False
39834,train,False
39835,train,True
39836,test,False
39837,train,True
39838,train,True
39839,train,True
39840,train,True
39841,train,False
39842,train,True
39843,train,True
39844,train,False
39845,test,False
39846,train,True
39847,train,False
39848,test,False
39849,train,True
39850,test,False
39851,train,True
39852,train,False
39853,test,False
39854,train,True
39855,train,False
39856,validation,False
39857,train,False
39858,train,True
39859,train,False
39860,test,False
39861,test,False
39862,train,False
39863,train,False
39864,train,False
39865,train,True
39866,train,False
39867,validation,False
39868,train,True
39869,train,False
39870,test,False
39871,train,True
39872,train,False
39873,train,True
39874,train,False
39875,train,True
39876,train,False
39877,train,True
39878,validation,False
39879,train,True
39880,validation,False
39881,test,False
39882,test,False
39883,train,False
39884,test,False
39885,train,False
39886,train,True
39887,train,True
39888,train,True
39889,train,True
39890,test,False
39891,test,False
39892,train,True
39893,train,False
39894,validation,False
39895,train,True
39896,train,False
39897,train,True
39898,train,True
39899,test,False
39900,train,True
39901,train,True
39902,train,True
39903,test,False
39904,train,True
39905,train,True
39906,validation,False
39907,train,True
39908,train,True
39909,test,False
39910,train,True
39911,validation,False
39912,train,True
39913,train,True
39914,train,True
39915,test,False
39916,train,False
39917,train,True
39918,train,False
39919,validation,False
39920,train,False
39921,train,True
39922,train,True
39923,train,True
39924,test,False
39925,train,True
39926,validation,False
39927,train,True
39928,validation,False
39929,train,False
39930,validation,False
39931,validation,False
39932,train,True
39933,validation,False
39934,test,False
39935,train,True
39936,test,False
39937,train,False
39938,train,True
39939,train,False
39940,train,False
39941,validation,False
39942,test,False
39943,train,True
39944,test,False
39945,validation,False
39946,train,True
39947,validation,False
39948,test,False
39949,train,True
39950,test,False
39951,train,False
39952,train,True
39953,train,True
39954,train,True
39955,validation,False
39956,train,True
39957,train,False
39958,test,False
39959,train,True
39960,test,False
39961,validation,False
39962,train,False
39963,train,False
39964,train,True
39965,train,True
39966,train,True
39967,train,True
39968,train,True
39969,test,False
39970,test,False
39971,train,False
39972,train,False
39973,train,True
39974,train,False
39975,validation,False
39976,test,False
39977,test,False
39978,test,False
39979,train,True
39980,train,True
39981,train,False
39982,train,False
39983,train,True
39984,test,False
39985,train,True
39986,validation,False
39987,train,True
39988,train,False
39989,train,True
39990,train,False
39991,train,False
39992,validation,False
39993,validation,False
39994,validation,False
39995,test,False
39996,train,True
39997,train,True
39998,train,True
39999,train,False
40000,train,True
40001,train,True
40002,train,True
40003,train,True
40004,test,False
40005,train,True
40006,test,False
40007,train,True
40008,validation,False
40009,validation,False
40010,train,True
40011,train,True
40012,validation,False
40013,train,False
40014,validation,False
40015,train,True
40016,train,True
40017,train,False
40018,train,True
40019,test,False
40020,train,True
40021,train,True
40022,validation,False
40023,validation,False
40024,test,False
40025,train,True
40026,train,False
40027,validation,False
40028,train,True
40029,train,False
40030,train,False
40031,validation,False
40032,train,True
40033,train,True
40034,train,False
40035,train,True
40036,train,True
40037,train,True
40038,train,True
40039,train,True
40040,validation,False
40041,test,False
40042,train,True
40043,train,True
40044,train,True
40045,test,False
40046,test,False
40047,test,False
40048,train,True
40049,test,False
40050,train,True
40051,validation,False
40052,validation,False
40053,train,True
40054,train,False
40055,validation,False
40056,train,True
40057,train,True
40058,train,True
40059,validation,False
40060,train,True
40061,train,True
40062,train,True
40063,train,False
40064,test,False
40065,train,False
40066,test,False
40067,test,False
40068,train,False
40069,test,False
40070,test,False
40071,train,True
40072,test,False
40073,train,True
40074,test,False
40075,train,True
40076,validation,False
40077,train,True
40078,validation,False
40079,train,False
40080,validation,False
40081,train,False
40082,train,False
40083,train,False
40084,test,False
40085,validation,False
40086,test,False
40087,train,True
40088,train,True
40089,test,False
40090,train,True
40091,train,True
40092,validation,False
40093,train,True
40094,test,False
40095,test,False
40096,validation,False
40097,train,True
40098,test,False
40099,train,True
40100,train,True
40101,train,False
40102,validation,False
40103,train,True
40104,train,False
40105,validation,False
40106,train,False
40107,train,True
40108,validation,False
40109,train,True
40110,train,True
40111,train,True
40112,validation,False
40113,train,True
40114,train,False
40115,validation,False
40116,train,True
40117,train,True
40118,validation,False
40119,validation,False
40120,train,True
40121,train,True
40122,train,False
40123,test,False
40124,train,True
40125,train,True
40126,validation,False
40127,validation,False
40128,validation,False
40129,test,False
40130,train,True
40131,train,False
40132,train,True
40133,train,True
40134,test,False
40135,train,True
40136,train,False
40137,train,True
40138,test,False
40139,validation,False
40140,validation,False
40141,train,False
40142,validation,False
40143,validation,False
40144,train,False
40145,train,False
40146,train,False
40147,train,True
40148,train,True
40149,validation,False
40150,test,False
40151,train,False
40152,validation,False
40153,train,True
40154,train,True
40155,train,False
40156,train,True
40157,train,True
40158,train,True
40159,train,False
40160,train,True
40161,train,True
40162,train,True
40163,train,True
40164,test,False
40165,train,True
40166,test,False
40167,test,False
40168,validation,False
40169,train,True
40170,train,True
40171,test,False
40172,test,False
40173,validation,False
40174,test,False
40175,validation,False
40176,validation,False
40177,validation,False
40178,test,False
40179,train,True
40180,validation,False
40181,validation,False
40182,validation,False
40183,train,False
40184,train,False
40185,train,True
40186,validation,False
40187,validation,False
40188,train,False
40189,train,True
40190,train,True
40191,train,True
40192,test,False
40193,train,True
40194,train,False
40195,train,True
40196,train,False
40197,train,True
40198,train,True
40199,train,True
40200,train,True
40201,test,False
40202,train,False
40203,test,False
40204,validation,False
40205,train,False
40206,train,True
40207,train,True
40208,validation,False
40209,train,True
40210,test,False
40211,train,False
40212,train,True
40213,train,True
40214,train,True
40215,validation,False
40216,train,True
40217,train,True
40218,train,False
40219,test,False
40220,validation,False
40221,validation,False
40222,train,False
40223,train,True
40224,train,False
40225,validation,False
40226,validation,False
40227,test,False
40228,test,False
40229,validation,False
40230,train,True
40231,validation,False
40232,train,True
40233,train,True
40234,train,False
40235,train,True
40236,train,False
40237,validation,False
40238,train,False
40239,validation,False
40240,train,False
40241,train,True
40242,train,True
40243,validation,False
40244,train,True
40245,train,True
40246,train,True
40247,train,False
40248,train,False
40249,test,False
40250,train,False
40251,test,False
40252,train,False
40253,train,True
40254,validation,False
40255,train,True
40256,train,True
40257,test,False
40258,validation,False
40259,train,True
40260,train,False
40261,train,True
40262,test,False
40263,train,False
40264,train,False
40265,test,False
40266,train,False
40267,validation,False
40268,validation,False
40269,validation,False
40270,train,True
40271,train,True
40272,train,True
40273,train,False
40274,train,True
40275,train,True
40276,train,True
40277,train,False
40278,validation,False
40279,train,False
40280,train,False
40281,train,True
40282,train,True
40283,train,True
40284,validation,False
40285,train,False
40286,train,False
40287,train,True
40288,train,True
40289,train,True
40290,train,True
40291,train,False
40292,test,False
40293,test,False
40294,validation,False
40295,train,True
40296,train,True
40297,test,False
40298,test,False
40299,train,False
40300,train,True
40301,train,True
40302,validation,False
40303,test,False
40304,train,True
40305,test,False
40306,train,True
40307,validation,False
40308,train,True
40309,validation,False
40310,validation,False
40311,test,False
40312,train,True
40313,train,True
40314,test,False
40315,train,True
40316,test,False
40317,validation,False
40318,validation,False
40319,validation,False
40320,test,False
40321,train,False
40322,test,False
40323,test,False
40324,validation,False
40325,train,True
40326,train,True
40327,train,True
40328,train,True
40329,validation,False
40330,train,False
40331,test,False
40332,test,False
40333,test,False
40334,train,False
40335,train,True
40336,test,False
40337,validation,False
40338,train,True
40339,train,True
40340,train,False
40341,train,True
40342,test,False
40343,validation,False
40344,validation,False
40345,train,True
40346,train,False
40347,validation,False
40348,train,False
40349,train,False
40350,validation,False
40351,validation,False
40352,train,False
40353,train,True
40354,train,True
40355,test,False
40356,train,True
40357,validation,False
40358,validation,False
40359,train,True
40360,test,False
40361,train,True
40362,train,True
40363,train,False
40364,validation,False
40365,test,False
40366,train,False
40367,train,False
40368,train,True
40369,test,False
40370,train,True
40371,train,False
40372,train,True
40373,train,True
40374,train,True
40375,train,True
40376,train,False
40377,test,False
40378,train,True
40379,test,False
40380,train,True
40381,train,True
40382,train,True
40383,train,True
40384,test,False
40385,train,True
40386,train,True
40387,test,False
40388,train,True
40389,train,True
40390,train,False
40391,train,True
40392,train,False
40393,validation,False
40394,train,True
40395,validation,False
40396,train,True
40397,validation,False
40398,test,False
40399,validation,False
40400,validation,False
40401,train,False
40402,train,True
40403,test,False
40404,validation,False
40405,train,True
40406,train,True
40407,test,False
40408,test,False
40409,train,True
40410,train,True
40411,train,False
40412,test,False
40413,train,True
40414,test,False
40415,train,True
40416,train,True
40417,validation,False
40418,validation,False
40419,train,False
40420,train,True
40421,test,False
40422,validation,False
40423,train,True
40424,train,True
40425,train,False
40426,train,False
40427,train,True
40428,train,True
40429,train,True
40430,train,False
40431,test,False
40432,train,True
40433,train,False
40434,validation,False
40435,validation,False
40436,train,False
40437,train,False
40438,train,True
40439,test,False
40440,validation,False
40441,train,True
40442,train,True
40443,train,True
40444,train,False
40445,validation,False
40446,train,True
40447,test,False
40448,train,False
40449,train,True
40450,test,False
40451,test,False
40452,train,True
40453,train,True
40454,test,False
40455,train,True
40456,train,True
40457,test,False
40458,validation,False
40459,validation,False
40460,train,True
40461,train,False
40462,validation,False
40463,validation,False
40464,train,True
40465,train,False
40466,train,True
40467,train,True
40468,validation,False
40469,train,True
40470,validation,False
40471,test,False
40472,validation,False
40473,train,False
40474,test,False
40475,train,True
40476,train,True
40477,validation,False
40478,train,True
40479,train,True
40480,train,False
40481,train,True
40482,train,False
40483,train,True
40484,train,True
40485,validation,False
40486,train,True
40487,train,True
40488,train,True
40489,validation,False
40490,test,False
40491,train,False
40492,train,True
40493,train,False
40494,train,True
40495,validation,False
40496,train,True
40497,train,False
40498,validation,False
40499,train,True
40500,train,False
40501,test,False
40502,test,False
40503,train,True
40504,train,True
40505,train,False
40506,train,True
40507,test,False
40508,test,False
40509,train,True
40510,train,False
40511,validation,False
40512,train,True
40513,train,False
40514,test,False
40515,validation,False
40516,train,True
40517,validation,False
40518,train,True
40519,validation,False
40520,validation,False
40521,train,True
40522,validation,False
40523,train,True
40524,validation,False
40525,train,True
40526,validation,False
40527,train,False
40528,validation,False
40529,test,False
40530,validation,False
40531,test,False
40532,train,True
40533,train,False
40534,train,False
40535,test,False
40536,validation,False
40537,train,False
40538,validation,False
40539,train,False
40540,train,False
40541,test,False
40542,train,False
40543,train,False
40544,validation,False
40545,validation,False
40546,train,False
40547,validation,False
40548,train,False
40549,train,True
40550,validation,False
40551,train,True
40552,test,False
40553,train,True
40554,test,False
40555,train,True
40556,train,True
40557,test,False
40558,train,True
40559,train,True
40560,train,True
40561,test,False
40562,train,True
40563,test,False
40564,train,True
40565,test,False
40566,train,True
40567,train,True
40568,train,False
40569,test,False
40570,test,False
40571,test,False
40572,test,False
40573,train,True
40574,train,True
40575,train,True
40576,validation,False
40577,train,True
40578,train,True
40579,validation,False
40580,validation,False
40581,train,False
40582,train,True
40583,test,False
40584,train,True
40585,validation,False
40586,train,False
40587,train,True
40588,train,True
40589,train,True
40590,validation,False
40591,train,True
40592,train,True
40593,train,False
40594,test,False
40595,train,False
40596,train,False
40597,train,False
40598,validation,False
40599,validation,False
40600,train,True
40601,validation,False
40602,validation,False
40603,train,False
40604,train,True
40605,train,False
40606,test,False
40607,train,True
40608,validation,False
40609,test,False
40610,train,False
40611,train,True
40612,train,True
40613,test,False
40614,train,False
40615,test,False
40616,train,True
40617,train,False
40618,train,True
40619,train,True
40620,train,False
40621,train,True
40622,train,False
40623,validation,False
40624,train,True
40625,train,True
40626,train,True
40627,test,False
40628,test,False
40629,train,True
40630,train,True
40631,train,True
40632,train,True
40633,train,True
40634,validation,False
40635,train,True
40636,validation,False
40637,train,True
40638,train,True
40639,test,False
40640,train,True
40641,test,False
40642,train,False
40643,train,True
40644,train,False
40645,train,True
40646,test,False
40647,train,True
40648,validation,False
40649,validation,False
40650,train,True
40651,train,True
40652,validation,False
40653,train,True
40654,train,True
40655,train,True
40656,test,False
40657,validation,False
40658,test,False
40659,train,True
40660,test,False
40661,test,False
40662,validation,False
40663,train,True
40664,train,True
40665,train,True
40666,validation,False
40667,train,True
40668,train,True
40669,test,False
40670,train,True
40671,validation,False
40672,train,False
40673,train,True
40674,train,False
40675,test,False
40676,test,False
40677,validation,False
40678,train,False
40679,validation,False
40680,train,True
40681,test,False
40682,validation,False
40683,train,False
40684,train,True
40685,validation,False
40686,train,False
40687,validation,False
40688,validation,False
40689,validation,False
40690,train,False
40691,validation,False
40692,test,False
40693,train,False
40694,test,False
40695,test,False
40696,train,False
40697,train,False
40698,validation,False
40699,train,False
40700,train,True
40701,train,True
40702,train,True
40703,train,False
40704,validation,False
40705,train,False
40706,train,True
40707,train,False
40708,train,False
40709,validation,False
40710,train,True
40711,train,False
40712,test,False
40713,train,False
40714,validation,False
40715,validation,False
40716,train,True
40717,test,False
40718,test,False
40719,test,False
40720,train,True
40721,train,True
40722,validation,False
40723,train,True
40724,validation,False
40725,test,False
40726,validation,False
40727,train,True
40728,validation,False
40729,train,True
40730,train,True
40731,train,True
40732,test,False
40733,train,True
40734,validation,False
40735,train,True
40736,train,True
40737,train,True
40738,train,False
40739,train,False
40740,validation,False
40741,validation,False
40742,train,False
40743,validation,False
40744,train,True
40745,train,False
40746,train,True
40747,test,False
40748,train,True
40749,test,False
40750,train,False
40751,train,True
40752,validation,False
40753,train,True
40754,train,True
40755,train,True
40756,train,True
40757,train,True
40758,train,True
40759,test,False
40760,test,False
40761,test,False
40762,train,True
40763,train,False
40764,train,True
40765,test,False
40766,train,True
40767,train,True
40768,test,False
40769,train,False
40770,train,True
40771,train,True
40772,validation,False
40773,train,True
40774,train,False
40775,train,False
40776,train,True
40777,validation,False
40778,validation,False
40779,train,False
40780,train,True
40781,train,True
40782,train,True
40783,validation,False
40784,test,False
40785,train,True
40786,train,True
40787,train,True
40788,validation,False
40789,test,False
40790,train,False
40791,train,True
40792,train,True
40793,test,False
40794,validation,False
40795,train,False
40796,train,True
40797,train,True
40798,train,True
40799,validation,False
40800,validation,False
40801,test,False
40802,train,False
40803,train,False
40804,validation,False
40805,test,False
40806,test,False
40807,train,False
40808,train,True
40809,validation,False
40810,train,True
40811,train,False
40812,test,False
40813,train,True
40814,test,False
40815,validation,False
40816,train,True
40817,test,False
40818,train,True
40819,test,False
40820,validation,False
40821,validation,False
40822,validation,False
40823,train,True
40824,train,True
40825,test,False
40826,test,False
40827,validation,False
40828,train,False
40829,test,False
40830,train,True
40831,validation,False
40832,train,True
40833,train,False
40834,validation,False
40835,test,False
40836,train,False
40837,train,True
40838,validation,False
40839,test,False
40840,test,False
40841,validation,False
40842,train,False
40843,test,False
40844,validation,False
40845,validation,False
40846,train,True
40847,train,True
40848,train,True
40849,train,False
40850,train,True
40851,train,True
40852,train,False
40853,validation,False
40854,test,False
40855,train,True
40856,train,False
40857,test,False
40858,train,True
40859,test,False
40860,validation,False
40861,train,True
40862,train,True
40863,test,False
40864,train,True
40865,test,False
40866,train,True
40867,train,False
40868,train,True
40869,train,True
40870,train,True
40871,validation,False
40872,train,True
40873,validation,False
40874,train,True
40875,train,True
40876,validation,False
40877,train,True
40878,train,True
40879,test,False
40880,train,True
40881,test,False
40882,validation,False
40883,train,True
40884,train,True
40885,train,False
40886,test,False
40887,test,False
40888,train,True
40889,train,True
40890,validation,False
40891,train,True
40892,validation,False
40893,test,False
40894,validation,False
40895,train,True
40896,test,False
40897,test,False
40898,validation,False
40899,train,True
40900,test,False
40901,test,False
40902,validation,False
40903,train,True
40904,test,False
40905,train,True
40906,validation,False
40907,train,True
40908,test,False
40909,train,False
40910,train,False
40911,train,True
40912,train,False
40913,train,True
40914,train,True
40915,train,True
40916,test,False
40917,test,False
40918,validation,False
40919,train,True
40920,train,True
40921,train,True
40922,validation,False
40923,validation,False
40924,validation,False
40925,train,False
40926,train,True
40927,train,True
40928,train,False
40929,validation,False
40930,validation,False
40931,validation,False
40932,train,False
40933,train,True
40934,train,True
40935,train,False
40936,test,False
40937,train,True
40938,validation,False
40939,train,True
40940,train,False
40941,train,False
40942,train,True
40943,test,False
40944,test,False
40945,train,True
40946,train,True
40947,validation,False
40948,train,True
40949,train,False
40950,train,False
40951,train,False
40952,train,True
40953,test,False
40954,train,True
40955,train,True
40956,train,True
40957,test,False
40958,test,False
40959,train,True
40960,test,False
40961,train,True
40962,test,False
40963,train,True
40964,train,True
40965,train,False
40966,train,True
40967,train,True
40968,train,True
40969,train,True
40970,validation,False
40971,test,False
40972,train,True
40973,train,True
40974,train,True
40975,validation,False
40976,train,True
40977,train,True
40978,train,True
40979,train,True
40980,test,False
40981,train,True
40982,train,False
40983,train,True
40984,train,True
40985,train,True
40986,train,False
40987,validation,False
40988,train,False
40989,test,False
40990,train,True
40991,validation,False
40992,train,True
40993,train,True
40994,train,True
40995,test,False
40996,test,False
40997,train,True
40998,train,True
40999,validation,False
41000,train,True
41001,train,True
41002,validation,False
41003,test,False
41004,validation,False
41005,train,False
41006,test,False
41007,train,True
41008,train,True
41009,test,False
41010,train,True
41011,train,False
41012,train,True
41013,validation,False
41014,validation,False
41015,train,False
41016,train,True
41017,test,False
41018,train,True
41019,train,True
41020,validation,False
41021,test,False
41022,train,True
41023,validation,False
41024,train,True
41025,test,False
41026,train,True
41027,train,True
41028,train,False
41029,test,False
41030,train,True
41031,train,True
41032,train,False
41033,validation,False
41034,train,True
41035,train,False
41036,train,True
41037,train,True
41038,train,True
41039,train,True
41040,train,False
41041,test,False
41042,train,True
41043,train,False
41044,test,False
41045,validation,False
41046,train,True
41047,train,True
41048,train,True
41049,train,True
41050,test,False
41051,train,False
41052,train,False
41053,train,True
41054,train,False
41055,train,True
41056,train,False
41057,train,True
41058,validation,False
41059,train,True
41060,validation,False
41061,train,False
41062,train,True
41063,train,True
41064,train,True
41065,train,False
41066,train,True
41067,test,False
41068,train,False
41069,validation,False
41070,train,True
41071,test,False
41072,test,False
41073,test,False
41074,validation,False
41075,train,False
41076,test,False
41077,validation,False
41078,train,True
41079,train,False
41080,validation,False
41081,train,True
41082,validation,False
41083,validation,False
41084,test,False
41085,train,True
41086,validation,False
41087,train,False
41088,test,False
41089,train,True
41090,train,True
41091,train,True
41092,test,False
41093,test,False
41094,test,False
41095,train,True
41096,train,False
41097,train,False
41098,train,True
41099,validation,False
41100,train,False
41101,train,False
41102,train,False
41103,test,False
41104,test,False
41105,test,False
41106,train,False
41107,validation,False
41108,test,False
41109,test,False
41110,train,True
41111,train,False
41112,test,False
41113,train,True
41114,train,False
41115,train,True
41116,validation,False
41117,train,False
41118,train,False
41119,test,False
41120,test,False
41121,train,True
41122,train,False
41123,train,True
41124,validation,False
41125,test,False
41126,train,False
41127,validation,False
41128,train,True
41129,train,True
41130,train,False
41131,validation,False
41132,train,True
41133,test,False
41134,train,True
41135,train,False
41136,test,False
41137,train,False
41138,train,True
41139,test,False
41140,train,True
41141,train,False
41142,train,True
41143,test,False
41144,train,True
41145,train,True
41146,train,False
41147,train,True
41148,train,False
41149,train,True
41150,test,False
41151,validation,False
41152,test,False
41153,train,True
41154,train,True
41155,train,True
41156,test,False
41157,validation,False
41158,train,True
41159,train,True
41160,train,False
41161,validation,False
41162,validation,False
41163,validation,False
41164,train,True
41165,validation,False
41166,train,False
41167,test,False
41168,test,False
41169,test,False
41170,train,False
41171,validation,False
41172,test,False
41173,validation,False
41174,train,False
41175,test,False
41176,train,True
41177,test,False
41178,validation,False
41179,train,True
41180,train,True
41181,train,True
41182,validation,False
41183,validation,False
41184,train,True
41185,train,True
41186,train,False
41187,test,False
41188,train,True
41189,train,True
41190,test,False
41191,validation,False
41192,train,True
41193,test,False
41194,train,True
41195,validation,False
41196,test,False
41197,test,False
41198,validation,False
41199,validation,False
41200,train,False
41201,train,True
41202,train,False
41203,validation,False
41204,validation,False
41205,train,False
41206,train,False
41207,validation,False
41208,train,True
41209,test,False
41210,validation,False
41211,test,False
41212,train,True
41213,train,True
41214,train,True
41215,train,True
41216,validation,False
41217,train,False
41218,train,True
41219,validation,False
41220,train,False
41221,validation,False
41222,validation,False
41223,validation,False
41224,train,True
41225,validation,False
41226,train,True
41227,validation,False
41228,train,True
41229,train,False
41230,train,True
41231,validation,False
41232,train,True
41233,train,True
41234,train,True
41235,train,False
41236,validation,False
41237,validation,False
41238,validation,False
41239,validation,False
41240,train,False
41241,validation,False
41242,train,False
41243,train,True
41244,train,True
41245,validation,False
41246,train,True
41247,validation,False
41248,train,True
41249,train,False
41250,train,False
41251,train,False
41252,train,False
41253,test,False
41254,train,True
41255,train,True
41256,test,False
41257,test,False
41258,test,False
41259,train,True
41260,test,False
41261,validation,False
41262,validation,False
41263,train,True
41264,train,True
41265,train,True
41266,train,True
41267,test,False
41268,validation,False
41269,train,True
41270,validation,False
41271,train,True
41272,test,False
41273,train,False
41274,test,False
41275,test,False
41276,train,True
41277,train,True
41278,train,False
41279,test,False
41280,validation,False
41281,train,False
41282,validation,False
41283,train,True
41284,train,False
41285,train,False
41286,validation,False
41287,train,False
41288,train,False
41289,test,False
41290,validation,False
41291,train,False
41292,test,False
41293,train,True
41294,train,True
41295,test,False
41296,train,True
41297,train,True
41298,train,True
41299,train,True
41300,test,False
41301,train,False
41302,train,False
41303,test,False
41304,train,True
41305,train,False
41306,test,False
41307,train,True
41308,test,False
41309,train,True
41310,test,False
41311,train,False
41312,validation,False
41313,train,True
41314,test,False
41315,train,False
41316,train,False
41317,train,False
41318,train,True
41319,validation,False
41320,train,False
41321,validation,False
41322,train,True
41323,test,False
41324,train,False
41325,train,False
41326,validation,False
41327,train,False
41328,train,True
41329,test,False
41330,test,False
41331,validation,False
41332,train,True
41333,train,True
41334,test,False
41335,train,True
41336,train,True
41337,train,True
41338,validation,False
41339,train,True
41340,test,False
41341,train,True
41342,train,True
41343,validation,False
41344,validation,False
41345,test,False
41346,validation,False
41347,train,True
41348,validation,False
41349,train,False
41350,train,True
41351,test,False
41352,train,True
41353,train,False
41354,train,True
41355,validation,False
41356,validation,False
41357,train,False
41358,train,True
41359,validation,False
41360,test,False
41361,train,True
41362,test,False
41363,train,True
41364,train,True
41365,train,True
41366,test,False
41367,test,False
41368,train,True
41369,train,False
41370,train,True
41371,train,True
41372,validation,False
41373,validation,False
41374,train,False
41375,test,False
41376,test,False
41377,validation,False
41378,train,False
41379,test,False
41380,test,False
41381,test,False
41382,train,True
41383,test,False
41384,validation,False
41385,train,True
41386,train,True
41387,train,True
41388,test,False
41389,train,False
41390,test,False
41391,train,True
41392,validation,False
41393,test,False
41394,train,False
41395,train,False
41396,validation,False
41397,test,False
41398,train,True
41399,train,True
41400,test,False
41401,train,False
41402,test,False
41403,validation,False
41404,train,True
41405,validation,False
41406,test,False
41407,train,True
41408,train,True
41409,validation,False
41410,train,True
41411,test,False
41412,train,True
41413,train,True
41414,train,True
41415,train,True
41416,train,True
41417,train,True
41418,validation,False
41419,train,False
41420,validation,False
41421,train,False
41422,test,False
41423,train,True
41424,test,False
41425,train,False
41426,test,False
41427,validation,False
41428,validation,False
41429,train,False
41430,validation,False
41431,test,False
41432,train,True
41433,train,True
41434,test,False
41435,test,False
41436,train,True
41437,train,True
41438,validation,False
41439,validation,False
41440,test,False
41441,train,False
41442,train,True
41443,validation,False
41444,train,True
41445,train,True
41446,train,False
41447,train,True
41448,validation,False
41449,train,True
41450,validation,False
41451,test,False
41452,train,True
41453,test,False
41454,train,True
41455,validation,False
41456,train,True
41457,train,True
41458,train,True
41459,test,False
41460,train,True
41461,train,True
41462,train,False
41463,validation,False
41464,test,False
41465,train,True
41466,train,True
41467,test,False
41468,train,False
41469,train,False
41470,train,True
41471,validation,False
41472,train,False
41473,train,True
41474,train,True
41475,validation,False
41476,validation,False
41477,train,True
41478,test,False
41479,train,True
41480,test,False
41481,train,False
41482,validation,False
41483,train,True
41484,test,False
41485,validation,False
41486,validation,False
41487,test,False
41488,train,False
41489,train,True
41490,validation,False
41491,validation,False
41492,train,True
41493,train,True
41494,validation,False
41495,train,True
41496,train,True
41497,train,True
41498,train,False
41499,train,True
41500,train,False
41501,test,False
41502,train,True
41503,train,True
41504,test,False
41505,train,True
41506,train,False
41507,train,False
41508,test,False
41509,test,False
41510,train,True
41511,train,True
41512,train,True
41513,train,False
41514,train,True
41515,train,True
41516,test,False
41517,validation,False
41518,train,False
41519,validation,False
41520,train,True
41521,test,False
41522,train,False
41523,train,True
41524,validation,False
41525,train,True
41526,train,False
41527,validation,False
41528,validation,False
41529,validation,False
41530,train,False
41531,train,True
41532,test,False
41533,test,False
41534,train,True
41535,train,True
41536,train,True
41537,train,False
41538,validation,False
41539,train,False
41540,train,True
41541,train,False
41542,train,True
41543,test,False
41544,train,False
41545,train,True
41546,train,True
41547,test,False
41548,train,True
41549,train,True
41550,train,True
41551,test,False
41552,train,False
41553,train,True
41554,validation,False
41555,train,True
41556,train,True
41557,train,False
41558,train,True
41559,test,False
41560,train,True
41561,train,True
41562,train,True
41563,train,True
41564,train,True
41565,test,False
41566,train,True
41567,validation,False
41568,validation,False
41569,validation,False
41570,train,True
41571,validation,False
41572,validation,False
41573,train,False
41574,train,True
41575,train,False
41576,train,True
41577,test,False
41578,train,True
41579,train,True
41580,train,True
41581,train,True
41582,train,True
41583,test,False
41584,train,True
41585,train,True
41586,train,False
41587,train,False
41588,train,False
41589,validation,False
41590,test,False
41591,train,True
41592,train,True
41593,train,True
41594,test,False
41595,train,False
41596,test,False
41597,train,True
41598,train,False
41599,train,False
41600,test,False
41601,train,True
41602,train,False
41603,train,False
41604,validation,False
41605,train,True
41606,validation,False
41607,test,False
41608,validation,False
41609,test,False
41610,validation,False
41611,train,True
41612,train,False
41613,test,False
41614,train,False
41615,train,True
41616,train,False
41617,validation,False
41618,train,True
41619,train,False
41620,train,True
41621,test,False
41622,train,True
41623,train,True
41624,train,True
41625,test,False
41626,train,True
41627,train,True
41628,train,True
41629,validation,False
41630,validation,False
41631,validation,False
41632,validation,False
41633,train,True
41634,train,True
41635,train,True
41636,test,False
41637,train,True
41638,train,True
41639,train,True
41640,validation,False
41641,train,True
41642,train,True
41643,train,False
41644,validation,False
41645,train,False
41646,test,False
41647,train,True
41648,train,True
41649,train,True
41650,train,False
41651,train,True
41652,validation,False
41653,train,True
41654,train,False
41655,validation,False
41656,train,True
41657,train,False
41658,validation,False
41659,train,False
41660,validation,False
41661,train,False
41662,train,False
41663,test,False
41664,train,False
41665,validation,False
41666,test,False
41667,test,False
41668,train,True
41669,test,False
41670,validation,False
41671,train,True
41672,train,True
41673,validation,False
41674,train,True
41675,validation,False
41676,test,False
41677,validation,False
41678,test,False
41679,train,False
41680,train,False
41681,train,True
41682,validation,False
41683,validation,False
41684,train,True
41685,train,False
41686,validation,False
41687,validation,False
41688,train,True
41689,test,False
41690,test,False
41691,validation,False
41692,train,True
41693,train,False
41694,train,False
41695,test,False
41696,train,True
41697,train,False
41698,train,True
41699,train,False
41700,train,False
41701,train,True
41702,train,True
41703,train,True
41704,train,False
41705,train,True
41706,train,True
41707,train,False
41708,train,True
41709,test,False
41710,train,True
41711,train,True
41712,test,False
41713,test,False
41714,train,False
41715,train,True
41716,train,False
41717,validation,False
41718,test,False
41719,train,True
41720,train,True
41721,validation,False
41722,validation,False
41723,train,True
41724,train,True
41725,validation,False
41726,train,True
41727,validation,False
41728,train,True
41729,train,False
41730,train,False
41731,train,False
41732,train,True
41733,train,True
41734,train,True
41735,train,False
41736,validation,False
41737,train,True
41738,train,True
41739,train,True
41740,train,True
41741,test,False
41742,train,True
41743,train,False
41744,train,True
41745,train,False
41746,test,False
41747,train,False
41748,train,True
41749,train,False
41750,train,True
41751,train,True
41752,train,True
41753,test,False
41754,test,False
41755,validation,False
41756,train,True
41757,test,False
41758,train,True
41759,test,False
41760,train,True
41761,train,False
41762,validation,False
41763,train,True
41764,validation,False
41765,validation,False
41766,train,False
41767,train,False
41768,train,False
41769,train,True
41770,validation,False
41771,train,True
41772,train,False
41773,train,True
41774,validation,False
41775,train,True
41776,train,True
41777,test,False
41778,test,False
41779,train,True
41780,train,False
41781,train,True
41782,test,False
41783,train,True
41784,train,True
41785,train,True
41786,train,True
41787,train,True
41788,test,False
41789,train,False
41790,validation,False
41791,train,True
41792,train,True
41793,train,True
41794,train,False
41795,train,False
41796,train,False
41797,train,False
41798,train,True
41799,train,True
41800,train,True
41801,train,True
41802,validation,False
41803,train,False
41804,validation,False
41805,train,False
41806,validation,False
41807,train,True
41808,test,False
41809,test,False
41810,train,True
41811,train,True
41812,train,True
41813,train,False
41814,train,True
41815,test,False
41816,train,True
41817,test,False
41818,train,True
41819,train,True
41820,train,True
41821,train,False
41822,test,False
41823,train,False
41824,train,True
41825,train,False
41826,train,True
41827,test,False
41828,test,False
41829,train,False
41830,train,True
41831,validation,False
41832,train,True
41833,train,False
41834,validation,False
41835,validation,False
41836,train,True
41837,validation,False
41838,train,True
41839,test,False
41840,test,False
41841,test,False
41842,train,True
41843,validation,False
41844,train,True
41845,test,False
41846,test,False
41847,validation,False
41848,validation,False
41849,test,False
41850,test,False
41851,train,True
41852,train,True
41853,validation,False
41854,test,False
41855,train,True
41856,train,False
41857,train,True
41858,test,False
41859,train,True
41860,test,False
41861,train,False
41862,validation,False
41863,train,True
41864,train,True
41865,test,False
41866,train,False
41867,test,False
41868,test,False
41869,train,True
41870,train,False
41871,validation,False
41872,train,True
41873,train,True
41874,train,False
41875,validation,False
41876,train,True
41877,train,True
41878,validation,False
41879,train,False
41880,test,False
41881,train,True
41882,validation,False
41883,train,False
41884,train,True
41885,train,False
41886,train,True
41887,test,False
41888,train,True
41889,train,True
41890,validation,False
41891,train,True
41892,test,False
41893,train,True
41894,train,True
41895,test,False
41896,train,True
41897,train,False
41898,train,True
41899,train,False
41900,test,False
41901,validation,False
41902,test,False
41903,train,True
41904,train,False
41905,train,False
41906,test,False
41907,test,False
41908,train,False
41909,train,True
41910,test,False
41911,train,True
41912,validation,False
41913,train,True
41914,train,False
41915,test,False
41916,validation,False
41917,train,True
41918,train,False
41919,validation,False
41920,train,True
41921,train,False
41922,train,True
41923,train,True
41924,train,False
41925,train,True
41926,train,True
41927,train,True
41928,train,True
41929,test,False
41930,train,True
41931,validation,False
41932,train,True
41933,test,False
41934,train,True
41935,train,True
41936,train,True
41937,train,True
41938,validation,False
41939,train,True
41940,train,True
41941,train,False
41942,validation,False
41943,validation,False
41944,validation,False
41945,train,True
41946,test,False
41947,validation,False
41948,train,False
41949,train,True
41950,train,True
41951,validation,False
41952,test,False
41953,train,True
41954,train,True
41955,validation,False
41956,train,False
41957,validation,False
41958,train,True
41959,train,True
41960,train,True
41961,train,True
41962,train,True
41963,train,True
41964,train,False
41965,train,True
41966,train,True
41967,test,False
41968,train,False
41969,test,False
41970,train,False
41971,train,True
41972,train,True
41973,test,False
41974,train,False
41975,test,False
41976,train,True
41977,validation,False
41978,train,True
41979,test,False
41980,test,False
41981,train,True
41982,validation,False
41983,validation,False
41984,validation,False
41985,validation,False
41986,test,False
41987,validation,False
41988,train,True
41989,train,True
41990,train,True
41991,validation,False
41992,train,True
41993,train,True
41994,validation,False
41995,train,True
41996,train,True
41997,train,True
41998,train,True
41999,train,False
42000,train,True
42001,train,True
42002,train,True
42003,validation,False
42004,validation,False
42005,train,True
42006,train,True
42007,train,True
42008,train,False
42009,test,False
42010,train,False
42011,train,True
42012,test,False
42013,train,True
42014,validation,False
42015,train,False
42016,test,False
42017,validation,False
42018,validation,False
42019,train,False
42020,train,True
42021,train,False
42022,validation,False
42023,validation,False
42024,train,True
42025,train,True
42026,test,False
42027,train,True
42028,train,False
42029,train,True
42030,validation,False
42031,validation,False
42032,test,False
42033,train,True
42034,train,True
42035,validation,False
42036,test,False
42037,train,False
42038,train,True
42039,train,False
42040,test,False
42041,validation,False
42042,train,False
42043,train,False
42044,train,True
42045,test,False
42046,train,False
42047,train,True
42048,train,False
42049,test,False
42050,train,True
42051,test,False
42052,train,False
42053,test,False
42054,validation,False
42055,train,True
42056,test,False
42057,train,True
42058,train,True
42059,validation,False
42060,train,False
42061,test,False
42062,train,False
42063,train,True
42064,train,False
42065,test,False
42066,test,False
42067,train,True
42068,validation,False
42069,train,True
42070,validation,False
42071,validation,False
42072,test,False
42073,train,True
42074,train,True
42075,train,True
42076,test,False
42077,train,False
42078,train,True
42079,train,True
42080,train,True
42081,test,False
42082,validation,False
42083,train,True
42084,train,True
42085,train,True
42086,train,True
42087,train,True
42088,train,False
42089,validation,False
42090,train,True
42091,validation,False
42092,test,False
42093,validation,False
42094,train,True
42095,train,True
42096,train,True
42097,validation,False
42098,validation,False
42099,train,True
42100,train,True
42101,train,False
42102,test,False
42103,train,True
42104,validation,False
42105,train,True
42106,test,False
42107,validation,False
42108,train,True
42109,train,True
42110,train,False
42111,validation,False
42112,train,False
42113,validation,False
42114,train,True
42115,validation,False
42116,train,True
42117,test,False
42118,test,False
42119,train,False
42120,test,False
42121,train,True
42122,validation,False
42123,train,True
42124,train,True
42125,train,True
42126,test,False
42127,validation,False
42128,validation,False
42129,test,False
42130,validation,False
42131,train,True
42132,test,False
42133,train,False
42134,test,False
42135,train,True
42136,test,False
42137,train,True
42138,validation,False
42139,train,False
42140,validation,False
42141,validation,False
42142,train,True
42143,train,True
42144,train,True
42145,train,False
42146,train,True
42147,train,True
42148,train,True
42149,test,False
42150,train,False
42151,test,False
42152,test,False
42153,train,False
42154,validation,False
42155,validation,False
42156,train,False
42157,train,True
42158,train,False
42159,train,False
42160,train,False
42161,train,True
42162,test,False
42163,train,False
42164,test,False
42165,test,False
42166,train,True
42167,train,True
42168,train,True
42169,test,False
42170,validation,False
42171,test,False
42172,test,False
42173,train,False
42174,validation,False
42175,train,True
42176,train,True
42177,train,False
42178,train,False
42179,train,True
42180,validation,False
42181,train,True
42182,test,False
42183,test,False
42184,test,False
42185,train,False
42186,validation,False
42187,train,True
42188,validation,False
42189,train,True
42190,validation,False
42191,train,True
42192,train,True
42193,test,False
42194,train,True
42195,train,False
42196,train,True
42197,test,False
42198,train,True
42199,train,True
42200,train,True
42201,train,False
42202,train,True
42203,train,False
42204,validation,False
42205,train,False
42206,train,False
42207,train,True
42208,validation,False
42209,train,True
42210,train,False
42211,test,False
42212,train,False
42213,validation,False
42214,train,True
42215,train,True
42216,validation,False
42217,train,False
42218,train,True
42219,train,True
42220,train,True
42221,validation,False
42222,validation,False
42223,train,True
42224,train,True
42225,train,False
42226,train,True
42227,train,False
42228,train,False
42229,test,False
42230,train,True
42231,train,True
42232,test,False
42233,test,False
42234,test,False
42235,train,False
42236,train,True
42237,train,True
42238,train,False
42239,train,False
42240,test,False
42241,test,False
42242,validation,False
42243,train,False
42244,validation,False
42245,train,True
42246,train,False
42247,train,False
42248,test,False
42249,test,False
42250,train,True
42251,train,False
42252,train,True
42253,train,False
42254,train,False
42255,test,False
42256,test,False
42257,test,False
42258,train,False
42259,train,False
42260,validation,False
42261,train,True
42262,test,False
42263,test,False
42264,validation,False
42265,train,True
42266,test,False
42267,test,False
42268,test,False
42269,train,True
42270,train,True
42271,train,False
42272,validation,False
42273,train,True
42274,validation,False
42275,train,True
42276,train,True
42277,validation,False
42278,train,True
42279,train,True
42280,validation,False
42281,test,False
42282,train,True
42283,train,True
42284,train,True
42285,train,True
42286,train,False
42287,train,False
42288,train,False
42289,validation,False
42290,train,False
42291,validation,False
42292,test,False
42293,test,False
42294,train,True
42295,validation,False
42296,train,False
42297,test,False
42298,train,False
42299,validation,False
42300,train,True
42301,train,True
42302,test,False
42303,train,True
42304,train,True
42305,test,False
42306,train,False
42307,train,False
42308,validation,False
42309,train,True
42310,test,False
42311,train,True
42312,validation,False
42313,train,True
42314,train,True
42315,test,False
42316,validation,False
42317,train,True
42318,train,True
42319,test,False
42320,validation,False
42321,validation,False
42322,validation,False
42323,train,True
42324,train,True
42325,validation,False
42326,train,False
42327,train,True
42328,validation,False
42329,train,False
42330,train,True
42331,validation,False
42332,train,True
42333,train,True
42334,validation,False
42335,train,False
42336,test,False
42337,train,True
42338,train,True
42339,train,True
42340,train,False
42341,train,True
42342,validation,False
42343,train,True
42344,validation,False
42345,validation,False
42346,validation,False
42347,test,False
42348,validation,False
42349,train,True
42350,train,True
42351,test,False
42352,train,True
42353,test,False
42354,test,False
42355,train,True
42356,validation,False
42357,train,True
42358,test,False
42359,test,False
42360,train,True
42361,train,False
42362,train,True
42363,test,False
42364,validation,False
42365,test,False
42366,train,True
42367,train,False
42368,train,True
42369,train,True
42370,train,False
42371,validation,False
42372,test,False
42373,validation,False
42374,train,True
42375,train,False
42376,test,False
42377,train,False
42378,train,True
42379,test,False
42380,train,False
42381,train,False
42382,test,False
42383,train,True
42384,train,False
42385,train,False
42386,train,True
42387,validation,False
42388,train,True
42389,test,False
42390,validation,False
42391,test,False
42392,train,True
42393,test,False
42394,train,True
42395,train,True
42396,train,True
42397,train,True
42398,train,True
42399,train,False
42400,test,False
42401,validation,False
42402,train,True
42403,train,True
42404,validation,False
42405,validation,False
42406,validation,False
42407,validation,False
42408,validation,False
42409,train,True
42410,train,True
42411,train,True
42412,train,True
42413,test,False
42414,validation,False
42415,train,True
42416,test,False
42417,train,False
42418,test,False
42419,validation,False
42420,train,True
42421,test,False
42422,train,False
42423,validation,False
42424,validation,False
42425,test,False
42426,test,False
42427,train,False
42428,validation,False
42429,train,True
42430,validation,False
42431,test,False
42432,validation,False
42433,test,False
42434,train,True
42435,test,False
42436,train,False
42437,train,False
42438,train,True
42439,validation,False
42440,train,True
42441,validation,False
42442,validation,False
42443,train,True
42444,train,True
42445,train,True
42446,test,False
42447,train,True
42448,test,False
42449,train,False
42450,train,True
42451,validation,False
42452,test,False
42453,validation,False
42454,train,False
42455,validation,False
42456,validation,False
42457,train,False
42458,train,False
42459,train,False
42460,train,False
42461,test,False
42462,train,True
42463,validation,False
42464,train,True
42465,test,False
42466,validation,False
42467,train,True
42468,train,True
42469,train,False
42470,test,False
42471,train,False
42472,validation,False
42473,train,False
42474,validation,False
42475,train,True
42476,train,False
42477,train,True
42478,train,False
42479,train,True
42480,train,True
42481,train,False
42482,train,False
42483,train,True
42484,train,True
42485,train,True
42486,train,True
42487,train,True
42488,train,False
42489,train,False
42490,train,True
42491,validation,False
42492,train,True
42493,validation,False
42494,test,False
42495,validation,False
42496,train,True
42497,train,True
42498,validation,False
42499,test,False
42500,test,False
42501,train,True
42502,validation,False
42503,train,False
42504,train,True
42505,test,False
42506,validation,False
42507,validation,False
42508,test,False
42509,validation,False
42510,validation,False
42511,train,False
42512,validation,False
42513,train,False
42514,train,False
42515,test,False
42516,test,False
42517,train,False
42518,train,True
42519,train,True
42520,test,False
42521,validation,False
42522,validation,False
42523,train,False
42524,validation,False
42525,test,False
42526,test,False
42527,train,False
42528,train,True
42529,train,True
42530,train,True
42531,test,False
42532,train,True
42533,train,True
42534,validation,False
42535,train,True
42536,test,False
42537,train,False
42538,train,False
42539,train,False
42540,train,True
42541,train,True
42542,train,True
42543,train,True
42544,validation,False
42545,validation,False
42546,train,True
42547,test,False
42548,train,False
42549,train,True
42550,validation,False
42551,train,True
42552,train,True
42553,train,False
42554,validation,False
42555,train,True
42556,train,True
42557,train,True
42558,validation,False
42559,train,False
42560,train,True
42561,train,True
42562,train,True
42563,validation,False
42564,validation,False
42565,train,True
42566,train,True
42567,validation,False
42568,train,False
42569,test,False
42570,validation,False
42571,train,True
42572,test,False
42573,train,True
42574,validation,False
42575,validation,False
42576,train,True
42577,validation,False
42578,train,False
42579,train,True
42580,train,False
42581,test,False
42582,test,False
42583,train,True
42584,train,False
42585,train,True
42586,train,True
42587,validation,False
42588,test,False
42589,validation,False
42590,train,True
42591,train,False
42592,train,True
42593,train,True
42594,train,True
42595,test,False
42596,validation,False
42597,train,True
42598,validation,False
42599,train,True
42600,test,False
42601,validation,False
42602,train,True
42603,test,False
42604,test,False
42605,test,False
42606,validation,False
42607,validation,False
42608,test,False
42609,train,True
42610,train,True
42611,test,False
42612,train,True
42613,train,True
42614,train,False
42615,test,False
42616,validation,False
42617,test,False
42618,validation,False
42619,train,True
42620,train,False
42621,train,False
42622,train,False
42623,train,True
42624,train,False
42625,test,False
42626,validation,False
42627,validation,False
42628,test,False
42629,train,True
42630,train,True
42631,train,True
42632,train,True
42633,train,True
42634,train,False
42635,test,False
42636,train,False
42637,train,True
42638,validation,False
42639,test,False
42640,test,False
42641,validation,False
42642,validation,False
42643,train,True
42644,train,False
42645,test,False
42646,test,False
42647,train,False
42648,train,False
42649,test,False
42650,test,False
42651,train,False
42652,train,True
42653,train,False
42654,train,True
42655,test,False
42656,train,True
42657,validation,False
42658,train,True
42659,validation,False
42660,train,True
42661,train,True
42662,train,True
42663,train,True
42664,train,True
42665,train,True
42666,test,False
42667,train,True
42668,validation,False
42669,test,False
42670,test,False
42671,train,True
42672,validation,False
42673,validation,False
42674,train,False
42675,test,False
42676,train,True
42677,train,False
42678,train,True
42679,train,True
42680,test,False
42681,test,False
42682,test,False
42683,train,False
42684,train,True
42685,train,True
42686,train,True
42687,train,True
42688,train,False
42689,validation,False
42690,validation,False
42691,train,False
42692,train,False
42693,train,False
42694,validation,False
42695,test,False
42696,validation,False
42697,validation,False
42698,train,True
42699,train,True
42700,train,True
42701,train,True
42702,train,False
42703,test,False
42704,validation,False
42705,train,False
42706,test,False
42707,test,False
42708,train,True
42709,train,True
42710,validation,False
42711,train,True
42712,test,False
42713,train,True
42714,test,False
42715,test,False
42716,validation,False
42717,test,False
42718,validation,False
42719,train,False
42720,test,False
42721,test,False
42722,train,True
42723,train,True
42724,test,False
42725,validation,False
42726,test,False
42727,validation,False
42728,validation,False
42729,train,False
42730,validation,False
42731,train,False
42732,train,True
42733,train,True
42734,test,False
42735,train,False
42736,test,False
42737,validation,False
42738,train,False
42739,train,True
42740,test,False
42741,train,True
42742,train,False
42743,test,False
42744,validation,False
42745,test,False
42746,train,False
42747,train,False
42748,train,True
42749,validation,False
42750,train,False
42751,train,False
42752,train,False
42753,test,False
42754,train,True
42755,train,True
42756,validation,False
42757,test,False
42758,train,True
42759,train,False
42760,test,False
42761,validation,False
42762,validation,False
42763,train,False
42764,train,True
42765,test,False
42766,train,True
42767,train,False
42768,train,False
42769,test,False
42770,train,True
42771,train,True
42772,train,False
42773,test,False
42774,validation,False
42775,validation,False
42776,validation,False
42777,train,False
42778,train,True
42779,validation,False
42780,train,False
42781,validation,False
42782,test,False
42783,train,True
42784,train,True
42785,train,True
42786,validation,False
42787,train,False
42788,validation,False
42789,test,False
42790,validation,False
42791,train,True
42792,train,True
42793,validation,False
42794,validation,False
42795,train,True
42796,train,True
42797,train,True
42798,train,False
42799,validation,False
42800,train,True
42801,train,False
42802,train,False
42803,test,False
42804,train,True
42805,validation,False
42806,validation,False
42807,train,True
42808,validation,False
42809,train,True
42810,train,True
42811,train,True
42812,train,True
42813,validation,False
42814,train,True
42815,validation,False
42816,test,False
42817,train,True
42818,train,True
42819,train,True
42820,train,False
42821,train,True
42822,train,True
42823,train,True
42824,train,True
42825,train,False
42826,train,True
42827,test,False
42828,test,False
42829,test,False
42830,train,True
42831,validation,False
42832,train,True
42833,train,True
42834,train,True
42835,train,False
42836,validation,False
42837,validation,False
42838,test,False
42839,validation,False
42840,train,True
42841,train,True
42842,train,True
42843,validation,False
42844,train,True
42845,train,False
42846,train,False
42847,validation,False
42848,train,True
42849,validation,False
42850,train,True
42851,train,False
42852,train,False
42853,validation,False
42854,test,False
42855,validation,False
42856,test,False
42857,test,False
42858,test,False
42859,train,True
42860,train,True
42861,test,False
42862,validation,False
42863,validation,False
42864,test,False
42865,train,False
42866,train,True
42867,test,False
42868,train,True
42869,train,False
42870,validation,False
42871,train,True
42872,test,False
42873,validation,False
42874,validation,False
42875,train,True
42876,validation,False
42877,test,False
42878,train,True
42879,train,True
42880,test,False
42881,train,True
42882,train,True
42883,validation,False
42884,train,True
42885,train,True
42886,train,True
42887,test,False
42888,train,True
42889,train,True
42890,test,False
42891,train,False
42892,train,True
42893,test,False
42894,train,True
42895,validation,False
42896,train,True
42897,train,False
42898,train,True
42899,validation,False
42900,train,True
42901,train,True
42902,train,True
42903,train,True
42904,test,False
42905,validation,False
42906,train,True
42907,test,False
42908,train,False
42909,train,True
42910,train,True
42911,validation,False
42912,train,True
42913,train,True
42914,train,True
42915,train,True
42916,train,False
42917,test,False
42918,train,True
42919,train,False
42920,train,True
42921,train,False
42922,train,True
42923,train,False
42924,train,True
42925,train,True
42926,train,False
42927,validation,False
42928,train,True
42929,train,True
42930,train,True
42931,train,False
42932,train,True
42933,test,False
42934,train,False
42935,train,True
42936,test,False
42937,train,True
42938,train,True
42939,validation,False
42940,train,True
42941,train,False
42942,train,False
42943,train,True
42944,train,True
42945,test,False
42946,train,True
42947,test,False
42948,train,False
42949,train,True
42950,test,False
42951,train,False
42952,train,True
42953,train,False
42954,train,False
42955,train,True
42956,validation,False
42957,train,True
42958,train,True
42959,train,False
42960,train,False
42961,test,False
42962,test,False
42963,train,False
42964,train,True
42965,train,False
42966,train,True
42967,train,True
42968,train,False
42969,train,False
42970,validation,False
42971,train,True
42972,train,False
42973,validation,False
42974,train,True
42975,validation,False
42976,validation,False
42977,train,True
42978,test,False
42979,train,True
42980,train,False
42981,test,False
42982,train,True
42983,train,False
42984,test,False
42985,train,True
42986,test,False
42987,train,True
42988,train,True
42989,train,True
42990,train,True
42991,validation,False
42992,train,True
42993,train,False
42994,train,False
42995,train,True
42996,train,True
42997,train,True
42998,test,False
42999,test,False
43000,validation,False
43001,validation,False
43002,train,False
43003,train,True
43004,test,False
43005,test,False
43006,validation,False
43007,test,False
43008,validation,False
43009,train,False
43010,train,False
43011,train,False
43012,test,False
43013,train,True
43014,validation,False
43015,train,True
43016,train,True
43017,validation,False
43018,test,False
43019,test,False
43020,validation,False
43021,train,False
43022,validation,False
43023,train,False
43024,train,True
43025,train,False
43026,train,False
43027,test,False
43028,test,False
43029,train,True
43030,train,False
43031,train,True
43032,train,True
43033,train,True
43034,train,False
43035,validation,False
43036,train,False
43037,train,False
43038,validation,False
43039,validation,False
43040,test,False
43041,train,False
43042,validation,False
43043,train,False
43044,train,True
43045,train,True
43046,train,True
43047,train,True
43048,test,False
43049,test,False
43050,train,False
43051,train,True
43052,train,True
43053,test,False
43054,validation,False
43055,train,False
43056,train,False
43057,train,True
43058,train,False
43059,train,True
43060,train,True
43061,validation,False
43062,train,True
43063,test,False
43064,train,False
43065,test,False
43066,test,False
43067,train,False
43068,train,True
43069,train,True
43070,test,False
43071,train,False
43072,validation,False
43073,train,False
43074,validation,False
43075,train,True
43076,validation,False
43077,train,True
43078,test,False
43079,test,False
43080,test,False
43081,train,True
43082,train,False
43083,train,True
43084,validation,False
43085,train,True
43086,train,True
43087,train,True
43088,train,False
43089,train,True
43090,validation,False
43091,validation,False
43092,validation,False
43093,validation,False
43094,train,True
43095,train,True
43096,train,True
43097,validation,False
43098,train,True
43099,train,True
43100,train,True
43101,validation,False
43102,train,False
43103,train,True
43104,train,False
43105,test,False
43106,validation,False
43107,train,True
43108,train,True
43109,train,True
43110,train,False
43111,train,True
43112,validation,False
43113,test,False
43114,train,True
43115,train,True
43116,train,False
43117,train,False
43118,train,True
43119,validation,False
43120,test,False
43121,validation,False
43122,train,True
43123,train,True
43124,train,True
43125,test,False
43126,train,True
43127,train,True
43128,test,False
43129,test,False
43130,train,False
43131,train,True
43132,test,False
43133,validation,False
43134,validation,False
43135,validation,False
43136,train,False
43137,train,True
43138,test,False
43139,validation,False
43140,train,True
43141,validation,False
43142,train,True
43143,train,True
43144,train,True
43145,train,False
43146,train,True
43147,validation,False
43148,test,False
43149,train,True
43150,train,True
43151,test,False
43152,train,True
43153,validation,False
43154,validation,False
43155,train,False
43156,train,True
43157,test,False
43158,train,True
43159,train,True
43160,train,False
43161,train,False
43162,train,False
43163,validation,False
43164,validation,False
43165,train,True
43166,train,True
43167,train,True
43168,train,True
43169,validation,False
43170,validation,False
43171,train,True
43172,train,False
43173,train,True
43174,train,True
43175,train,False
43176,train,False
43177,train,True
43178,validation,False
43179,train,True
43180,train,False
43181,train,True
43182,test,False
43183,train,True
43184,train,False
43185,test,False
43186,train,True
43187,test,False
43188,train,True
43189,train,False
43190,test,False
43191,train,False
43192,train,False
43193,train,True
43194,validation,False
43195,test,False
43196,test,False
43197,train,True
43198,validation,False
43199,test,False
43200,train,True
43201,train,True
43202,validation,False
43203,train,True
43204,train,True
43205,train,True
43206,train,True
43207,validation,False
43208,train,True
43209,train,False
43210,train,False
43211,validation,False
43212,validation,False
43213,validation,False
43214,train,False
43215,train,True
43216,validation,False
43217,train,True
43218,train,False
43219,train,True
43220,test,False
43221,test,False
43222,train,True
43223,test,False
43224,validation,False
43225,train,True
43226,validation,False
43227,train,False
43228,test,False
43229,train,True
43230,train,True
43231,validation,False
43232,test,False
43233,train,False
43234,train,True
43235,train,True
43236,test,False
43237,train,True
43238,train,True
43239,validation,False
43240,validation,False
43241,validation,False
43242,train,True
43243,train,True
43244,train,True
43245,test,False
43246,validation,False
43247,train,True
43248,validation,False
43249,train,True
43250,validation,False
43251,train,True
43252,train,False
43253,train,True
43254,train,False
43255,train,False
43256,train,True
43257,train,True
43258,train,True
43259,train,True
43260,train,True
43261,train,True
43262,train,True
43263,train,True
43264,train,True
43265,test,False
43266,train,True
43267,test,False
43268,train,False
43269,train,True
43270,test,False
43271,train,True
43272,validation,False
43273,train,False
43274,test,False
43275,train,False
43276,test,False
43277,train,False
43278,train,False
43279,validation,False
43280,validation,False
43281,validation,False
43282,validation,False
43283,test,False
43284,test,False
43285,test,False
43286,test,False
43287,train,False
43288,train,True
43289,test,False
43290,train,True
43291,validation,False
43292,test,False
43293,test,False
43294,train,True
43295,train,False
43296,train,True
43297,test,False
43298,train,False
43299,test,False
43300,train,True
43301,validation,False
43302,validation,False
43303,validation,False
43304,train,True
43305,test,False
43306,validation,False
43307,validation,False
43308,train,True
43309,train,True
43310,train,False
43311,train,False
43312,validation,False
43313,train,True
43314,train,True
43315,train,True
43316,train,False
43317,train,False
43318,validation,False
43319,train,True
43320,test,False
43321,train,True
43322,train,False
43323,train,True
43324,train,False
43325,test,False
43326,train,True
43327,validation,False
43328,train,True
43329,train,False
43330,train,True
43331,test,False
43332,test,False
43333,train,False
43334,validation,False
43335,validation,False
43336,test,False
43337,test,False
43338,train,True
43339,train,True
43340,train,True
43341,validation,False
43342,validation,False
43343,train,True
43344,train,True
43345,validation,False
43346,train,False
43347,validation,False
43348,train,False
43349,train,False
43350,train,True
43351,train,True
43352,train,True
43353,train,True
43354,train,True
43355,train,True
43356,train,False
43357,train,True
43358,train,True
43359,train,True
43360,validation,False
43361,test,False
43362,train,False
43363,test,False
43364,validation,False
43365,train,True
43366,train,False
43367,train,True
43368,validation,False
43369,train,True
43370,validation,False
43371,validation,False
43372,train,True
43373,train,True
43374,train,True
43375,test,False
43376,validation,False
43377,train,False
43378,validation,False
43379,validation,False
43380,test,False
43381,validation,False
43382,train,False
43383,test,False
43384,train,False
43385,train,True
43386,train,False
43387,test,False
43388,train,True
43389,train,False
43390,train,True
43391,train,True
43392,train,False
43393,train,False
43394,validation,False
43395,train,True
43396,validation,False
43397,test,False
43398,test,False
43399,train,True
43400,test,False
43401,train,True
43402,validation,False
43403,validation,False
43404,train,True
43405,test,False
43406,test,False
43407,test,False
43408,train,False
43409,train,False
43410,train,True
43411,validation,False
43412,train,True
43413,train,False
43414,validation,False
43415,train,True
43416,train,True
43417,test,False
43418,validation,False
43419,test,False
43420,train,True
43421,test,False
43422,train,False
43423,train,False
43424,test,False
43425,test,False
43426,train,True
43427,train,False
43428,train,True
43429,train,True
43430,validation,False
43431,validation,False
43432,test,False
43433,validation,False
43434,train,False
43435,train,False
43436,train,True
43437,train,True
43438,train,True
43439,train,True
43440,train,True
43441,train,False
43442,test,False
43443,validation,False
43444,train,True
43445,validation,False
43446,train,True
43447,train,True
43448,train,True
43449,test,False
43450,validation,False
43451,test,False
43452,test,False
43453,train,True
43454,train,True
43455,train,True
43456,train,True
43457,train,False
43458,train,True
43459,test,False
43460,validation,False
43461,validation,False
43462,train,True
43463,train,True
43464,train,True
43465,train,False
43466,train,True
43467,test,False
43468,train,True
43469,train,False
43470,validation,False
43471,train,True
43472,train,True
43473,train,False
43474,train,True
43475,validation,False
43476,test,False
43477,train,True
43478,validation,False
43479,train,False
43480,validation,False
43481,train,True
43482,train,False
43483,test,False
43484,train,False
43485,train,True
43486,test,False
43487,test,False
43488,validation,False
43489,test,False
43490,train,True
43491,test,False
43492,validation,False
43493,train,False
43494,validation,False
43495,train,True
43496,train,True
43497,validation,False
43498,test,False
43499,train,False
43500,train,True
43501,train,False
43502,validation,False
43503,validation,False
43504,train,False
43505,train,True
43506,validation,False
43507,train,True
43508,validation,False
43509,test,False
43510,train,True
43511,train,False
43512,train,True
43513,train,True
43514,train,True
43515,train,True
43516,validation,False
43517,train,True
43518,train,True
43519,train,True
43520,test,False
43521,train,True
43522,train,True
43523,train,True
43524,train,False
43525,train,False
43526,train,True
43527,train,True
43528,train,True
43529,train,False
43530,train,True
43531,train,True
43532,train,True
43533,train,True
43534,validation,False
43535,train,True
43536,train,True
43537,train,False
43538,train,True
43539,train,True
43540,test,False
43541,train,True
43542,train,False
43543,train,True
43544,train,False
43545,validation,False
43546,validation,False
43547,validation,False
43548,train,True
43549,train,False
43550,validation,False
43551,train,True
43552,train,True
43553,test,False
43554,validation,False
43555,train,True
43556,train,False
43557,train,True
43558,train,False
43559,train,True
43560,validation,False
43561,test,False
43562,train,True
43563,validation,False
43564,train,False
43565,train,True
43566,train,True
43567,train,True
43568,train,True
43569,train,True
43570,train,False
43571,test,False
43572,validation,False
43573,test,False
43574,train,True
43575,test,False
43576,train,False
43577,train,True
43578,validation,False
43579,train,True
43580,train,True
43581,test,False
43582,train,False
43583,train,False
43584,train,False
43585,train,True
43586,train,True
43587,train,True
43588,train,True
43589,train,True
43590,train,True
43591,train,False
43592,train,True
43593,validation,False
43594,train,True
43595,train,False
43596,test,False
43597,train,True
43598,test,False
43599,train,False
43600,validation,False
43601,train,True
43602,train,False
43603,test,False
43604,train,True
43605,train,True
43606,train,False
43607,validation,False
43608,validation,False
43609,train,True
43610,test,False
43611,train,False
43612,train,True
43613,train,False
43614,validation,False
43615,train,True
43616,train,True
43617,train,True
43618,train,True
43619,train,True
43620,test,False
43621,train,True
43622,test,False
43623,train,True
43624,validation,False
43625,validation,False
43626,train,False
43627,validation,False
43628,test,False
43629,train,True
43630,test,False
43631,train,False
43632,train,True
43633,test,False
43634,validation,False
43635,train,False
43636,validation,False
43637,train,True
43638,test,False
43639,train,True
43640,train,True
43641,train,True
43642,train,True
43643,train,True
43644,train,False
43645,train,True
43646,validation,False
43647,test,False
43648,test,False
43649,train,True
43650,train,True
43651,test,False
43652,train,True
43653,train,False
43654,train,True
43655,train,True
43656,train,True
43657,train,True
43658,train,True
43659,train,True
43660,train,True
43661,validation,False
43662,train,True
43663,train,True
43664,test,False
43665,test,False
43666,train,False
43667,validation,False
43668,train,True
43669,train,False
43670,train,False
43671,train,False
43672,train,False
43673,train,True
43674,validation,False
43675,train,True
43676,train,False
43677,train,True
43678,test,False
43679,train,True
43680,test,False
43681,train,True
43682,train,True
43683,train,False
43684,train,True
43685,train,False
43686,test,False
43687,test,False
43688,validation,False
43689,train,True
43690,train,False
43691,train,True
43692,train,True
43693,train,True
43694,validation,False
43695,validation,False
43696,test,False
43697,train,False
43698,train,False
43699,validation,False
43700,validation,False
43701,train,True
43702,train,True
43703,validation,False
43704,train,True
43705,test,False
43706,validation,False
43707,train,False
43708,train,True
43709,train,True
43710,train,True
43711,train,True
43712,train,False
43713,train,False
43714,train,True
43715,test,False
43716,test,False
43717,train,True
43718,train,True
43719,train,True
43720,train,True
43721,validation,False
43722,train,False
43723,train,True
43724,train,False
43725,train,True
43726,test,False
43727,train,True
43728,train,True
43729,validation,False
43730,train,True
43731,validation,False
43732,validation,False
43733,test,False
43734,train,False
43735,test,False
43736,train,True
43737,test,False
43738,train,False
43739,train,True
43740,test,False
43741,train,True
43742,train,True
43743,train,False
43744,train,True
43745,train,True
43746,train,False
43747,test,False
43748,train,True
43749,train,True
43750,validation,False
43751,validation,False
43752,train,True
43753,test,False
43754,train,True
43755,train,True
43756,train,True
43757,train,True
43758,train,True
43759,train,True
43760,train,False
43761,train,True
43762,train,False
43763,validation,False
43764,train,True
43765,train,False
43766,test,False
43767,train,False
43768,train,False
43769,train,False
43770,train,True
43771,validation,False
43772,train,True
43773,train,True
43774,train,True
43775,test,False
43776,test,False
43777,validation,False
43778,train,False
43779,train,True
43780,train,True
43781,train,True
43782,train,True
43783,train,True
43784,train,True
43785,validation,False
43786,test,False
43787,train,True
43788,train,True
43789,train,True
43790,validation,False
43791,test,False
43792,train,True
43793,test,False
43794,test,False
43795,train,True
43796,train,True
43797,train,True
43798,train,False
43799,train,False
43800,train,True
43801,train,True
43802,train,True
43803,train,True
43804,train,True
43805,train,False
43806,train,True
43807,train,True
43808,train,True
43809,train,True
43810,train,True
43811,train,True
43812,train,True
43813,train,True
43814,train,True
43815,validation,False
43816,train,True
43817,train,True
43818,test,False
43819,test,False
43820,train,True
43821,train,True
43822,test,False
43823,train,True
43824,train,False
43825,validation,False
43826,test,False
43827,train,False
43828,train,True
43829,train,False
43830,train,True
43831,test,False
43832,validation,False
43833,train,True
43834,train,False
43835,train,True
43836,train,True
43837,validation,False
43838,test,False
43839,validation,False
43840,train,False
43841,train,True
43842,train,True
43843,train,False
43844,train,True
43845,train,True
43846,test,False
43847,validation,False
43848,validation,False
43849,train,True
43850,validation,False
43851,train,True
43852,validation,False
43853,validation,False
43854,train,True
43855,validation,False
43856,validation,False
43857,train,False
43858,train,True
43859,train,False
43860,train,True
43861,test,False
43862,validation,False
43863,train,False
43864,validation,False
43865,test,False
43866,train,False
43867,train,False
43868,train,False
43869,train,False
43870,validation,False
43871,train,True
43872,train,True
43873,train,True
43874,test,False
43875,train,True
43876,train,True
43877,validation,False
43878,train,True
43879,validation,False
43880,train,False
43881,test,False
43882,test,False
43883,train,True
43884,train,False
43885,train,True
43886,train,True
43887,validation,False
43888,test,False
43889,train,False
43890,test,False
43891,train,True
43892,train,False
43893,train,True
43894,validation,False
43895,train,False
43896,test,False
43897,test,False
43898,train,True
43899,train,True
43900,test,False
43901,train,False
43902,train,True
43903,test,False
43904,test,False
43905,test,False
43906,train,False
43907,validation,False
43908,test,False
43909,validation,False
43910,train,True
43911,train,False
43912,test,False
43913,test,False
43914,train,True
43915,train,True
43916,train,True
43917,test,False
43918,train,True
43919,train,True
43920,test,False
43921,train,True
43922,train,True
43923,train,False
43924,validation,False
43925,train,True
43926,test,False
43927,test,False
43928,test,False
43929,test,False
43930,train,False
43931,train,False
43932,train,True
43933,train,False
43934,test,False
43935,validation,False
43936,train,True
43937,validation,False
43938,train,True
43939,train,True
43940,train,False
43941,test,False
43942,train,True
43943,train,False
43944,test,False
43945,validation,False
43946,validation,False
43947,test,False
43948,test,False
43949,validation,False
43950,test,False
43951,validation,False
43952,train,True
43953,train,True
43954,train,True
43955,train,False
43956,test,False
43957,train,True
43958,train,False
43959,test,False
43960,validation,False
43961,validation,False
43962,test,False
43963,validation,False
43964,test,False
43965,train,True
43966,train,True
43967,train,True
43968,test,False
43969,test,False
43970,train,False
43971,test,False
43972,test,False
43973,test,False
43974,test,False
43975,train,True
43976,train,True
43977,validation,False
43978,validation,False
43979,validation,False
43980,train,True
43981,test,False
43982,test,False
43983,train,True
43984,train,True
43985,test,False
43986,validation,False
43987,train,True
43988,train,True
43989,train,False
43990,train,False
43991,train,True
43992,test,False
43993,validation,False
43994,validation,False
43995,train,True
43996,validation,False
43997,validation,False
43998,train,False
43999,train,False
44000,train,False
44001,validation,False
44002,train,False
44003,train,False
44004,train,False
44005,validation,False
44006,test,False
44007,validation,False
44008,validation,False
44009,train,True
44010,train,False
44011,test,False
44012,train,False
44013,validation,False
44014,train,False
44015,test,False
44016,train,False
44017,train,True
44018,train,True
44019,test,False
44020,test,False
44021,test,False
44022,validation,False
44023,train,True
44024,test,False
44025,train,True
44026,train,False
44027,train,True
44028,validation,False
44029,train,True
44030,validation,False
44031,validation,False
44032,train,True
44033,train,True
44034,validation,False
44035,train,False
44036,validation,False
44037,train,True
44038,train,True
44039,validation,False
44040,validation,False
44041,train,True
44042,test,False
44043,validation,False
44044,test,False
44045,train,False
44046,train,False
44047,test,False
44048,validation,False
44049,train,False
44050,train,True
44051,train,True
44052,test,False
44053,train,True
44054,train,True
44055,train,True
44056,train,True
44057,validation,False
44058,train,False
44059,train,True
44060,validation,False
44061,validation,False
44062,train,True
44063,train,False
44064,validation,False
44065,train,False
44066,train,True
44067,train,False
44068,validation,False
44069,test,False
44070,train,True
44071,train,False
44072,validation,False
44073,train,True
44074,train,False
44075,test,False
44076,test,False
44077,train,False
44078,train,True
44079,train,True
44080,validation,False
44081,train,True
44082,validation,False
44083,train,True
44084,train,True
44085,train,True
44086,train,False
44087,test,False
44088,train,False
44089,train,False
44090,train,True
44091,train,False
44092,train,True
44093,train,False
44094,test,False
44095,train,True
44096,validation,False
44097,train,True
44098,train,True
44099,validation,False
44100,train,False
44101,train,True
44102,validation,False
44103,test,False
44104,train,False
44105,train,True
44106,train,True
44107,validation,False
44108,train,False
44109,train,True
44110,test,False
44111,validation,False
44112,validation,False
44113,validation,False
44114,train,True
44115,train,True
44116,test,False
44117,test,False
44118,train,True
44119,train,True
44120,test,False
44121,train,True
44122,train,False
44123,train,True
44124,train,True
44125,train,True
44126,train,True
44127,validation,False
44128,train,False
44129,train,True
44130,test,False
44131,test,False
44132,train,False
44133,validation,False
44134,test,False
44135,test,False
44136,train,True
44137,test,False
44138,train,True
44139,validation,False
44140,train,True
44141,train,True
44142,test,False
44143,train,True
44144,test,False
44145,train,True
44146,test,False
44147,validation,False
44148,train,False
44149,train,True
44150,train,True
44151,validation,False
44152,test,False
44153,test,False
44154,test,False
44155,train,True
44156,train,True
44157,validation,False
44158,train,True
44159,train,False
44160,validation,False
44161,train,True
44162,train,True
44163,test,False
44164,validation,False
44165,train,True
44166,validation,False
44167,train,True
44168,test,False
44169,validation,False
44170,train,True
44171,test,False
44172,validation,False
44173,validation,False
44174,train,True
44175,test,False
44176,test,False
44177,train,True
44178,validation,False
44179,train,True
44180,test,False
44181,validation,False
44182,test,False
44183,validation,False
44184,test,False
44185,train,True
44186,train,False
44187,test,False
44188,test,False
44189,validation,False
44190,train,True
44191,train,False
44192,validation,False
44193,train,True
44194,train,False
44195,train,True
44196,train,False
44197,train,True
44198,train,False
44199,train,True
44200,train,True
44201,test,False
44202,train,False
44203,test,False
44204,train,False
44205,train,False
44206,train,True
44207,train,True
44208,test,False
44209,validation,False
44210,train,True
44211,train,True
44212,validation,False
44213,train,False
44214,train,True
44215,validation,False
44216,test,False
44217,test,False
44218,test,False
44219,train,False
44220,train,False
44221,train,True
44222,test,False
44223,train,True
44224,train,False
44225,train,True
44226,train,True
44227,train,False
44228,validation,False
44229,validation,False
44230,train,True
44231,test,False
44232,train,False
44233,train,True
44234,train,False
44235,validation,False
44236,test,False
44237,validation,False
44238,test,False
44239,test,False
44240,train,True
44241,test,False
44242,test,False
44243,validation,False
44244,validation,False
44245,train,True
44246,test,False
44247,train,False
44248,train,True
44249,train,True
44250,train,True
44251,train,True
44252,train,True
44253,test,False
44254,train,True
44255,validation,False
44256,validation,False
44257,test,False
44258,test,False
44259,train,True
44260,validation,False
44261,validation,False
44262,train,False
44263,test,False
44264,train,False
44265,train,False
44266,train,True
44267,train,True
44268,train,False
44269,train,True
44270,train,True
44271,train,True
44272,test,False
44273,train,True
44274,train,True
44275,train,False
44276,validation,False
44277,validation,False
44278,validation,False
44279,validation,False
44280,train,False
44281,validation,False
44282,train,True
44283,train,True
44284,validation,False
44285,train,False
44286,train,False
44287,validation,False
44288,validation,False
44289,train,False
44290,train,True
44291,validation,False
44292,train,True
44293,validation,False
44294,train,True
44295,train,True
44296,validation,False
44297,train,False
44298,train,True
44299,train,True
44300,test,False
44301,train,True
44302,train,True
44303,validation,False
44304,validation,False
44305,test,False
44306,validation,False
44307,validation,False
44308,train,False
44309,train,False
44310,train,False
44311,validation,False
44312,test,False
44313,validation,False
44314,train,True
44315,train,True
44316,train,False
44317,test,False
44318,train,False
44319,train,False
44320,validation,False
44321,validation,False
44322,test,False
44323,train,True
44324,train,True
44325,test,False
44326,validation,False
44327,train,False
44328,train,True
44329,train,True
44330,train,True
44331,train,True
44332,train,True
44333,train,False
44334,train,True
44335,validation,False
44336,train,True
44337,train,True
44338,train,False
44339,validation,False
44340,train,True
44341,train,True
44342,train,False
44343,train,True
44344,train,True
44345,train,True
44346,test,False
44347,train,True
44348,test,False
44349,test,False
44350,train,True
44351,test,False
44352,validation,False
44353,validation,False
44354,test,False
44355,validation,False
44356,test,False
44357,train,True
44358,test,False
44359,train,False
44360,validation,False
44361,train,False
44362,train,False
44363,train,False
44364,validation,False
44365,validation,False
44366,train,True
44367,validation,False
44368,train,True
44369,train,True
44370,train,True
44371,validation,False
44372,train,True
44373,train,True
44374,test,False
44375,train,True
44376,train,True
44377,validation,False
44378,test,False
44379,validation,False
44380,train,True
44381,train,True
44382,train,True
44383,validation,False
44384,train,True
44385,test,False
44386,train,True
44387,train,True
44388,train,True
44389,validation,False
44390,train,False
44391,test,False
44392,train,True
44393,train,True
44394,train,True
44395,test,False
44396,validation,False
44397,validation,False
44398,train,True
44399,validation,False
44400,test,False
44401,train,False
44402,validation,False
44403,test,False
44404,train,True
44405,test,False
44406,train,True
44407,test,False
44408,train,False
44409,validation,False
44410,train,True
44411,test,False
44412,train,True
44413,train,False
44414,train,True
44415,validation,False
44416,validation,False
44417,train,True
44418,validation,False
44419,validation,False
44420,train,True
44421,train,True
44422,train,True
44423,test,False
44424,train,True
44425,test,False
44426,test,False
44427,train,True
44428,train,True
44429,train,True
44430,validation,False
44431,train,True
44432,train,False
44433,train,True
44434,train,True
44435,train,False
44436,test,False
44437,validation,False
44438,train,True
44439,validation,False
44440,train,True
44441,train,False
44442,test,False
44443,train,True
44444,train,True
44445,train,True
44446,validation,False
44447,train,False
44448,test,False
44449,train,True
44450,train,False
44451,train,True
44452,train,True
44453,test,False
44454,test,False
44455,validation,False
44456,train,False
44457,test,False
44458,test,False
44459,train,False
44460,validation,False
44461,validation,False
44462,train,False
44463,test,False
44464,validation,False
44465,train,False
44466,train,False
44467,train,True
44468,test,False
44469,train,False
44470,train,True
44471,train,False
44472,test,False
44473,train,False
44474,train,False
44475,train,True
44476,train,True
44477,validation,False
44478,train,False
44479,train,True
44480,validation,False
44481,train,True
44482,train,True
44483,train,True
44484,test,False
44485,test,False
44486,train,True
44487,test,False
44488,test,False
44489,test,False
44490,train,True
44491,validation,False
44492,train,True
44493,train,True
44494,train,True
44495,train,False
44496,train,True
44497,train,True
44498,train,False
44499,test,False
44500,train,True
44501,train,True
44502,train,True
44503,train,False
44504,train,True
44505,train,True
44506,train,False
44507,train,True
44508,test,False
44509,validation,False
44510,train,False
44511,train,True
44512,validation,False
44513,validation,False
44514,train,True
44515,validation,False
44516,validation,False
44517,train,False
44518,validation,False
44519,test,False
44520,train,True
44521,train,False
44522,train,False
44523,validation,False
44524,train,False
44525,train,False
44526,train,True
44527,validation,False
44528,train,True
44529,test,False
44530,train,True
44531,train,True
44532,train,True
44533,train,True
44534,validation,False
44535,train,True
44536,train,True
44537,train,True
44538,validation,False
44539,train,True
44540,train,True
44541,train,True
44542,test,False
44543,validation,False
44544,train,True
44545,test,False
44546,train,True
44547,validation,False
44548,validation,False
44549,validation,False
44550,test,False
44551,test,False
44552,validation,False
44553,validation,False
44554,test,False
44555,test,False
44556,train,True
44557,train,True
44558,test,False
44559,train,True
44560,train,True
44561,train,False
44562,validation,False
44563,validation,False
44564,test,False
44565,train,True
44566,train,True
44567,train,True
44568,validation,False
44569,test,False
44570,train,False
44571,train,True
44572,train,True
44573,train,False
44574,train,False
44575,validation,False
44576,train,False
44577,train,False
44578,train,True
44579,train,False
44580,train,True
44581,validation,False
44582,train,False
44583,train,True
44584,validation,False
44585,validation,False
44586,train,True
44587,test,False
44588,train,True
44589,test,False
44590,train,True
44591,train,True
44592,train,True
44593,validation,False
44594,train,True
44595,train,True
44596,train,False
44597,validation,False
44598,train,False
44599,validation,False
44600,train,True
44601,test,False
44602,test,False
44603,test,False
44604,validation,False
44605,validation,False
44606,train,False
44607,validation,False
44608,test,False
44609,test,False
44610,train,True
44611,train,True
44612,train,False
44613,train,False
44614,train,True
44615,train,True
44616,test,False
44617,train,True
44618,train,True
44619,train,True
44620,validation,False
44621,train,True
44622,train,False
44623,test,False
44624,validation,False
44625,validation,False
44626,train,True
44627,validation,False
44628,train,True
44629,validation,False
44630,train,True
44631,test,False
44632,validation,False
44633,train,False
44634,train,True
44635,validation,False
44636,test,False
44637,train,True
44638,validation,False
44639,validation,False
44640,test,False
44641,validation,False
44642,train,True
44643,train,True
44644,train,False
44645,train,True
44646,validation,False
44647,train,True
44648,validation,False
44649,train,True
44650,train,True
44651,train,True
44652,train,True
44653,train,True
44654,validation,False
44655,train,True
44656,train,False
44657,train,True
44658,test,False
44659,validation,False
44660,validation,False
44661,train,True
44662,train,True
44663,validation,False
44664,train,True
44665,train,False
44666,test,False
44667,validation,False
44668,train,True
44669,test,False
44670,test,False
44671,train,False
44672,test,False
44673,train,False
44674,test,False
44675,train,True
44676,test,False
44677,validation,False
44678,train,True
44679,validation,False
44680,train,False
44681,validation,False
44682,train,True
44683,train,False
44684,test,False
44685,train,False
44686,train,True
44687,test,False
44688,train,True
44689,validation,False
44690,train,False
44691,validation,False
44692,train,False
44693,train,True
44694,train,True
44695,train,True
44696,train,False
44697,validation,False
44698,test,False
44699,validation,False
44700,validation,False
44701,test,False
44702,train,True
44703,train,True
44704,train,True
44705,train,True
44706,train,True
44707,test,False
44708,train,True
44709,train,True
44710,train,False
44711,test,False
44712,train,True
44713,train,False
44714,train,False
44715,validation,False
44716,train,False
44717,validation,False
44718,train,False
44719,train,True
44720,validation,False
44721,test,False
44722,test,False
44723,validation,False
44724,train,True
44725,train,True
44726,validation,False
44727,validation,False
44728,test,False
44729,train,True
44730,train,True
44731,test,False
44732,train,True
44733,train,True
44734,train,True
44735,validation,False
44736,test,False
44737,validation,False
44738,train,True
44739,train,True
44740,validation,False
44741,train,True
44742,train,False
44743,train,True
44744,test,False
44745,train,True
44746,train,True
44747,train,True
44748,train,True
44749,test,False
44750,validation,False
44751,validation,False
44752,train,True
44753,validation,False
44754,train,False
44755,test,False
44756,train,False
44757,train,True
44758,test,False
44759,test,False
44760,train,True
44761,test,False
44762,train,False
44763,train,False
44764,validation,False
44765,test,False
44766,train,False
44767,train,True
44768,train,False
44769,train,False
44770,validation,False
44771,test,False
44772,train,False
44773,train,True
44774,train,True
44775,train,False
44776,test,False
44777,train,True
44778,train,False
44779,train,False
44780,train,True
44781,train,True
44782,train,False
44783,train,False
44784,test,False
44785,train,True
44786,test,False
44787,train,True
44788,train,True
44789,test,False
44790,train,False
44791,train,True
44792,train,False
44793,train,True
44794,train,False
44795,validation,False
44796,test,False
44797,validation,False
44798,test,False
44799,train,True
44800,train,False
44801,train,True
44802,train,True
44803,test,False
44804,train,True
44805,train,True
44806,test,False
44807,train,True
44808,train,False
44809,train,False
44810,train,False
44811,train,False
44812,train,True
44813,train,False
44814,validation,False
44815,train,True
44816,train,False
44817,train,True
44818,train,True
44819,train,True
44820,validation,False
44821,validation,False
44822,test,False
44823,test,False
44824,validation,False
44825,validation,False
44826,test,False
44827,train,True
44828,train,False
44829,train,False
44830,train,False
44831,validation,False
44832,train,True
44833,train,True
44834,test,False
44835,validation,False
44836,validation,False
44837,test,False
44838,train,True
44839,train,True
44840,train,False
44841,train,True
44842,test,False
44843,test,False
44844,train,True
44845,train,True
44846,test,False
44847,train,True
44848,test,False
44849,train,True
44850,train,True
44851,test,False
44852,train,True
44853,test,False
44854,train,True
44855,test,False
44856,test,False
44857,train,True
44858,validation,False
44859,train,True
44860,train,True
44861,train,True
44862,train,True
44863,test,False
44864,train,False
44865,validation,False
44866,test,False
44867,train,True
44868,validation,False
44869,train,False
44870,train,True
44871,train,True
44872,train,True
44873,test,False
44874,validation,False
44875,train,True
44876,validation,False
44877,train,True
44878,train,False
44879,train,False
44880,train,True
44881,test,False
44882,train,False
44883,train,True
44884,test,False
44885,train,True
44886,train,True
44887,train,True
44888,train,True
44889,validation,False
44890,validation,False
44891,train,False
44892,validation,False
44893,validation,False
44894,validation,False
44895,train,True
44896,train,False
44897,validation,False
44898,train,True
44899,train,True
44900,train,True
44901,test,False
44902,validation,False
44903,train,False
44904,validation,False
44905,train,False
44906,train,True
44907,train,True
44908,train,False
44909,train,False
44910,test,False
44911,test,False
44912,validation,False
44913,test,False
44914,test,False
44915,train,True
44916,train,True
44917,train,False
44918,train,True
44919,test,False
44920,test,False
44921,validation,False
44922,train,True
44923,train,True
44924,validation,False
44925,validation,False
44926,train,True
44927,validation,False
44928,train,False
44929,test,False
44930,test,False
44931,train,True
44932,validation,False
44933,validation,False
44934,validation,False
44935,train,False
44936,test,False
44937,train,True
44938,train,False
44939,train,True
44940,test,False
44941,train,True
44942,train,True
44943,validation,False
44944,test,False
44945,test,False
44946,train,True
44947,train,True
44948,train,True
44949,train,False
44950,train,True
44951,validation,False
44952,train,True
44953,test,False
44954,train,False
44955,train,True
44956,test,False
44957,train,True
44958,train,False
44959,train,True
44960,train,True
44961,train,True
44962,train,True
44963,train,True
44964,train,False
44965,validation,False
44966,test,False
44967,train,False
44968,train,True
44969,test,False
44970,validation,False
44971,validation,False
44972,train,True
44973,train,True
44974,train,True
44975,validation,False
44976,train,True
44977,validation,False
44978,validation,False
44979,validation,False
44980,train,True
44981,train,True
44982,train,False
44983,validation,False
44984,train,False
44985,validation,False
44986,test,False
44987,train,False
44988,validation,False
44989,test,False
44990,train,True
44991,train,False
44992,train,True
44993,validation,False
44994,train,True
44995,train,False
44996,train,True
44997,validation,False
44998,train,True
44999,train,True
45000,train,True
45001,train,True
45002,train,False
45003,validation,False
45004,test,False
45005,test,False
45006,test,False
45007,train,False
45008,validation,False
45009,train,False
45010,train,True
45011,train,True
45012,test,False
45013,test,False
45014,validation,False
45015,train,False
45016,validation,False
45017,train,False
45018,train,True
45019,validation,False
45020,test,False
45021,train,True
45022,train,True
45023,train,False
45024,train,False
45025,train,False
45026,test,False
45027,train,True
45028,validation,False
45029,train,False
45030,validation,False
45031,train,False
45032,train,True
45033,train,False
45034,train,False
45035,train,True
45036,validation,False
45037,train,True
45038,validation,False
45039,train,False
45040,test,False
45041,train,True
45042,train,True
45043,test,False
45044,validation,False
45045,train,True
45046,train,True
45047,validation,False
45048,train,True
45049,validation,False
45050,train,True
45051,train,True
45052,train,False
45053,train,True
45054,train,False
45055,train,True
45056,train,False
45057,train,True
45058,test,False
45059,train,False
45060,train,False
45061,validation,False
45062,train,False
45063,test,False
45064,train,True
45065,train,True
45066,train,True
45067,train,False
45068,train,False
45069,train,False
45070,train,True
45071,validation,False
45072,test,False
45073,train,True
45074,validation,False
45075,validation,False
45076,test,False
45077,train,True
45078,test,False
45079,train,False
45080,train,True
45081,train,False
45082,validation,False
45083,test,False
45084,test,False
45085,train,False
45086,test,False
45087,train,True
45088,train,True
45089,train,False
45090,validation,False
45091,validation,False
45092,train,False
45093,train,True
45094,test,False
45095,test,False
45096,train,False
45097,train,True
45098,train,True
45099,train,False
45100,test,False
45101,train,False
45102,train,True
45103,train,False
45104,train,False
45105,train,True
45106,train,False
45107,train,False
45108,test,False
45109,test,False
45110,train,True
45111,validation,False
45112,train,True
45113,train,False
45114,train,False
45115,train,True
45116,test,False
45117,validation,False
45118,train,True
45119,validation,False
45120,train,False
45121,train,True
45122,test,False
45123,train,True
45124,validation,False
45125,train,True
45126,train,False
45127,train,True
45128,train,True
45129,train,True
45130,train,True
45131,train,True
45132,train,True
45133,validation,False
45134,train,False
45135,test,False
45136,train,False
45137,validation,False
45138,validation,False
45139,validation,False
45140,validation,False
45141,validation,False
45142,train,True
45143,test,False
45144,train,True
45145,validation,False
45146,train,False
45147,validation,False
45148,validation,False
45149,train,True
45150,validation,False
45151,train,True
45152,train,False
45153,train,False
45154,train,True
45155,train,True
45156,train,False
45157,test,False
45158,validation,False
45159,train,True
45160,train,True
45161,train,True
45162,train,True
45163,train,True
45164,test,False
45165,train,False
45166,validation,False
45167,train,True
45168,train,False
45169,train,True
45170,validation,False
45171,test,False
45172,validation,False
45173,train,True
45174,train,True
45175,train,True
45176,validation,False
45177,validation,False
45178,train,False
45179,train,True
45180,train,False
45181,train,True
45182,train,False
45183,validation,False
45184,validation,False
45185,train,True
45186,train,False
45187,train,True
45188,test,False
45189,test,False
45190,train,True
45191,validation,False
45192,train,True
45193,validation,False
45194,validation,False
45195,test,False
45196,train,False
45197,validation,False
45198,train,True
45199,train,False
45200,test,False
45201,test,False
45202,validation,False
45203,train,False
45204,validation,False
45205,test,False
45206,train,True
45207,train,False
45208,train,True
45209,train,True
45210,train,True
45211,train,True
45212,train,True
45213,train,False
45214,validation,False
45215,train,True
45216,train,True
45217,train,True
45218,validation,False
45219,test,False
45220,train,True
45221,test,False
45222,train,False
45223,train,False
45224,test,False
45225,validation,False
45226,train,True
45227,train,False
45228,validation,False
45229,test,False
45230,train,False
45231,train,True
45232,validation,False
45233,train,True
45234,train,True
45235,test,False
45236,test,False
45237,test,False
45238,test,False
45239,test,False
45240,train,True
45241,validation,False
45242,train,True
45243,test,False
45244,train,False
45245,train,False
45246,train,False
45247,validation,False
45248,test,False
45249,validation,False
45250,test,False
45251,validation,False
45252,test,False
45253,test,False
45254,train,True
45255,train,True
45256,train,True
45257,train,False
45258,test,False
45259,train,False
45260,test,False
45261,train,False
45262,train,True
45263,train,True
45264,train,True
45265,train,True
45266,train,True
45267,train,False
45268,validation,False
45269,validation,False
45270,train,True
45271,validation,False
45272,validation,False
45273,train,False
45274,train,True
45275,validation,False
45276,train,True
45277,train,True
45278,train,True
45279,train,True
45280,train,True
45281,train,False
45282,train,True
45283,train,True
45284,test,False
45285,test,False
45286,train,False
45287,test,False
45288,test,False
45289,train,True
45290,train,True
45291,validation,False
45292,train,False
45293,train,True
45294,train,True
45295,train,True
45296,train,True
45297,validation,False
45298,train,False
45299,train,True
45300,train,True
45301,train,True
45302,validation,False
45303,train,True
45304,train,True
45305,train,True
45306,validation,False
45307,train,True
45308,train,True
45309,train,True
45310,train,True
45311,train,True
45312,train,True
45313,train,False
45314,train,True
45315,train,True
45316,validation,False
45317,validation,False
45318,test,False
45319,test,False
45320,train,False
45321,train,True
45322,train,False
45323,validation,False
45324,train,True
45325,train,False
45326,train,False
45327,validation,False
45328,validation,False
45329,test,False
45330,validation,False
45331,validation,False
45332,train,True
45333,validation,False
45334,train,True
45335,validation,False
45336,train,False
45337,train,True
45338,train,True
45339,train,False
45340,train,True
45341,train,True
45342,train,False
45343,train,True
45344,validation,False
45345,train,False
45346,train,True
45347,train,False
45348,test,False
45349,validation,False
45350,test,False
45351,train,False
45352,validation,False
45353,train,True
45354,validation,False
45355,test,False
45356,validation,False
45357,train,True
45358,test,False
45359,train,True
45360,train,True
45361,test,False
45362,train,False
45363,validation,False
45364,train,True
45365,train,False
45366,train,True
45367,train,False
45368,train,True
45369,validation,False
45370,train,False
45371,train,True
45372,test,False
45373,validation,False
45374,train,True
45375,test,False
45376,test,False
45377,train,False
45378,test,False
45379,validation,False
45380,train,True
45381,validation,False
45382,test,False
45383,train,True
45384,train,True
45385,test,False
45386,validation,False
45387,validation,False
45388,test,False
45389,train,True
45390,validation,False
45391,train,True
45392,train,False
45393,validation,False
45394,validation,False
45395,train,True
45396,train,False
45397,validation,False
45398,train,False
45399,validation,False
45400,train,True
45401,train,False
45402,validation,False
45403,train,True
45404,train,True
45405,test,False
45406,validation,False
45407,train,True
45408,train,True
45409,validation,False
45410,train,True
45411,validation,False
45412,test,False
45413,validation,False
45414,train,True
45415,train,False
45416,validation,False
45417,train,True
45418,train,False
45419,train,True
45420,train,True
45421,test,False
45422,test,False
45423,validation,False
45424,train,False
45425,test,False
45426,validation,False
45427,train,True
45428,test,False
45429,train,True
45430,train,True
45431,test,False
45432,validation,False
45433,test,False
45434,train,True
45435,train,True
45436,test,False
45437,test,False
45438,train,True
45439,test,False
45440,train,True
45441,test,False
45442,train,True
45443,train,True
45444,train,False
45445,train,True
45446,test,False
45447,train,False
45448,train,True
45449,train,True
45450,validation,False
45451,train,False
45452,train,False
45453,train,True
45454,test,False
45455,validation,False
45456,train,True
45457,validation,False
45458,train,False
45459,train,False
45460,train,True
45461,train,True
45462,test,False
45463,test,False
45464,validation,False
45465,test,False
45466,train,True
45467,test,False
45468,train,False
45469,train,True
45470,test,False
45471,validation,False
45472,test,False
45473,test,False
45474,test,False
45475,train,True
45476,train,True
45477,train,True
45478,test,False
45479,validation,False
45480,test,False
45481,train,False
45482,test,False
45483,train,True
45484,test,False
45485,train,False
45486,validation,False
45487,validation,False
45488,train,True
45489,train,True
45490,train,True
45491,validation,False
45492,train,True
45493,train,True
45494,train,True
45495,train,False
45496,train,False
45497,validation,False
45498,validation,False
45499,validation,False
45500,validation,False
45501,test,False
45502,test,False
45503,validation,False
45504,test,False
45505,validation,False
45506,train,True
45507,test,False
45508,validation,False
45509,test,False
45510,train,True
45511,validation,False
45512,train,True
45513,train,True
45514,train,True
45515,train,True
45516,train,True
45517,train,False
45518,validation,False
45519,validation,False
45520,train,True
45521,train,True
45522,train,False
45523,validation,False
45524,test,False
45525,train,True
45526,train,False
45527,train,True
45528,test,False
45529,train,True
45530,test,False
45531,train,True
45532,validation,False
45533,train,False
45534,test,False
45535,train,False
45536,train,True
45537,train,True
45538,train,True
45539,train,True
45540,train,True
45541,train,True
45542,train,False
45543,train,True
45544,train,False
45545,test,False
45546,validation,False
45547,train,True
45548,train,False
45549,train,True
45550,train,True
45551,validation,False
45552,validation,False
45553,validation,False
45554,test,False
45555,train,True
45556,validation,False
45557,train,True
45558,validation,False
45559,validation,False
45560,train,True
45561,train,True
45562,test,False
45563,validation,False
45564,train,True
45565,train,False
45566,train,True
45567,test,False
45568,train,True
45569,train,True
45570,test,False
45571,train,True
45572,train,True
45573,validation,False
45574,validation,False
45575,test,False
45576,train,True
45577,test,False
45578,train,True
45579,train,True
45580,test,False
45581,train,True
45582,train,True
45583,validation,False
45584,test,False
45585,train,False
45586,test,False
45587,train,True
45588,train,True
45589,test,False
45590,test,False
45591,train,True
45592,train,False
45593,validation,False
45594,test,False
45595,train,False
45596,validation,False
45597,train,True
45598,test,False
45599,test,False
45600,validation,False
45601,train,True
45602,train,False
45603,validation,False
45604,train,True
45605,train,False
45606,train,True
45607,train,True
45608,validation,False
45609,train,False
45610,train,True
45611,train,True
45612,train,True
45613,train,True
45614,validation,False
45615,train,True
45616,train,False
45617,validation,False
45618,validation,False
45619,train,True
45620,train,True
45621,train,False
45622,train,True
45623,train,False
45624,validation,False
45625,train,True
45626,train,True
45627,test,False
45628,test,False
45629,test,False
45630,train,False
45631,test,False
45632,train,False
45633,validation,False
45634,train,True
45635,test,False
45636,validation,False
45637,train,True
45638,train,True
45639,train,False
45640,train,False
45641,test,False
45642,train,True
45643,test,False
45644,train,True
45645,train,True
45646,train,True
45647,train,True
45648,test,False
45649,train,False
45650,test,False
45651,validation,False
45652,train,True
45653,validation,False
45654,train,True
45655,train,True
45656,train,True
45657,validation,False
45658,train,True
45659,validation,False
45660,validation,False
45661,train,True
45662,test,False
45663,test,False
45664,test,False
45665,train,True
45666,train,True
45667,validation,False
45668,train,True
45669,train,True
45670,train,True
45671,train,True
45672,train,True
45673,train,True
45674,train,False
45675,validation,False
45676,test,False
45677,train,False
45678,validation,False
45679,validation,False
45680,train,False
45681,train,True
45682,test,False
45683,train,True
45684,train,False
45685,train,True
45686,test,False
45687,train,True
45688,validation,False
45689,train,False
45690,validation,False
45691,validation,False
45692,train,True
45693,validation,False
45694,train,False
45695,train,True
45696,test,False
45697,train,True
45698,train,True
45699,train,True
45700,train,False
45701,test,False
45702,train,False
45703,test,False
45704,validation,False
45705,train,False
45706,train,False
45707,train,False
45708,test,False
45709,test,False
45710,train,True
45711,train,False
45712,test,False
45713,train,True
45714,test,False
45715,train,True
45716,train,True
45717,validation,False
45718,train,True
45719,train,False
45720,train,False
45721,validation,False
45722,validation,False
45723,train,False
45724,test,False
45725,train,False
45726,train,True
45727,test,False
45728,validation,False
45729,train,False
45730,train,True
45731,train,True
45732,train,True
45733,train,True
45734,train,True
45735,test,False
45736,train,True
45737,train,False
45738,validation,False
45739,test,False
45740,train,True
45741,test,False
45742,train,True
45743,train,True
45744,train,False
45745,train,True
45746,train,False
45747,train,True
45748,train,True
45749,train,True
45750,test,False
45751,train,True
45752,test,False
45753,train,True
45754,train,True
45755,validation,False
45756,train,True
45757,train,False
45758,test,False
45759,train,True
45760,train,True
45761,train,True
45762,train,True
45763,train,True
45764,train,False
45765,validation,False
45766,train,False
45767,train,True
45768,train,False
45769,train,True
45770,train,False
45771,test,False
45772,test,False
45773,validation,False
45774,train,True
45775,train,True
45776,train,True
45777,test,False
45778,validation,False
45779,test,False
45780,train,True
45781,train,True
45782,train,True
45783,train,True
45784,test,False
45785,validation,False
45786,train,False
45787,test,False
45788,train,True
45789,test,False
45790,train,True
45791,train,True
45792,test,False
45793,test,False
45794,test,False
45795,validation,False
45796,train,False
45797,validation,False
45798,train,True
45799,validation,False
45800,train,True
45801,test,False
45802,test,False
45803,train,False
45804,train,True
45805,train,True
45806,train,False
45807,test,False
45808,train,True
45809,validation,False
45810,train,False
45811,train,True
45812,validation,False
45813,train,True
45814,test,False
45815,test,False
45816,validation,False
45817,train,True
45818,train,True
45819,test,False
45820,test,False
45821,validation,False
45822,validation,False
45823,test,False
45824,validation,False
45825,train,False
45826,train,True
45827,validation,False
45828,test,False
45829,train,True
45830,train,False
45831,train,False
45832,test,False
45833,train,True
45834,test,False
45835,train,True
45836,train,False
45837,test,False
45838,train,False
45839,train,True
45840,train,True
45841,train,True
45842,train,True
45843,train,False
45844,train,True
45845,validation,False
45846,train,True
45847,train,True
45848,train,True
45849,test,False
45850,validation,False
45851,train,True
45852,train,True
45853,train,False
45854,train,True
45855,train,True
45856,train,False
45857,test,False
45858,test,False
45859,validation,False
45860,train,True
45861,train,True
45862,train,True
45863,test,False
45864,test,False
45865,validation,False
45866,test,False
45867,test,False
45868,train,True
45869,train,True
45870,validation,False
45871,test,False
45872,validation,False
45873,test,False
45874,train,True
45875,train,True
45876,train,False
45877,train,True
45878,train,False
45879,train,True
45880,train,True
45881,train,True
45882,train,True
45883,validation,False
45884,train,False
45885,train,True
45886,train,False
45887,test,False
45888,test,False
45889,train,True
45890,train,False
45891,train,False
45892,train,True
45893,train,True
45894,validation,False
45895,train,False
45896,test,False
45897,train,True
45898,train,True
45899,train,True
45900,test,False
45901,validation,False
45902,train,True
45903,test,False
45904,test,False
45905,train,True
45906,train,True
45907,train,True
45908,train,False
45909,train,True
45910,validation,False
45911,test,False
45912,test,False
45913,train,False
45914,train,False
45915,test,False
45916,train,True
45917,train,False
45918,train,True
45919,validation,False
45920,train,False
45921,train,False
45922,train,False
45923,train,False
45924,train,False
45925,train,True
45926,train,False
45927,train,False
45928,train,True
45929,train,True
45930,train,False
45931,train,True
45932,train,True
45933,train,True
45934,train,True
45935,train,True
45936,train,False
45937,train,True
45938,train,False
45939,train,False
45940,train,True
45941,test,False
45942,test,False
45943,validation,False
45944,train,True
45945,train,False
45946,train,False
45947,train,False
45948,train,True
45949,train,False
45950,train,True
45951,test,False
45952,train,True
45953,validation,False
45954,train,False
45955,validation,False
45956,test,False
45957,train,True
45958,validation,False
45959,train,True
45960,train,True
45961,train,True
45962,validation,False
45963,test,False
45964,train,False
45965,train,True
45966,validation,False
45967,train,False
45968,train,False
45969,train,True
45970,train,False
45971,train,False
45972,train,True
45973,test,False
45974,train,False
45975,validation,False
45976,train,True
45977,test,False
45978,train,False
45979,validation,False
45980,validation,False
45981,test,False
45982,validation,False
45983,test,False
45984,train,True
45985,validation,False
45986,validation,False
45987,train,True
45988,train,True
45989,train,True
45990,train,True
45991,train,False
45992,train,True
45993,train,True
45994,train,True
45995,validation,False
45996,train,True
45997,train,True
45998,train,False
45999,train,True
46000,train,True
46001,validation,False
46002,test,False
46003,train,True
46004,validation,False
46005,train,True
46006,train,True
46007,test,False
46008,train,False
46009,train,True
46010,train,True
46011,test,False
46012,validation,False
46013,train,True
46014,train,False
46015,test,False
46016,train,True
46017,train,False
46018,test,False
46019,test,False
46020,train,True
46021,train,True
46022,train,True
46023,test,False
46024,train,True
46025,train,True
46026,test,False
46027,validation,False
46028,validation,False
46029,validation,False
46030,train,True
46031,train,True
46032,test,False
46033,train,False
46034,test,False
46035,validation,False
46036,train,True
46037,train,True
46038,validation,False
46039,validation,False
46040,train,True
46041,validation,False
46042,test,False
46043,train,False
46044,train,True
46045,validation,False
46046,train,False
46047,train,False
46048,train,True
46049,train,True
46050,train,True
46051,train,True
46052,train,True
46053,train,True
46054,train,True
46055,test,False
46056,test,False
46057,validation,False
46058,train,True
46059,train,False
46060,validation,False
46061,test,False
46062,train,False
46063,train,True
46064,test,False
46065,train,True
46066,train,True
46067,validation,False
46068,test,False
46069,train,False
46070,test,False
46071,test,False
46072,train,True
46073,test,False
46074,train,False
46075,train,True
46076,train,True
46077,train,False
46078,validation,False
46079,train,True
46080,test,False
46081,train,True
46082,validation,False
46083,train,False
46084,train,False
46085,test,False
46086,test,False
46087,train,False
46088,test,False
46089,train,True
46090,train,False
46091,test,False
46092,validation,False
46093,train,True
46094,validation,False
46095,test,False
46096,train,True
46097,validation,False
46098,train,True
46099,train,False
46100,train,True
46101,test,False
46102,train,True
46103,train,False
46104,train,True
46105,test,False
46106,train,False
46107,validation,False
46108,train,True
46109,test,False
46110,train,False
46111,train,True
46112,train,True
46113,train,True
46114,test,False
46115,test,False
46116,test,False
46117,train,True
46118,test,False
46119,train,True
46120,train,True
46121,validation,False
46122,train,True
46123,validation,False
46124,validation,False
46125,validation,False
46126,train,False
46127,validation,False
46128,train,True
46129,train,False
46130,test,False
46131,train,True
46132,validation,False
46133,validation,False
46134,validation,False
46135,train,True
46136,train,True
46137,train,False
46138,validation,False
46139,train,True
46140,train,True
46141,validation,False
46142,train,True
46143,test,False
46144,train,True
46145,train,True
46146,train,True
46147,train,True
46148,train,True
46149,validation,False
46150,train,True
46151,train,True
46152,train,False
46153,train,False
46154,train,True
46155,test,False
46156,test,False
46157,test,False
46158,validation,False
46159,test,False
46160,train,True
46161,train,True
46162,test,False
46163,train,False
46164,train,True
46165,train,False
46166,train,True
46167,test,False
46168,train,True
46169,train,True
46170,train,True
46171,test,False
46172,test,False
46173,test,False
46174,train,True
46175,train,True
46176,test,False
46177,test,False
46178,train,True
46179,test,False
46180,train,False
46181,train,True
46182,train,True
46183,train,True
46184,train,False
46185,train,True
46186,test,False
46187,train,True
46188,train,True
46189,train,True
46190,train,True
46191,test,False
46192,test,False
46193,train,True
46194,test,False
46195,train,True
46196,validation,False
46197,train,True
46198,train,True
46199,train,False
46200,validation,False
46201,train,True
46202,train,True
46203,train,False
46204,validation,False
46205,test,False
46206,train,True
46207,test,False
46208,validation,False
46209,test,False
46210,train,True
46211,train,False
46212,validation,False
46213,train,False
46214,train,True
46215,train,True
46216,train,True
46217,train,True
46218,train,True
46219,test,False
46220,validation,False
46221,train,True
46222,train,True
46223,train,True
46224,train,True
46225,train,False
46226,test,False
46227,test,False
46228,test,False
46229,train,False
46230,validation,False
46231,train,True
46232,test,False
46233,train,True
46234,train,True
46235,test,False
46236,train,False
46237,validation,False
46238,train,True
46239,validation,False
46240,train,False
46241,train,True
46242,test,False
46243,train,True
46244,validation,False
46245,train,True
46246,train,True
46247,train,False
46248,test,False
46249,train,True
46250,test,False
46251,train,False
46252,train,True
46253,train,False
46254,train,False
46255,test,False
46256,train,True
46257,test,False
46258,train,True
46259,train,True
46260,train,False
46261,validation,False
46262,train,True
46263,test,False
46264,train,True
46265,test,False
46266,train,True
46267,validation,False
46268,train,True
46269,train,True
46270,train,False
46271,train,True
46272,train,False
46273,train,True
46274,train,True
46275,train,True
46276,train,True
46277,test,False
46278,validation,False
46279,train,False
46280,train,True
46281,train,True
46282,train,True
46283,test,False
46284,test,False
46285,test,False
46286,test,False
46287,validation,False
46288,train,True
46289,validation,False
46290,train,True
46291,train,True
46292,validation,False
46293,train,True
46294,test,False
46295,train,True
46296,train,False
46297,train,False
46298,train,False
46299,validation,False
46300,train,False
46301,test,False
46302,train,True
46303,train,True
46304,train,True
46305,validation,False
46306,train,False
46307,train,False
46308,validation,False
46309,train,False
46310,validation,False
46311,train,True
46312,train,True
46313,train,False
46314,train,True
46315,train,True
46316,test,False
46317,train,False
46318,validation,False
46319,test,False
46320,train,True
46321,train,True
46322,train,True
46323,train,True
46324,validation,False
46325,train,True
46326,test,False
46327,test,False
46328,test,False
46329,validation,False
46330,validation,False
46331,test,False
46332,train,False
46333,train,True
46334,train,False
46335,test,False
46336,validation,False
46337,train,True
46338,train,False
46339,validation,False
46340,test,False
46341,train,True
46342,train,True
46343,train,True
46344,validation,False
46345,train,False
46346,train,True
46347,train,True
46348,validation,False
46349,validation,False
46350,test,False
46351,test,False
46352,test,False
46353,train,True
46354,train,True
46355,train,True
46356,validation,False
46357,train,True
46358,train,True
46359,validation,False
46360,train,False
46361,train,True
46362,train,True
46363,validation,False
46364,train,True
46365,validation,False
46366,train,False
46367,train,True
46368,train,False
46369,test,False
46370,validation,False
46371,train,True
46372,test,False
46373,validation,False
46374,test,False
46375,test,False
46376,validation,False
46377,test,False
46378,train,True
46379,train,False
46380,test,False
46381,train,True
46382,train,True
46383,validation,False
46384,train,True
46385,validation,False
46386,test,False
46387,train,False
46388,test,False
46389,train,False
46390,train,True
46391,train,True
46392,validation,False
46393,validation,False
46394,validation,False
46395,train,True
46396,train,True
46397,test,False
46398,train,True
46399,test,False
46400,validation,False
46401,test,False
46402,validation,False
46403,train,True
46404,train,False
46405,validation,False
46406,test,False
46407,train,True
46408,train,True
46409,test,False
46410,train,True
46411,train,False
46412,validation,False
46413,train,True
46414,train,True
46415,validation,False
46416,train,True
46417,validation,False
46418,train,True
46419,test,False
46420,train,False
46421,train,True
46422,train,True
46423,test,False
46424,test,False
46425,train,True
46426,test,False
46427,train,False
46428,validation,False
46429,train,False
46430,train,False
46431,train,True
46432,train,True
46433,train,False
46434,test,False
46435,train,True
46436,validation,False
46437,train,False
46438,train,True
46439,test,False
46440,train,False
46441,test,False
46442,validation,False
46443,train,True
46444,train,False
46445,validation,False
46446,validation,False
46447,train,False
46448,train,False
46449,train,True
46450,validation,False
46451,test,False
46452,train,True
46453,validation,False
46454,train,True
46455,train,True
46456,train,True
46457,test,False
46458,train,True
46459,train,True
46460,test,False
46461,validation,False
46462,train,True
46463,train,True
46464,train,True
46465,test,False
46466,train,True
46467,train,True
46468,train,True
46469,test,False
46470,test,False
46471,train,True
46472,train,True
46473,train,True
46474,train,True
46475,validation,False
46476,train,True
46477,train,True
46478,train,True
46479,test,False
46480,test,False
46481,validation,False
46482,train,True
46483,test,False
46484,train,False
46485,validation,False
46486,validation,False
46487,train,False
46488,train,True
46489,test,False
46490,train,True
46491,train,True
46492,train,True
46493,validation,False
46494,train,True
46495,test,False
46496,train,False
46497,test,False
46498,train,True
46499,train,False
46500,validation,False
46501,train,True
46502,train,True
46503,test,False
46504,train,False
46505,test,False
46506,train,True
46507,test,False
46508,test,False
46509,train,False
46510,train,True
46511,train,True
46512,validation,False
46513,validation,False
46514,train,False
46515,train,True
46516,train,True
46517,train,True
46518,train,True
46519,train,True
46520,train,True
46521,test,False
46522,train,True
46523,validation,False
46524,train,True
46525,train,False
46526,validation,False
46527,train,True
46528,train,True
46529,train,False
46530,validation,False
46531,train,True
46532,train,False
46533,train,True
46534,train,True
46535,train,True
46536,train,False
46537,train,True
46538,validation,False
46539,train,True
46540,test,False
46541,train,True
46542,train,False
46543,validation,False
46544,train,True
46545,validation,False
46546,validation,False
46547,train,True
46548,train,True
46549,train,False
46550,test,False
46551,train,False
46552,train,True
46553,validation,False
46554,validation,False
46555,test,False
46556,test,False
46557,train,True
46558,train,True
46559,train,True
46560,train,True
46561,validation,False
46562,validation,False
46563,test,False
46564,validation,False
46565,train,True
46566,train,False
46567,validation,False
46568,validation,False
46569,train,True
46570,validation,False
46571,validation,False
46572,test,False
46573,train,True
46574,validation,False
46575,train,True
46576,test,False
46577,validation,False
46578,test,False
46579,train,False
46580,test,False
46581,test,False
46582,validation,False
46583,train,True
46584,validation,False
46585,test,False
46586,train,True
46587,train,True
46588,test,False
46589,validation,False
46590,train,False
46591,train,False
46592,train,False
46593,train,True
46594,train,True
46595,test,False
46596,train,True
46597,test,False
46598,train,True
46599,train,True
46600,train,True
46601,validation,False
46602,train,True
46603,train,True
46604,train,True
46605,test,False
46606,validation,False
46607,train,False
46608,validation,False
46609,train,True
46610,test,False
46611,train,True
46612,train,False
46613,train,True
46614,train,False
46615,train,True
46616,train,True
46617,validation,False
46618,validation,False
46619,train,False
46620,train,True
46621,train,True
46622,train,False
46623,test,False
46624,train,True
46625,train,True
46626,train,True
46627,test,False
46628,train,False
46629,train,False
46630,test,False
46631,train,True
46632,train,False
46633,train,False
46634,validation,False
46635,train,True
46636,train,True
46637,train,True
46638,test,False
46639,train,True
46640,train,True
46641,train,False
46642,train,True
46643,train,False
46644,train,False
46645,train,True
46646,train,True
46647,test,False
46648,validation,False
46649,train,True
46650,train,True
46651,train,True
46652,test,False
46653,train,True
46654,train,False
46655,test,False
46656,train,True
46657,train,False
46658,train,True
46659,train,False
46660,validation,False
46661,train,False
46662,train,True
46663,test,False
46664,train,True
46665,train,False
46666,train,True
46667,test,False
46668,train,False
46669,test,False
46670,validation,False
46671,train,True
46672,train,False
46673,train,False
46674,test,False
46675,train,True
46676,train,False
46677,validation,False
46678,train,False
46679,train,True
46680,test,False
46681,test,False
46682,train,False
46683,train,True
46684,validation,False
46685,test,False
46686,train,True
46687,train,True
46688,train,True
46689,train,True
46690,test,False
46691,validation,False
46692,train,True
46693,train,True
46694,train,True
46695,test,False
46696,test,False
46697,train,False
46698,train,True
46699,test,False
46700,train,True
46701,train,True
46702,validation,False
46703,train,True
46704,train,True
46705,train,True
46706,train,True
46707,validation,False
46708,train,False
46709,test,False
46710,train,True
46711,train,True
46712,test,False
46713,test,False
46714,train,True
46715,validation,False
46716,train,False
46717,train,True
46718,test,False
46719,train,True
46720,train,True
46721,test,False
46722,test,False
46723,train,True
46724,train,True
46725,validation,False
46726,test,False
46727,train,True
46728,train,False
46729,test,False
46730,validation,False
46731,test,False
46732,validation,False
46733,validation,False
46734,validation,False
46735,validation,False
46736,train,True
46737,validation,False
46738,train,False
46739,test,False
46740,test,False
46741,train,False
46742,train,True
46743,test,False
46744,test,False
46745,validation,False
46746,train,True
46747,train,True
46748,test,False
46749,train,False
46750,validation,False
46751,train,True
46752,test,False
46753,validation,False
46754,train,False
46755,validation,False
46756,test,False
46757,train,False
46758,test,False
46759,validation,False
46760,train,True
46761,train,True
46762,validation,False
46763,validation,False
46764,test,False
46765,test,False
46766,train,True
46767,train,False
46768,test,False
46769,test,False
46770,train,True
46771,train,True
46772,train,False
46773,validation,False
46774,train,False
46775,train,False
46776,validation,False
46777,train,True
46778,train,True
46779,train,True
46780,test,False
46781,test,False
46782,train,True
46783,train,True
46784,validation,False
46785,train,False
46786,test,False
46787,train,False
46788,train,True
46789,train,False
46790,train,True
46791,train,True
46792,train,True
46793,train,False
46794,train,True
46795,validation,False
46796,validation,False
46797,train,True
46798,validation,False
46799,test,False
46800,train,True
46801,train,False
46802,train,False
46803,train,True
46804,train,True
46805,test,False
46806,train,False
46807,train,False
46808,validation,False
46809,test,False
46810,train,True
46811,train,True
46812,train,True
46813,train,True
46814,train,True
46815,validation,False
46816,train,True
46817,train,False
46818,train,True
46819,train,False
46820,train,False
46821,train,True
46822,train,True
46823,train,False
46824,train,True
46825,train,False
46826,validation,False
46827,validation,False
46828,validation,False
46829,train,True
46830,train,False
46831,test,False
46832,train,True
46833,train,True
46834,test,False
46835,validation,False
46836,train,True
46837,train,True
46838,validation,False
46839,train,False
46840,train,True
46841,validation,False
46842,train,False
46843,train,False
46844,train,True
46845,train,True
46846,train,False
46847,train,True
46848,train,False
46849,test,False
46850,train,True
46851,train,True
46852,validation,False
46853,train,True
46854,train,True
46855,validation,False
46856,validation,False
46857,test,False
46858,validation,False
46859,validation,False
46860,train,True
46861,train,False
46862,validation,False
46863,train,False
46864,train,False
46865,test,False
46866,train,True
46867,train,True
46868,train,True
46869,train,True
46870,train,False
46871,test,False
46872,train,True
46873,train,True
46874,test,False
46875,validation,False
46876,train,True
46877,train,True
46878,validation,False
46879,train,True
46880,train,False
46881,validation,False
46882,test,False
46883,train,True
46884,train,True
46885,train,False
46886,test,False
46887,validation,False
46888,validation,False
46889,train,True
46890,train,True
46891,test,False
46892,train,False
46893,train,True
46894,train,False
46895,train,True
46896,train,False
46897,train,True
46898,train,True
46899,train,True
46900,train,True
46901,validation,False
46902,train,False
46903,train,False
46904,train,False
46905,train,True
46906,train,True
46907,test,False
46908,validation,False
46909,train,True
46910,train,True
46911,train,True
46912,train,True
46913,train,True
46914,validation,False
46915,test,False
46916,train,False
46917,validation,False
46918,test,False
46919,test,False
46920,validation,False
46921,train,False
46922,train,True
46923,test,False
46924,train,True
46925,test,False
46926,train,True
46927,test,False
46928,test,False
46929,train,False
46930,train,True
46931,train,True
46932,train,True
46933,validation,False
46934,train,False
46935,train,True
46936,train,True
46937,train,True
46938,validation,False
46939,train,True
46940,validation,False
46941,train,False
46942,train,True
46943,test,False
46944,train,False
46945,test,False
46946,test,False
46947,test,False
46948,validation,False
46949,train,False
46950,test,False
46951,train,True
46952,validation,False
46953,train,True
46954,validation,False
46955,validation,False
46956,train,True
46957,train,True
46958,test,False
46959,train,True
46960,train,True
46961,train,True
46962,train,True
46963,validation,False
46964,train,False
46965,train,True
46966,train,True
46967,validation,False
46968,train,True
46969,train,False
46970,test,False
46971,train,True
46972,validation,False
46973,train,True
46974,validation,False
46975,validation,False
46976,validation,False
46977,train,True
46978,validation,False
46979,test,False
46980,test,False
46981,train,False
46982,train,True
46983,train,True
46984,train,True
46985,validation,False
46986,test,False
46987,train,False
46988,test,False
46989,train,True
46990,train,False
46991,validation,False
46992,train,True
46993,validation,False
46994,test,False
46995,validation,False
46996,train,False
46997,train,True
46998,train,True
46999,train,True
47000,train,True
47001,validation,False
47002,train,True
47003,test,False
47004,validation,False
47005,train,True
47006,validation,False
47007,train,False
47008,test,False
47009,test,False
47010,validation,False
47011,train,True
47012,validation,False
47013,test,False
47014,test,False
47015,validation,False
47016,train,False
47017,train,False
47018,validation,False
47019,train,True
47020,train,True
47021,train,True
47022,test,False
47023,train,True
47024,train,True
47025,train,True
47026,train,True
47027,validation,False
47028,validation,False
47029,test,False
47030,train,True
47031,test,False
47032,train,True
47033,validation,False
47034,train,True
47035,train,False
47036,train,False
47037,test,False
47038,validation,False
47039,train,False
47040,train,False
47041,validation,False
47042,train,True
47043,train,False
47044,test,False
47045,test,False
47046,train,True
47047,train,False
47048,validation,False
47049,validation,False
47050,train,True
47051,validation,False
47052,train,False
47053,validation,False
47054,validation,False
47055,test,False
47056,train,True
47057,train,True
47058,train,True
47059,train,True
47060,validation,False
47061,test,False
47062,train,False
47063,test,False
47064,train,True
47065,train,False
47066,train,False
47067,test,False
47068,test,False
47069,test,False
47070,train,True
47071,test,False
47072,train,True
47073,train,True
47074,train,True
47075,train,True
47076,train,True
47077,train,True
47078,train,True
47079,test,False
47080,train,False
47081,train,False
47082,train,True
47083,test,False
47084,validation,False
47085,train,False
47086,test,False
47087,train,True
47088,validation,False
47089,validation,False
47090,validation,False
47091,validation,False
47092,train,True
47093,train,True
47094,test,False
47095,train,True
47096,train,False
47097,train,True
47098,train,False
47099,train,True
47100,train,True
47101,train,False
47102,validation,False
47103,train,False
47104,train,True
47105,train,False
47106,validation,False
47107,train,True
47108,train,True
47109,train,True
47110,train,False
47111,train,True
47112,validation,False
47113,test,False
47114,validation,False
47115,train,True
47116,train,True
47117,validation,False
47118,train,True
47119,train,False
47120,train,True
47121,train,False
47122,train,True
47123,test,False
47124,test,False
47125,test,False
47126,train,False
47127,train,True
47128,train,False
47129,train,False
47130,train,True
47131,train,True
47132,test,False
47133,train,True
47134,test,False
47135,test,False
47136,validation,False
47137,train,True
47138,train,True
47139,validation,False
47140,test,False
47141,validation,False
47142,validation,False
47143,test,False
47144,train,True
47145,validation,False
47146,test,False
47147,train,True
47148,train,True
47149,train,True
47150,train,False
47151,train,True
47152,train,False
47153,train,True
47154,train,False
47155,validation,False
47156,train,True
47157,train,True
47158,test,False
47159,train,False
47160,train,True
47161,train,False
47162,train,True
47163,validation,False
47164,train,True
47165,train,True
47166,validation,False
47167,train,False
47168,test,False
47169,test,False
47170,train,True
47171,train,True
47172,test,False
47173,train,False
47174,train,True
47175,validation,False
47176,test,False
47177,train,False
47178,train,False
47179,train,True
47180,train,False
47181,train,True
47182,train,True
47183,train,False
47184,train,True
47185,train,True
47186,test,False
47187,train,False
47188,validation,False
47189,train,False
47190,test,False
47191,validation,False
47192,test,False
47193,train,False
47194,train,True
47195,train,False
47196,test,False
47197,validation,False
47198,validation,False
47199,train,False
47200,train,False
47201,train,True
47202,train,True
47203,validation,False
47204,train,True
47205,train,True
47206,test,False
47207,train,True
47208,train,True
47209,train,True
47210,train,False
47211,validation,False
47212,train,False
47213,test,False
47214,validation,False
47215,test,False
47216,train,True
47217,train,True
47218,validation,False
47219,train,True
47220,train,True
47221,train,False
47222,test,False
47223,train,True
47224,test,False
47225,validation,False
47226,train,False
47227,test,False
47228,train,True
47229,test,False
47230,train,True
47231,train,True
47232,test,False
47233,validation,False
47234,train,True
47235,validation,False
47236,train,True
47237,test,False
47238,train,True
47239,train,True
47240,train,True
47241,train,True
47242,train,False
47243,test,False
47244,validation,False
47245,train,True
47246,train,True
47247,test,False
47248,train,True
47249,train,True
47250,train,True
47251,train,True
47252,train,True
47253,train,True
47254,validation,False
47255,train,False
47256,train,True
47257,validation,False
47258,train,True
47259,train,True
47260,validation,False
47261,train,True
47262,validation,False
47263,train,True
47264,test,False
47265,train,True
47266,validation,False
47267,test,False
47268,validation,False
47269,test,False
47270,train,True
47271,train,True
47272,train,True
47273,validation,False
47274,test,False
47275,train,True
47276,validation,False
47277,validation,False
47278,train,True
47279,validation,False
47280,train,False
47281,train,True
47282,train,False
47283,train,False
47284,train,True
47285,test,False
47286,train,False
47287,train,False
47288,train,True
47289,train,True
47290,train,True
47291,test,False
47292,test,False
47293,train,True
47294,test,False
47295,validation,False
47296,test,False
47297,test,False
47298,train,False
47299,train,False
47300,validation,False
47301,test,False
47302,train,True
47303,train,True
47304,validation,False
47305,train,True
47306,validation,False
47307,test,False
47308,test,False
47309,train,False
47310,train,True
47311,validation,False
47312,test,False
47313,train,True
47314,test,False
47315,train,True
47316,train,True
47317,train,False
47318,test,False
47319,test,False
47320,train,False
47321,train,False
47322,train,True
47323,train,True
47324,train,True
47325,train,True
47326,validation,False
47327,train,False
47328,test,False
47329,train,True
47330,test,False
47331,train,False
47332,validation,False
47333,validation,False
47334,test,False
47335,test,False
47336,validation,False
47337,test,False
47338,validation,False
47339,validation,False
47340,validation,False
47341,train,True
47342,train,True
47343,train,False
47344,validation,False
47345,train,True
47346,train,False
47347,validation,False
47348,test,False
47349,train,True
47350,train,False
47351,test,False
47352,train,False
47353,train,True
47354,test,False
47355,validation,False
47356,validation,False
47357,validation,False
47358,validation,False
47359,test,False
47360,train,True
47361,validation,False
47362,train,True
47363,validation,False
47364,train,True
47365,train,True
47366,train,False
47367,validation,False
47368,train,True
47369,validation,False
47370,train,False
47371,train,True
47372,test,False
47373,train,False
47374,train,False
47375,validation,False
47376,test,False
47377,train,False
47378,test,False
47379,train,False
47380,train,True
47381,validation,False
47382,train,True
47383,validation,False
47384,test,False
47385,validation,False
47386,train,True
47387,train,True
47388,test,False
47389,train,False
47390,train,True
47391,train,False
47392,validation,False
47393,validation,False
47394,test,False
47395,train,True
47396,train,True
47397,train,False
47398,train,False
47399,test,False
47400,validation,False
47401,train,False
47402,train,False
47403,train,False
47404,test,False
47405,train,False
47406,train,True
47407,train,True
47408,train,True
47409,test,False
47410,train,False
47411,validation,False
47412,train,False
47413,train,True
47414,validation,False
47415,train,True
47416,validation,False
47417,train,True
47418,train,False
47419,test,False
47420,train,False
47421,test,False
47422,train,True
47423,train,True
47424,train,True
47425,train,False
47426,train,True
47427,test,False
47428,train,False
47429,validation,False
47430,test,False
47431,train,True
47432,test,False
47433,train,True
47434,train,False
47435,train,True
47436,train,True
47437,train,True
47438,train,True
47439,train,True
47440,train,True
47441,train,True
47442,train,True
47443,train,True
47444,validation,False
47445,validation,False
47446,train,False
47447,train,False
47448,train,False
47449,validation,False
47450,train,True
47451,train,False
47452,validation,False
47453,validation,False
47454,train,True
47455,test,False
47456,train,True
47457,train,False
47458,train,True
47459,test,False
47460,test,False
47461,validation,False
47462,validation,False
47463,train,False
47464,test,False
47465,validation,False
47466,train,True
47467,validation,False
47468,train,True
47469,train,True
47470,validation,False
47471,train,False
47472,train,False
47473,test,False
47474,train,False
47475,train,False
47476,validation,False
47477,validation,False
47478,train,True
47479,train,False
47480,validation,False
47481,train,False
47482,train,True
47483,train,True
47484,train,True
47485,validation,False
47486,train,True
47487,train,True
47488,train,False
47489,train,True
47490,test,False
47491,train,False
47492,validation,False
47493,train,True
47494,train,True
47495,validation,False
47496,validation,False
47497,train,True
47498,train,False
47499,train,True
47500,test,False
47501,train,False
47502,train,False
47503,train,True
47504,train,True
47505,train,True
47506,train,True
47507,validation,False
47508,train,False
47509,validation,False
47510,train,False
47511,validation,False
47512,validation,False
47513,train,False
47514,validation,False
47515,train,True
47516,train,False
47517,train,False
47518,train,False
47519,train,True
47520,train,False
47521,train,True
47522,train,True
47523,train,True
47524,validation,False
47525,train,True
47526,train,True
47527,train,True
47528,validation,False
47529,train,True
47530,validation,False
47531,train,True
47532,train,True
47533,validation,False
47534,train,True
47535,validation,False
47536,train,True
47537,validation,False
47538,train,True
47539,train,True
47540,train,True
47541,test,False
47542,train,True
47543,train,True
47544,train,True
47545,train,True
47546,test,False
47547,train,True
47548,train,True
47549,train,True
47550,train,True
47551,train,False
47552,train,True
47553,train,True
47554,train,False
47555,train,False
47556,train,True
47557,train,False
47558,train,True
47559,train,False
47560,validation,False
47561,train,False
47562,train,True
47563,train,True
47564,train,True
47565,train,True
47566,validation,False
47567,train,True
47568,train,False
47569,test,False
47570,train,True
47571,test,False
47572,train,True
47573,train,True
47574,validation,False
47575,train,True
47576,train,True
47577,train,True
47578,train,False
47579,validation,False
47580,validation,False
47581,validation,False
47582,train,True
47583,validation,False
47584,train,True
47585,validation,False
47586,train,True
47587,test,False
47588,validation,False
47589,train,True
47590,train,True
47591,validation,False
47592,validation,False
47593,test,False
47594,validation,False
47595,test,False
47596,test,False
47597,validation,False
47598,train,True
47599,train,True
47600,train,True
47601,train,False
47602,train,True
47603,train,True
47604,validation,False
47605,validation,False
47606,train,True
47607,validation,False
47608,validation,False
47609,train,True
47610,train,True
47611,train,True
47612,test,False
47613,train,True
47614,train,False
47615,train,False
47616,train,False
47617,test,False
47618,train,True
47619,train,True
47620,validation,False
47621,validation,False
47622,train,True
47623,train,True
47624,train,True
47625,test,False
47626,train,True
47627,train,False
47628,train,True
47629,test,False
47630,train,True
47631,validation,False
47632,train,False
47633,test,False
47634,train,True
47635,test,False
47636,validation,False
47637,train,False
47638,test,False
47639,test,False
47640,train,True
47641,validation,False
47642,test,False
47643,test,False
47644,train,True
47645,test,False
47646,validation,False
47647,train,True
47648,test,False
47649,train,False
47650,train,True
47651,validation,False
47652,train,True
47653,train,True
47654,train,True
47655,train,False
47656,validation,False
47657,validation,False
47658,validation,False
47659,validation,False
47660,test,False
47661,validation,False
47662,train,True
47663,test,False
47664,test,False
47665,train,True
47666,validation,False
47667,train,True
47668,train,True
47669,train,False
47670,validation,False
47671,train,True
47672,test,False
47673,train,True
47674,train,False
47675,test,False
47676,train,True
47677,test,False
47678,train,True
47679,train,False
47680,test,False
47681,train,True
47682,test,False
47683,test,False
47684,test,False
47685,validation,False
47686,train,True
47687,train,True
47688,train,False
47689,train,True
47690,validation,False
47691,train,False
47692,train,True
47693,validation,False
47694,train,False
47695,train,True
47696,test,False
47697,train,False
47698,train,True
47699,train,False
47700,train,False
47701,validation,False
47702,test,False
47703,validation,False
47704,train,True
47705,train,False
47706,train,True
47707,validation,False
47708,validation,False
47709,train,True
47710,train,False
47711,train,False
47712,validation,False
47713,validation,False
47714,train,True
47715,test,False
47716,test,False
47717,train,False
47718,test,False
47719,test,False
47720,train,True
47721,validation,False
47722,train,True
47723,validation,False
47724,train,True
47725,train,True
47726,validation,False
47727,train,True
47728,test,False
47729,train,False
47730,test,False
47731,test,False
47732,test,False
47733,test,False
47734,test,False
47735,train,True
47736,validation,False
47737,train,False
47738,train,True
47739,train,False
47740,train,True
47741,train,True
47742,train,False
47743,test,False
47744,train,True
47745,train,True
47746,validation,False
47747,test,False
47748,validation,False
47749,train,True
47750,validation,False
47751,train,False
47752,test,False
47753,test,False
47754,train,False
47755,train,True
47756,test,False
47757,train,True
47758,validation,False
47759,train,True
47760,validation,False
47761,train,True
47762,train,True
47763,train,True
47764,train,True
47765,train,True
47766,train,True
47767,train,True
47768,train,False
47769,train,False
47770,train,True
47771,test,False
47772,test,False
47773,test,False
47774,train,True
47775,validation,False
47776,validation,False
47777,train,True
47778,train,False
47779,train,True
47780,train,False
47781,train,False
47782,test,False
47783,train,True
47784,train,True
47785,test,False
47786,train,True
47787,test,False
47788,train,False
47789,train,False
47790,test,False
47791,test,False
47792,train,True
47793,validation,False
47794,train,False
47795,test,False
47796,train,False
47797,train,True
47798,test,False
47799,test,False
47800,train,True
47801,test,False
47802,train,True
47803,train,False
47804,train,False
47805,train,True
47806,train,True
47807,validation,False
47808,train,False
47809,train,True
47810,validation,False
47811,train,False
47812,test,False
47813,validation,False
47814,train,True
47815,train,True
47816,validation,False
47817,train,False
47818,train,False
47819,train,False
47820,test,False
47821,train,False
47822,test,False
47823,train,True
47824,validation,False
47825,train,False
47826,test,False
47827,train,True
47828,validation,False
47829,train,False
47830,train,False
47831,train,True
47832,validation,False
47833,validation,False
47834,test,False
47835,train,True
47836,test,False
47837,test,False
47838,validation,False
47839,test,False
47840,train,True
47841,train,True
47842,train,True
47843,train,False
47844,train,False
47845,train,True
47846,train,True
47847,validation,False
47848,validation,False
47849,test,False
47850,test,False
47851,train,True
47852,train,True
47853,validation,False
47854,train,True
47855,train,False
47856,test,False
47857,train,True
47858,train,False
47859,train,True
47860,train,True
47861,train,True
47862,train,True
47863,test,False
47864,train,False
47865,train,True
47866,train,True
47867,train,False
47868,validation,False
47869,validation,False
47870,train,False
47871,validation,False
47872,validation,False
47873,train,True
47874,test,False
47875,train,False
47876,train,False
47877,train,False
47878,validation,False
47879,test,False
47880,train,True
47881,train,False
47882,test,False
47883,validation,False
47884,train,False
47885,test,False
47886,train,True
47887,test,False
47888,train,True
47889,train,False
47890,test,False
47891,train,False
47892,train,False
47893,train,True
47894,test,False
47895,validation,False
47896,test,False
47897,train,False
47898,train,True
47899,test,False
47900,train,True
47901,validation,False
47902,train,False
47903,test,False
47904,train,True
47905,train,False
47906,train,True
47907,train,False
47908,train,True
47909,train,False
47910,test,False
47911,train,True
47912,test,False
47913,train,True
47914,train,False
47915,test,False
47916,validation,False
47917,test,False
47918,train,False
47919,train,True
47920,train,True
47921,validation,False
47922,test,False
47923,test,False
47924,test,False
47925,train,False
47926,test,False
47927,train,True
47928,train,False
47929,train,True
47930,train,False
47931,train,False
47932,train,True
47933,validation,False
47934,train,True
47935,train,False
47936,validation,False
47937,train,True
47938,train,False
47939,train,False
47940,test,False
47941,train,True
47942,train,True
47943,train,False
47944,train,False
47945,train,True
47946,test,False
47947,validation,False
47948,validation,False
47949,test,False
47950,train,True
47951,test,False
47952,train,True
47953,train,False
47954,validation,False
47955,validation,False
47956,validation,False
47957,test,False
47958,test,False
47959,validation,False
47960,train,True
47961,test,False
47962,validation,False
47963,validation,False
47964,train,True
47965,train,True
47966,train,True
47967,test,False
47968,validation,False
47969,train,True
47970,test,False
47971,train,False
47972,train,False
47973,test,False
47974,train,False
47975,train,True
47976,validation,False
47977,train,True
47978,train,False
47979,train,False
47980,train,False
47981,validation,False
47982,train,True
47983,test,False
47984,train,False
47985,train,True
47986,test,False
47987,validation,False
47988,validation,False
47989,train,False
47990,train,True
47991,train,True
47992,train,False
47993,train,False
47994,validation,False
47995,validation,False
47996,test,False
47997,test,False
47998,train,True
47999,test,False
48000,train,True
48001,train,True
48002,validation,False
48003,train,False
48004,train,False
48005,train,False
48006,test,False
48007,train,True
48008,train,False
48009,validation,False
48010,train,True
48011,test,False
48012,train,True
48013,validation,False
48014,train,True
48015,test,False
48016,validation,False
48017,train,True
48018,train,False
48019,train,False
48020,validation,False
48021,train,True
48022,test,False
48023,test,False
48024,validation,False
48025,train,False
48026,train,False
48027,test,False
48028,train,True
48029,train,True
48030,train,True
48031,train,True
48032,test,False
48033,train,True
48034,train,True
48035,validation,False
48036,validation,False
48037,train,False
48038,test,False
48039,test,False
48040,validation,False
48041,train,False
48042,train,False
48043,train,False
48044,train,True
48045,test,False
48046,train,True
48047,test,False
48048,validation,False
48049,validation,False
48050,train,True
48051,train,True
48052,train,True
48053,validation,False
48054,test,False
48055,validation,False
48056,test,False
48057,train,True
48058,train,True
48059,validation,False
48060,validation,False
48061,validation,False
48062,test,False
48063,test,False
48064,validation,False
48065,train,True
48066,test,False
48067,test,False
48068,train,True
48069,validation,False
48070,train,True
48071,train,True
48072,validation,False
48073,train,True
48074,test,False
48075,test,False
48076,train,True
48077,train,True
48078,train,False
48079,validation,False
48080,test,False
48081,test,False
48082,train,True
48083,train,False
48084,train,True
48085,test,False
48086,test,False
48087,test,False
48088,test,False
48089,train,True
48090,test,False
48091,validation,False
48092,train,True
48093,validation,False
48094,train,True
48095,train,True
48096,train,True
48097,validation,False
48098,test,False
48099,train,True
48100,validation,False
48101,train,False
48102,train,True
48103,train,False
48104,test,False
48105,validation,False
48106,test,False
48107,train,True
48108,test,False
48109,test,False
48110,train,True
48111,train,True
48112,validation,False
48113,test,False
48114,train,False
48115,train,True
48116,validation,False
48117,test,False
48118,train,True
48119,validation,False
48120,test,False
48121,train,True
48122,train,True
48123,validation,False
48124,train,False
48125,train,True
48126,train,True
48127,train,False
48128,train,True
48129,train,False
48130,train,True
48131,test,False
48132,test,False
48133,validation,False
48134,train,False
48135,validation,False
48136,validation,False
48137,validation,False
48138,validation,False
48139,validation,False
48140,validation,False
48141,validation,False
48142,train,False
48143,test,False
48144,train,True
48145,validation,False
48146,validation,False
48147,validation,False
48148,train,False
48149,test,False
48150,train,True
48151,test,False
48152,test,False
48153,test,False
48154,test,False
48155,test,False
48156,train,False
48157,train,True
48158,train,False
48159,train,True
48160,train,True
48161,train,True
48162,train,True
48163,train,True
48164,train,True
48165,validation,False
48166,train,True
48167,test,False
48168,train,True
48169,train,False
48170,train,True
48171,test,False
48172,train,True
48173,train,False
48174,train,False
48175,test,False
48176,test,False
48177,train,True
48178,train,True
48179,train,False
48180,train,False
48181,validation,False
48182,train,False
48183,train,False
48184,train,True
48185,train,True
48186,train,True
48187,test,False
48188,train,True
48189,validation,False
48190,validation,False
48191,validation,False
48192,train,True
48193,train,False
48194,test,False
48195,validation,False
48196,train,True
48197,validation,False
48198,train,True
48199,train,False
48200,train,True
48201,train,True
48202,train,True
48203,train,True
48204,train,True
48205,train,True
48206,validation,False
48207,train,False
48208,validation,False
48209,train,True
48210,train,False
48211,validation,False
48212,train,False
48213,train,True
48214,test,False
48215,train,True
48216,train,True
48217,validation,False
48218,validation,False
48219,train,False
48220,test,False
48221,test,False
48222,train,False
48223,train,True
48224,train,True
48225,train,True
48226,test,False
48227,train,True
48228,train,True
48229,train,True
48230,validation,False
48231,train,True
48232,train,True
48233,validation,False
48234,test,False
48235,test,False
48236,train,False
48237,train,False
48238,train,False
48239,test,False
48240,train,True
48241,train,True
48242,train,False
48243,train,True
48244,train,True
48245,train,False
48246,train,False
48247,train,True
48248,train,True
48249,validation,False
48250,train,True
48251,train,False
48252,test,False
48253,train,False
48254,test,False
48255,train,True
48256,train,True
48257,test,False
48258,train,False
48259,test,False
48260,train,False
48261,validation,False
48262,train,False
48263,test,False
48264,test,False
48265,train,True
48266,train,True
48267,test,False
48268,train,True
48269,train,False
48270,train,True
48271,validation,False
48272,train,True
48273,train,True
48274,validation,False
48275,test,False
48276,train,True
48277,train,True
48278,validation,False
48279,train,False
48280,train,False
48281,test,False
48282,validation,False
48283,train,True
48284,train,True
48285,train,False
48286,train,False
48287,train,False
48288,train,True
48289,train,True
48290,train,True
48291,train,True
48292,train,True
48293,test,False
48294,validation,False
48295,validation,False
48296,train,True
48297,validation,False
48298,train,True
48299,train,True
48300,test,False
48301,train,False
48302,train,True
48303,train,True
48304,test,False
48305,train,True
48306,train,True
48307,train,True
48308,train,True
48309,train,False
48310,train,True
48311,train,False
48312,train,True
48313,validation,False
48314,train,True
48315,train,True
48316,validation,False
48317,train,True
48318,test,False
48319,train,False
48320,train,False
48321,train,True
48322,test,False
48323,train,True
48324,train,False
48325,train,True
48326,train,True
48327,train,False
48328,train,True
48329,train,False
48330,validation,False
48331,test,False
48332,test,False
48333,train,False
48334,train,True
48335,train,False
48336,test,False
48337,validation,False
48338,validation,False
48339,train,True
48340,train,True
48341,train,True
48342,train,False
48343,test,False
48344,validation,False
48345,train,True
48346,train,True
48347,train,False
48348,train,False
48349,train,True
48350,train,True
48351,validation,False
48352,train,True
48353,validation,False
48354,validation,False
48355,train,True
48356,validation,False
48357,train,False
48358,test,False
48359,train,True
48360,train,True
48361,validation,False
48362,train,True
48363,train,True
48364,test,False
48365,train,True
48366,train,False
48367,train,False
48368,train,True
48369,train,True
48370,train,True
48371,train,True
48372,validation,False
48373,train,False
48374,train,False
48375,validation,False
48376,test,False
48377,train,True
48378,train,True
48379,train,False
48380,train,True
48381,test,False
48382,train,False
48383,train,True
48384,train,True
48385,train,True
48386,validation,False
48387,train,True
48388,validation,False
48389,validation,False
48390,validation,False
48391,train,False
48392,train,False
48393,train,True
48394,train,True
48395,train,True
48396,train,True
48397,train,True
48398,train,False
48399,train,True
48400,validation,False
48401,test,False
48402,validation,False
48403,train,True
48404,train,True
48405,test,False
48406,train,False
48407,train,False
48408,train,True
48409,train,False
48410,train,True
48411,train,False
48412,test,False
48413,train,True
48414,train,True
48415,train,True
48416,test,False
48417,validation,False
48418,train,False
48419,train,False
48420,train,False
48421,train,True
48422,validation,False
48423,train,True
48424,train,False
48425,train,False
48426,train,True
48427,test,False
48428,train,True
48429,validation,False
48430,test,False
48431,train,False
48432,validation,False
48433,train,False
48434,train,False
48435,train,True
48436,train,True
48437,validation,False
48438,test,False
48439,train,False
48440,train,False
48441,train,False
48442,train,False
48443,train,False
48444,validation,False
48445,train,True
48446,validation,False
48447,train,False
48448,test,False
48449,train,True
48450,validation,False
48451,train,True
48452,train,False
48453,test,False
48454,test,False
48455,train,True
48456,test,False
48457,train,False
48458,train,True
48459,train,False
48460,train,False
48461,validation,False
48462,train,True
48463,test,False
48464,train,True
48465,validation,False
48466,train,True
48467,train,True
48468,train,True
48469,train,True
48470,validation,False
48471,train,True
48472,validation,False
48473,train,True
48474,train,True
48475,test,False
48476,validation,False
48477,train,True
48478,test,False
48479,validation,False
48480,validation,False
48481,test,False
48482,train,True
48483,test,False
48484,train,True
48485,validation,False
48486,train,True
48487,test,False
48488,train,False
48489,test,False
48490,train,True
48491,validation,False
48492,validation,False
48493,test,False
48494,train,True
48495,test,False
48496,validation,False
48497,train,True
48498,test,False
48499,validation,False
48500,train,False
48501,train,False
48502,test,False
48503,train,True
48504,train,False
48505,test,False
48506,train,False
48507,train,True
48508,test,False
48509,test,False
48510,train,False
48511,train,True
48512,train,True
48513,validation,False
48514,train,True
48515,train,True
48516,validation,False
48517,train,True
48518,train,True
48519,test,False
48520,test,False
48521,train,True
48522,train,True
48523,train,True
48524,train,True
48525,train,True
48526,train,True
48527,train,True
48528,test,False
48529,train,False
48530,test,False
48531,test,False
48532,train,True
48533,train,True
48534,test,False
48535,validation,False
48536,test,False
48537,train,True
48538,train,False
48539,validation,False
48540,train,False
48541,train,True
48542,test,False
48543,train,True
48544,train,True
48545,train,True
48546,train,True
48547,train,False
48548,train,True
48549,test,False
48550,test,False
48551,test,False
48552,test,False
48553,train,False
48554,train,False
48555,test,False
48556,train,True
48557,train,False
48558,train,True
48559,train,True
48560,train,True
48561,train,False
48562,train,False
48563,train,True
48564,train,True
48565,train,True
48566,train,True
48567,train,False
48568,test,False
48569,train,True
48570,train,True
48571,test,False
48572,train,True
48573,validation,False
48574,validation,False
48575,train,True
48576,train,True
48577,validation,False
48578,validation,False
48579,validation,False
48580,train,False
48581,validation,False
48582,train,False
48583,train,True
48584,validation,False
48585,train,False
48586,test,False
48587,train,True
48588,validation,False
48589,test,False
48590,train,True
48591,train,True
48592,test,False
48593,train,True
48594,train,True
48595,validation,False
48596,train,True
48597,train,False
48598,train,True
48599,train,True
48600,train,False
48601,train,False
48602,train,False
48603,train,True
48604,train,True
48605,train,False
48606,test,False
48607,test,False
48608,test,False
48609,train,False
48610,train,False
48611,train,False
48612,test,False
48613,validation,False
48614,train,False
48615,test,False
48616,test,False
48617,test,False
48618,train,True
48619,train,False
48620,train,True
48621,train,True
48622,train,False
48623,validation,False
48624,train,False
48625,validation,False
48626,test,False
48627,train,True
48628,test,False
48629,train,True
48630,train,True
48631,train,True
48632,train,False
48633,train,True
48634,train,True
48635,test,False
48636,train,True
48637,validation,False
48638,train,True
48639,test,False
48640,train,True
48641,train,True
48642,train,False
48643,train,False
48644,train,False
48645,test,False
48646,validation,False
48647,validation,False
48648,validation,False
48649,validation,False
48650,train,True
48651,train,True
48652,train,False
48653,train,True
48654,train,True
48655,validation,False
48656,test,False
48657,train,True
48658,test,False
48659,train,True
48660,validation,False
48661,validation,False
48662,test,False
48663,test,False
48664,validation,False
48665,train,False
48666,train,False
48667,train,False
48668,train,True
48669,validation,False
48670,train,False
48671,test,False
48672,validation,False
48673,test,False
48674,validation,False
48675,validation,False
48676,train,True
48677,train,True
48678,train,True
48679,validation,False
48680,test,False
48681,train,True
48682,train,False
48683,test,False
48684,validation,False
48685,train,True
48686,train,True
48687,train,True
48688,test,False
48689,validation,False
48690,train,True
48691,validation,False
48692,validation,False
48693,train,True
48694,test,False
48695,test,False
48696,train,True
48697,validation,False
48698,train,True
48699,train,True
48700,test,False
48701,train,True
48702,validation,False
48703,train,True
48704,train,True
48705,train,True
48706,train,False
48707,validation,False
48708,validation,False
48709,train,False
48710,validation,False
48711,train,True
48712,validation,False
48713,train,False
48714,train,True
48715,test,False
48716,train,True
48717,train,True
48718,train,True
48719,train,True
48720,train,True
48721,train,False
48722,train,False
48723,train,False
48724,train,False
48725,train,False
48726,train,True
48727,train,True
48728,train,True
48729,train,True
48730,train,False
48731,validation,False
48732,train,True
48733,validation,False
48734,validation,False
48735,test,False
48736,train,True
48737,validation,False
48738,train,True
48739,train,True
48740,validation,False
48741,test,False
48742,train,True
48743,train,True
48744,train,True
48745,train,True
48746,validation,False
48747,test,False
48748,train,True
48749,train,False
48750,train,True
48751,test,False
48752,validation,False
48753,train,True
48754,test,False
48755,train,True
48756,train,True
48757,validation,False
48758,validation,False
48759,test,False
48760,train,True
48761,test,False
48762,train,False
48763,test,False
48764,train,True
48765,validation,False
48766,test,False
48767,test,False
48768,train,False
48769,validation,False
48770,train,False
48771,train,False
48772,validation,False
48773,validation,False
48774,train,True
48775,train,False
48776,train,False
48777,train,True
48778,validation,False
48779,train,False
48780,test,False
48781,train,False
48782,validation,False
48783,validation,False
48784,validation,False
48785,validation,False
48786,train,False
48787,validation,False
48788,test,False
48789,validation,False
48790,train,False
48791,train,True
48792,validation,False
48793,validation,False
48794,validation,False
48795,validation,False
48796,validation,False
48797,train,False
48798,train,False
48799,train,False
48800,train,True
48801,test,False
48802,test,False
48803,validation,False
48804,train,False
48805,test,False
48806,test,False
48807,test,False
48808,test,False
48809,train,True
48810,validation,False
48811,train,True
48812,train,False
48813,train,True
48814,train,False
48815,train,True
48816,train,False
48817,train,True
48818,train,False
48819,train,True
48820,test,False
48821,train,False
48822,validation,False
48823,train,True
48824,train,False
48825,train,False
48826,train,False
48827,validation,False
48828,test,False
48829,train,False
48830,train,True
48831,train,True
48832,test,False
48833,validation,False
48834,train,True
48835,validation,False
48836,validation,False
48837,train,True
48838,train,True
48839,test,False
48840,validation,False
48841,validation,False
48842,train,False
48843,train,True
48844,train,True
48845,train,True
48846,validation,False
48847,train,True
48848,train,True
48849,validation,False
48850,train,True
48851,train,True
48852,train,True
48853,validation,False
48854,train,True
48855,test,False
48856,train,True
48857,train,True
48858,train,True
48859,train,True
48860,train,True
48861,train,True
48862,train,True
48863,train,True
48864,train,False
48865,validation,False
48866,train,False
48867,train,False
48868,test,False
48869,train,False
48870,train,True
48871,train,True
48872,train,True
48873,test,False
48874,validation,False
48875,train,True
48876,validation,False
48877,train,False
48878,train,True
48879,train,False
48880,test,False
48881,test,False
48882,train,False
48883,test,False
48884,train,False
48885,validation,False
48886,validation,False
48887,validation,False
48888,train,True
48889,validation,False
48890,train,False
48891,test,False
48892,train,True
48893,test,False
48894,test,False
48895,validation,False
48896,train,False
48897,train,False
48898,train,True
48899,test,False
48900,test,False
48901,validation,False
48902,test,False
48903,train,True
48904,test,False
48905,train,True
48906,validation,False
48907,test,False
48908,validation,False
48909,validation,False
48910,train,False
48911,train,False
48912,train,False
48913,validation,False
48914,train,True
48915,validation,False
48916,train,True
48917,test,False
48918,test,False
48919,train,True
48920,train,True
48921,train,True
48922,train,False
48923,train,True
48924,test,False
48925,test,False
48926,train,True
48927,test,False
48928,train,False
48929,train,True
48930,train,True
48931,test,False
48932,train,False
48933,validation,False
48934,validation,False
48935,train,True
48936,validation,False
48937,train,True
48938,test,False
48939,test,False
48940,train,True
48941,validation,False
48942,train,False
48943,test,False
48944,train,False
48945,test,False
48946,train,False
48947,test,False
48948,test,False
48949,train,True
48950,train,False
48951,validation,False
48952,validation,False
48953,train,True
48954,train,True
48955,validation,False
48956,test,False
48957,validation,False
48958,train,True
48959,test,False
48960,train,False
48961,train,True
48962,train,True
48963,validation,False
48964,test,False
48965,validation,False
48966,test,False
48967,train,False
48968,train,True
48969,validation,False
48970,train,True
48971,test,False
48972,train,True
48973,train,True
48974,test,False
48975,validation,False
48976,train,False
48977,train,True
48978,train,True
48979,validation,False
48980,validation,False
48981,train,True
48982,train,True
48983,train,True
48984,train,True
48985,train,False
48986,test,False
48987,test,False
48988,validation,False
48989,train,True
48990,train,True
48991,train,False
48992,train,False
48993,validation,False
48994,validation,False
48995,train,False
48996,train,True
48997,validation,False
48998,train,False
48999,train,False
49000,train,False
49001,test,False
49002,train,True
49003,train,True
49004,test,False
49005,validation,False
49006,validation,False
49007,train,False
49008,train,True
49009,test,False
49010,train,True
49011,test,False
49012,validation,False
49013,train,True
49014,train,True
49015,train,False
49016,train,True
49017,train,True
49018,train,True
49019,train,True
49020,validation,False
49021,train,True
49022,train,True
49023,train,True
49024,train,True
49025,test,False
49026,train,True
49027,train,False
49028,train,True
49029,validation,False
49030,validation,False
49031,validation,False
49032,validation,False
49033,train,False
49034,test,False
49035,validation,False
49036,validation,False
49037,train,False
49038,test,False
49039,train,True
49040,test,False
49041,train,True
49042,train,False
49043,train,True
49044,test,False
49045,train,True
49046,train,True
49047,train,True
49048,test,False
49049,test,False
49050,train,True
49051,train,False
49052,validation,False
49053,train,True
49054,train,True
49055,train,True
49056,validation,False
49057,train,False
49058,train,False
49059,train,True
49060,train,True
49061,train,True
49062,test,False
49063,train,True
49064,train,True
49065,train,False
49066,train,False
49067,train,True
49068,test,False
49069,validation,False
49070,train,True
49071,train,True
49072,test,False
49073,train,True
49074,train,True
49075,test,False
49076,test,False
49077,train,True
49078,train,True
49079,train,True
49080,validation,False
49081,train,True
49082,validation,False
49083,train,True
49084,validation,False
49085,train,True
49086,validation,False
49087,train,False
49088,validation,False
49089,validation,False
49090,train,False
49091,train,False
49092,validation,False
49093,validation,False
49094,train,True
49095,train,True
49096,train,True
49097,train,False
49098,test,False
49099,train,False
49100,train,True
49101,train,False
49102,train,True
49103,validation,False
49104,validation,False
49105,train,True
49106,train,True
49107,test,False
49108,train,True
49109,train,True
49110,validation,False
49111,train,True
49112,test,False
49113,train,True
49114,train,False
49115,train,False
49116,train,True
49117,train,True
49118,validation,False
49119,train,True
49120,test,False
49121,train,False
49122,train,True
49123,validation,False
49124,train,False
49125,train,False
49126,train,True
49127,train,False
49128,train,False
49129,train,True
49130,train,False
49131,train,False
49132,train,True
49133,train,False
49134,train,True
49135,train,True
49136,train,True
49137,validation,False
49138,validation,False
49139,test,False
49140,train,False
49141,train,False
49142,validation,False
49143,validation,False
49144,train,False
49145,train,True
49146,test,False
49147,train,True
49148,validation,False
49149,train,True
49150,train,False
49151,train,True
49152,train,True
49153,validation,False
49154,validation,False
49155,train,True
49156,train,True
49157,train,False
49158,train,False
49159,test,False
49160,validation,False
49161,train,True
49162,train,True
49163,validation,False
49164,train,False
49165,train,True
49166,train,True
49167,train,True
49168,train,True
49169,validation,False
49170,train,True
49171,train,True
49172,validation,False
49173,train,True
49174,train,True
49175,test,False
49176,validation,False
49177,train,True
49178,train,True
49179,validation,False
49180,train,True
49181,train,False
49182,train,True
49183,test,False
49184,train,True
49185,test,False
49186,train,True
49187,train,False
49188,test,False
49189,train,True
49190,validation,False
49191,validation,False
49192,train,True
49193,train,False
49194,test,False
49195,test,False
49196,validation,False
49197,test,False
49198,test,False
49199,validation,False
49200,test,False
49201,train,True
49202,train,True
49203,train,True
49204,train,True
49205,train,True
49206,train,False
49207,train,True
49208,train,True
49209,train,True
49210,test,False
49211,train,True
49212,train,True
49213,train,False
49214,train,True
49215,validation,False
49216,validation,False
49217,validation,False
49218,validation,False
49219,train,False
49220,train,True
49221,train,True
49222,train,True
49223,train,False
49224,validation,False
49225,validation,False
49226,train,False
49227,train,False
49228,validation,False
49229,train,True
49230,test,False
49231,test,False
49232,test,False
49233,train,True
49234,train,True
49235,train,True
49236,test,False
49237,test,False
49238,validation,False
49239,train,False
49240,train,False
49241,train,True
49242,train,True
49243,validation,False
49244,test,False
49245,train,True
49246,train,True
49247,train,True
49248,train,True
49249,train,True
49250,train,False
49251,train,False
49252,train,False
49253,validation,False
49254,train,False
49255,test,False
49256,test,False
49257,test,False
49258,train,False
49259,train,True
49260,train,True
49261,train,False
49262,train,True
49263,train,True
49264,train,True
49265,test,False
49266,validation,False
49267,validation,False
49268,train,True
49269,validation,False
49270,train,False
49271,test,False
49272,test,False
49273,test,False
49274,train,True
49275,test,False
49276,train,True
49277,train,False
49278,train,False
49279,train,False
49280,train,True
49281,test,False
49282,train,True
49283,validation,False
49284,train,False
49285,test,False
49286,train,True
49287,train,True
49288,train,True
49289,train,False
49290,validation,False
49291,train,False
49292,test,False
49293,test,False
49294,train,False
49295,train,True
49296,train,False
49297,train,False
49298,validation,False
49299,validation,False
49300,train,True
49301,train,True
49302,train,True
49303,train,True
49304,train,True
49305,validation,False
49306,train,True
49307,validation,False
49308,train,False
49309,train,True
49310,train,False
49311,test,False
49312,test,False
49313,train,True
49314,test,False
49315,train,True
49316,train,True
49317,validation,False
49318,train,True
49319,train,True
49320,train,False
49321,validation,False
49322,test,False
49323,validation,False
49324,train,True
49325,train,False
49326,validation,False
49327,validation,False
49328,train,True
49329,train,True
49330,train,True
49331,test,False
49332,train,True
49333,test,False
49334,train,True
49335,validation,False
49336,validation,False
49337,test,False
49338,train,True
49339,validation,False
49340,train,True
49341,train,False
49342,test,False
49343,train,False
49344,train,True
49345,validation,False
49346,train,False
49347,train,False
49348,train,True
49349,train,True
49350,validation,False
49351,train,False
49352,test,False
49353,train,True
49354,train,True
49355,validation,False
49356,validation,False
49357,train,False
49358,train,False
49359,train,True
49360,validation,False
49361,train,True
49362,train,True
49363,test,False
49364,train,True
49365,train,False
49366,train,True
49367,train,True
49368,train,True
49369,validation,False
49370,test,False
49371,train,False
49372,train,True
49373,validation,False
49374,train,False
49375,validation,False
49376,validation,False
49377,train,False
49378,train,True
49379,train,True
49380,train,True
49381,validation,False
49382,test,False
49383,validation,False
49384,validation,False
49385,train,True
49386,train,False
49387,train,False
49388,validation,False
49389,test,False
49390,test,False
49391,test,False
49392,train,True
49393,train,True
49394,test,False
49395,validation,False
49396,train,True
49397,validation,False
49398,train,False
49399,validation,False
49400,train,True
49401,train,False
49402,train,True
49403,train,True
49404,train,True
49405,test,False
49406,test,False
49407,test,False
49408,validation,False
49409,test,False
49410,train,False
49411,validation,False
49412,train,False
49413,train,True
49414,train,True
49415,train,True
49416,test,False
49417,validation,False
49418,train,True
49419,train,True
49420,validation,False
49421,train,True
49422,test,False
49423,train,False
49424,validation,False
49425,test,False
49426,train,True
49427,train,True
49428,validation,False
49429,test,False
49430,train,True
49431,validation,False
49432,train,False
49433,train,True
49434,train,True
49435,test,False
49436,train,True
49437,validation,False
49438,validation,False
49439,train,True
49440,test,False
49441,train,True
49442,train,True
49443,validation,False
49444,train,True
49445,train,False
49446,test,False
49447,validation,False
49448,validation,False
49449,train,True
49450,test,False
49451,train,True
49452,train,True
49453,train,True
49454,train,True
49455,train,True
49456,validation,False
49457,test,False
49458,test,False
49459,validation,False
49460,train,False
49461,train,False
49462,train,True
49463,train,True
49464,validation,False
49465,validation,False
49466,train,True
49467,validation,False
49468,train,True
49469,train,True
49470,train,True
49471,train,False
49472,train,True
49473,train,True
49474,test,False
49475,test,False
49476,train,True
49477,train,True
49478,train,True
49479,train,False
49480,train,True
49481,train,True
49482,train,False
49483,train,False
49484,test,False
49485,train,True
49486,train,True
49487,train,True
49488,train,True
49489,validation,False
49490,train,True
49491,test,False
49492,train,False
49493,train,True
49494,validation,False
49495,validation,False
49496,train,True
49497,test,False
49498,test,False
49499,test,False
49500,test,False
49501,train,True
49502,train,True
49503,train,False
49504,train,False
49505,train,True
49506,validation,False
49507,train,False
49508,train,True
49509,train,False
49510,validation,False
49511,test,False
49512,train,True
49513,train,True
49514,train,True
49515,validation,False
49516,test,False
49517,validation,False
49518,train,False
49519,test,False
49520,test,False
49521,train,False
49522,validation,False
49523,validation,False
49524,test,False
49525,train,True
49526,train,True
49527,validation,False
49528,validation,False
49529,validation,False
49530,validation,False
49531,train,False
49532,train,False
49533,validation,False
49534,train,False
49535,train,False
49536,train,False
49537,train,True
49538,validation,False
49539,test,False
49540,test,False
49541,train,False
49542,validation,False
49543,validation,False
49544,train,True
49545,train,True
49546,train,True
49547,test,False
49548,validation,False
49549,train,True
49550,train,False
49551,validation,False
49552,train,True
49553,train,False
49554,train,False
49555,train,True
49556,train,False
49557,train,True
49558,train,True
49559,validation,False
49560,test,False
49561,validation,False
49562,test,False
49563,train,True
49564,train,False
49565,train,True
49566,train,True
49567,validation,False
49568,validation,False
49569,train,False
49570,validation,False
49571,train,True
49572,test,False
49573,train,True
49574,train,False
49575,train,True
49576,train,False
49577,train,True
49578,validation,False
49579,train,True
49580,test,False
49581,train,False
49582,train,True
49583,test,False
49584,test,False
49585,test,False
49586,train,False
49587,train,True
49588,train,False
49589,train,True
49590,train,True
49591,train,False
49592,train,False
49593,test,False
49594,train,False
49595,train,True
49596,train,False
49597,train,True
49598,test,False
49599,train,True
49600,train,True
49601,train,True
49602,train,True
49603,test,False
49604,train,True
49605,train,True
49606,validation,False
49607,test,False
49608,test,False
49609,test,False
49610,train,False
49611,train,True
49612,train,True
49613,test,False
49614,train,True
49615,validation,False
49616,train,False
49617,test,False
49618,train,True
49619,train,True
49620,validation,False
49621,validation,False
49622,train,True
49623,train,True
49624,validation,False
49625,test,False
49626,train,False
49627,test,False
49628,train,True
49629,test,False
49630,train,True
49631,train,True
49632,validation,False
49633,train,False
49634,train,False
49635,test,False
49636,validation,False
49637,train,True
49638,train,False
49639,validation,False
49640,validation,False
49641,train,False
49642,train,True
49643,train,True
49644,validation,False
49645,validation,False
49646,test,False
49647,validation,False
49648,validation,False
49649,train,True
49650,train,False
49651,train,True
49652,train,False
49653,train,True
49654,train,False
49655,test,False
49656,test,False
49657,train,True
49658,test,False
49659,train,True
49660,test,False
49661,train,True
49662,train,True
49663,train,True
49664,train,False
49665,test,False
49666,validation,False
49667,train,False
49668,train,True
49669,train,False
49670,train,False
49671,train,True
49672,train,True
49673,validation,False
49674,train,True
49675,validation,False
49676,train,True
49677,validation,False
49678,test,False
49679,train,False
49680,train,True
49681,validation,False
49682,train,True
49683,train,True
49684,train,False
49685,test,False
49686,validation,False
49687,test,False
49688,test,False
49689,train,False
49690,validation,False
49691,train,False
49692,train,True
49693,train,True
49694,train,False
49695,train,True
49696,train,False
49697,validation,False
49698,train,False
49699,test,False
49700,test,False
49701,train,False
49702,validation,False
49703,test,False
49704,validation,False
49705,test,False
49706,test,False
49707,test,False
49708,train,True
49709,validation,False
49710,test,False
49711,train,True
49712,test,False
49713,train,True
49714,validation,False
49715,train,True
49716,train,True
49717,train,True
49718,train,True
49719,train,True
49720,train,True
49721,validation,False
49722,train,False
49723,test,False
49724,train,True
49725,train,True
49726,train,True
49727,train,False
49728,train,True
49729,train,False
49730,train,False
49731,train,False
49732,test,False
49733,train,True
49734,train,True
49735,test,False
49736,train,True
49737,train,False
49738,train,False
49739,validation,False
49740,train,False
49741,train,True
49742,test,False
49743,validation,False
49744,validation,False
49745,train,True
49746,validation,False
49747,train,False
49748,train,True
49749,train,True
49750,test,False
49751,train,True
49752,train,False
49753,train,True
49754,validation,False
49755,train,False
49756,train,False
49757,train,True
49758,train,False
49759,test,False
49760,train,False
49761,test,False
49762,train,True
49763,train,True
49764,train,True
49765,train,True
49766,train,True
49767,test,False
49768,train,False
49769,test,False
49770,train,True
49771,test,False
49772,train,True
49773,train,True
49774,validation,False
49775,train,False
49776,train,False
49777,train,True
49778,train,False
49779,validation,False
49780,test,False
49781,train,True
49782,validation,False
49783,train,False
49784,test,False
49785,train,False
49786,test,False
49787,validation,False
49788,train,True
49789,train,False
49790,train,True
49791,test,False
49792,test,False
49793,train,True
49794,validation,False
49795,train,True
49796,train,True
49797,train,True
49798,train,True
49799,train,False
49800,validation,False
49801,validation,False
49802,validation,False
49803,train,False
49804,validation,False
49805,validation,False
49806,train,True
49807,train,True
49808,train,True
49809,test,False
49810,validation,False
49811,validation,False
49812,train,True
49813,validation,False
49814,test,False
49815,train,True
49816,train,False
49817,validation,False
49818,train,True
49819,train,True
49820,train,True
49821,train,True
49822,train,True
49823,train,False
49824,train,False
49825,test,False
49826,train,False
49827,train,True
49828,validation,False
49829,train,True
49830,train,True
49831,validation,False
49832,train,True
49833,train,True
49834,validation,False
49835,test,False
49836,test,False
49837,train,True
49838,test,False
49839,train,True
49840,validation,False
49841,validation,False
49842,train,True
49843,train,False
49844,test,False
49845,train,False
49846,train,True
49847,train,False
49848,train,True
49849,train,True
49850,train,False
49851,test,False
49852,train,True
49853,train,False
49854,validation,False
49855,train,False
49856,train,False
49857,train,False
49858,test,False
49859,test,False
49860,train,True
49861,train,False
49862,test,False
49863,train,True
49864,train,True
49865,train,True
49866,train,True
49867,train,True
49868,train,True
49869,validation,False
49870,train,False
49871,train,False
49872,train,True
49873,validation,False
49874,test,False
49875,validation,False
49876,validation,False
49877,train,True
49878,train,True
49879,train,True
49880,train,True
49881,validation,False
49882,test,False
49883,validation,False
49884,train,False
49885,train,True
49886,train,True
49887,test,False
49888,train,True
49889,train,True
49890,train,False
49891,validation,False
49892,validation,False
49893,train,False
49894,validation,False
49895,train,False
49896,test,False
49897,train,True
49898,test,False
49899,train,False
49900,train,True
49901,train,False
49902,validation,False
49903,validation,False
49904,test,False
49905,train,True
49906,test,False
49907,test,False
49908,test,False
49909,train,True
49910,validation,False
49911,train,True
49912,train,True
49913,test,False
49914,validation,False
49915,train,False
49916,train,False
49917,train,True
49918,train,True
49919,train,True
49920,train,True
49921,test,False
49922,validation,False
49923,train,True
49924,train,True
49925,test,False
49926,train,False
49927,train,True
49928,train,True
49929,train,True
49930,validation,False
49931,train,True
49932,train,True
49933,test,False
49934,train,False
49935,train,True
49936,train,True
49937,train,True
49938,train,False
49939,train,False
49940,train,False
49941,train,False
49942,train,True
49943,validation,False
49944,test,False
49945,test,False
49946,train,True
49947,train,True
49948,train,False
49949,validation,False
49950,train,False
49951,validation,False
49952,train,True
49953,test,False
49954,train,False
49955,train,False
49956,train,True
49957,test,False
49958,validation,False
49959,validation,False
49960,train,True
49961,validation,False
49962,test,False
49963,train,False
49964,train,True
49965,train,True
49966,train,False
49967,validation,False
49968,validation,False
49969,train,True
49970,train,False
49971,train,True
49972,validation,False
49973,test,False
49974,train,False
49975,train,True
49976,validation,False
49977,train,False
49978,train,True
49979,train,False
49980,train,False
49981,validation,False
49982,test,False
49983,train,True
49984,validation,False
49985,train,True
49986,validation,False
49987,validation,False
49988,test,False
49989,train,True
49990,validation,False
49991,test,False
49992,validation,False
49993,train,True
49994,validation,False
49995,validation,False
49996,train,True
49997,test,False
49998,train,True
49999,train,False
