row_id,split,used_for_fit
0,train,True
1,validation,False
2,train,True
3,train,True
4,test,False
5,test,False
6,validation,False
7,test,False
8,train,True
9,test,False
10,train,True
11,test,False
12,train,True
13,validation,False
14,train,True
15,train,True
16,test,False
17,train,True
18,validation,False
19,train,True
20,train,True
21,validation,False
22,validation,False
23,train,True
24,validation,False
25,validation,False
26,train,True
27,train,True
28,train,True
29,train,True
30,train,True
31,train,True
32,validation,False
33,train,True
34,train,True
35,train,True
36,train,True
37,train,True
38,validation,False
39,train,True
40,validation,False
41,train,True
42,train,True
43,train,True
44,train,True
45,train,True
46,train,True
47,train,True
48,train,True
49,train,True
50,train,True
51,train,True
52,validation,False
53,train,True
54,validation,False
55,validation,False
56,train,True
57,train,True
58,train,True
59,train,True
60,validation,False
61,train,True
62,train,True
63,train,True
64,test,False
65,train,True
66,train,True
67,test,False
68,train,True
69,train,True
70,train,True
71,train,True
72,validation,False
73,train,True
74,test,False
75,train,True
76,train,True
77,test,False
78,validation,False
79,train,True
80,train,True
81,train,True
82,train,True
83,validation,False
84,train,True
85,test,False
86,train,True
87,train,True
88,train,True
89,test,False
90,train,True
91,train,True
92,train,True
93,train,True
94,validation,False
95,train,True
96,train,True
97,test,False
98,test,False
99,train,True
100,train,True
101,train,True
102,train,True
103,train,True
104,train,True
105,validation,False
106,train,True
107,train,True
108,train,True
109,train,True
110,train,True
111,train,True
112,train,True
113,train,True
114,train,True
115,validation,False
116,test,False
117,test,False
118,train,True
119,train,True
120,train,True
121,train,True
122,train,True
123,test,False
124,train,True
125,test,False
126,validation,False
127,train,True
128,train,True
129,train,True
130,validation,False
131,train,True
132,train,True
133,test,False
134,train,True
135,train,True
136,train,True
137,test,False
138,validation,False
139,train,True
140,test,False
141,validation,False
142,train,True
143,train,True
144,train,True
145,validation,False
146,train,True
147,test,False
148,validation,False
149,train,True
150,train,True
151,train,True
152,train,True
153,validation,False
154,test,False
155,test,False
156,train,True
157,train,True
158,validation,False
159,test,False
160,train,True
161,validation,False
162,validation,False
163,test,False
164,train,True
165,train,True
166,train,True
167,train,True
168,train,True
169,train,True
170,train,True
171,train,True
172,train,True
173,validation,False
174,train,True
175,train,True
176,train,True
177,train,True
178,train,True
179,train,True
180,train,True
181,train,True
182,test,False
183,train,True
184,train,True
185,train,True
186,train,True
187,validation,False
188,train,True
189,test,False
190,test,False
191,train,True
192,train,True
193,test,False
194,validation,False
195,train,True
196,train,True
197,validation,False
198,train,True
199,train,True
200,test,False
201,validation,False
202,test,False
203,train,True
204,test,False
205,train,True
206,test,False
207,test,False
208,train,True
209,train,True
210,train,True
211,train,True
212,train,True
213,test,False
214,train,True
215,validation,False
216,train,True
217,train,True
218,train,True
219,train,True
220,train,True
221,train,True
222,train,True
223,train,True
224,test,False
225,validation,False
226,test,False
227,train,True
228,train,True
229,train,True
230,train,True
231,train,True
232,test,False
233,train,True
234,validation,False
235,test,False
236,test,False
237,validation,False
238,train,True
239,train,True
240,train,True
241,validation,False
242,train,True
243,train,True
244,validation,False
245,train,True
246,validation,False
247,train,True
248,train,True
249,validation,False
250,train,True
251,train,True
252,train,True
253,validation,False
254,train,True
255,test,False
256,test,False
257,train,True
258,validation,False
259,train,True
260,validation,False
261,train,True
262,test,False
263,train,True
264,test,False
265,train,True
266,validation,False
267,train,True
268,train,True
269,validation,False
270,validation,False
271,test,False
272,train,True
273,train,True
274,train,True
275,train,True
276,test,False
277,test,False
278,validation,False
279,train,True
280,test,False
281,validation,False
282,validation,False
283,train,True
284,train,True
285,validation,False
286,train,True
287,train,True
288,train,True
289,validation,False
290,train,True
291,train,True
292,train,True
293,train,True
294,validation,False
295,train,True
296,train,True
297,train,True
298,train,True
299,test,False
300,train,True
301,test,False
302,test,False
303,train,True
304,train,True
305,validation,False
306,validation,False
307,train,True
308,train,True
309,train,True
310,train,True
311,train,True
312,train,True
313,validation,False
314,train,True
315,train,True
316,train,True
317,validation,False
318,train,True
319,train,True
320,train,True
321,train,True
322,train,True
323,train,True
324,train,True
325,train,True
326,train,True
327,train,True
328,train,True
329,validation,False
330,train,True
331,validation,False
332,train,True
333,train,True
334,train,True
335,train,True
336,train,True
337,train,True
338,validation,False
339,train,True
340,test,False
341,validation,False
342,test,False
343,validation,False
344,train,True
345,validation,False
346,train,True
347,train,True
348,train,True
349,train,True
350,train,True
351,train,True
352,validation,False
353,train,True
354,train,True
355,validation,False
356,test,False
357,validation,False
358,validation,False
359,validation,False
360,train,True
361,validation,False
362,validation,False
363,train,True
364,validation,False
365,validation,False
366,train,True
367,train,True
368,train,True
369,validation,False
370,validation,False
371,train,True
372,train,True
373,train,True
374,validation,False
375,train,True
376,train,True
377,test,False
378,train,True
379,train,True
380,train,True
381,train,True
382,test,False
383,validation,False
384,test,False
385,train,True
386,validation,False
387,train,True
388,train,True
389,train,True
390,test,False
391,test,False
392,test,False
393,train,True
394,train,True
395,test,False
396,test,False
397,train,True
398,validation,False
399,validation,False
400,train,True
401,train,True
402,train,True
403,train,True
404,test,False
405,validation,False
406,validation,False
407,validation,False
408,train,True
409,train,True
410,train,True
411,train,True
412,test,False
413,test,False
414,train,True
415,train,True
416,train,True
417,validation,False
418,train,True
419,validation,False
420,train,True
421,train,True
422,train,True
423,test,False
424,validation,False
425,train,True
426,train,True
427,train,True
428,train,True
429,train,True
430,train,True
431,test,False
432,train,True
433,train,True
434,train,True
435,train,True
436,validation,False
437,train,True
438,train,True
439,train,True
440,train,True
441,test,False
442,test,False
443,train,True
444,train,True
445,train,True
446,train,True
447,train,True
448,test,False
449,train,True
450,train,True
451,train,True
452,train,True
453,train,True
454,validation,False
455,train,True
456,test,False
457,train,True
458,test,False
459,validation,False
460,validation,False
461,train,True
462,train,True
463,train,True
464,test,False
465,train,True
466,validation,False
467,train,True
468,train,True
469,train,True
470,test,False
471,train,True
472,train,True
473,train,True
474,train,True
475,validation,False
476,train,True
477,train,True
478,train,True
479,train,True
480,train,True
481,test,False
482,validation,False
483,train,True
484,validation,False
485,train,True
486,train,True
487,train,True
488,validation,False
489,train,True
490,validation,False
491,train,True
492,test,False
493,train,True
494,train,True
495,train,True
496,train,True
497,train,True
498,train,True
499,validation,False
500,train,True
501,train,True
502,validation,False
503,train,True
504,test,False
505,train,True
506,train,True
507,train,True
508,train,True
509,train,True
510,train,True
511,train,True
512,test,False
513,train,True
514,test,False
515,test,False
516,train,True
517,train,True
518,train,True
519,validation,False
520,train,True
521,test,False
522,test,False
523,test,False
524,train,True
525,validation,False
526,validation,False
527,train,True
528,train,True
529,test,False
530,train,True
531,train,True
532,train,True
533,train,True
534,train,True
535,train,True
536,validation,False
537,validation,False
538,train,True
539,validation,False
540,train,True
541,validation,False
542,test,False
543,train,True
544,train,True
545,test,False
546,validation,False
547,train,True
548,train,True
549,train,True
550,train,True
551,train,True
552,validation,False
553,train,True
554,train,True
555,train,True
556,validation,False
557,test,False
558,train,True
559,test,False
560,test,False
561,train,True
562,validation,False
563,train,True
564,train,True
565,train,True
566,train,True
567,train,True
568,train,True
569,validation,False
570,train,True
571,validation,False
572,validation,False
573,train,True
574,test,False
575,validation,False
576,train,True
577,train,True
578,test,False
579,train,True
580,validation,False
581,test,False
582,train,True
583,test,False
584,train,True
585,train,True
586,train,True
587,test,False
588,train,True
589,train,True
590,train,True
591,train,True
592,train,True
593,validation,False
594,train,True
595,validation,False
596,train,True
597,test,False
598,train,True
599,train,True
600,validation,False
601,train,True
602,train,True
603,train,True
604,train,True
605,train,True
606,test,False
607,train,True
608,validation,False
609,train,True
610,test,False
611,train,True
612,validation,False
613,train,True
614,validation,False
615,train,True
616,train,True
617,train,True
618,train,True
619,test,False
620,train,True
621,train,True
622,train,True
623,train,True
624,train,True
625,train,True
626,train,True
627,train,True
628,validation,False
629,validation,False
630,test,False
631,test,False
632,validation,False
633,train,True
634,validation,False
635,test,False
636,train,True
637,train,True
638,test,False
639,test,False
640,train,True
641,train,True
642,train,True
643,test,False
644,train,True
645,validation,False
646,validation,False
647,train,True
648,train,True
649,train,True
650,train,True
651,test,False
652,train,True
653,train,True
654,train,True
655,train,True
656,validation,False
657,train,True
658,train,True
659,test,False
660,test,False
661,validation,False
662,train,True
663,validation,False
664,train,True
665,train,True
666,test,False
667,validation,False
668,train,True
669,test,False
670,train,True
671,validation,False
672,train,True
673,train,True
674,validation,False
675,train,True
676,train,True
677,train,True
678,train,True
679,train,True
680,train,True
681,train,True
682,train,True
683,train,True
684,train,True
685,validation,False
686,validation,False
687,test,False
688,test,False
689,validation,False
690,train,True
691,train,True
692,test,False
693,train,True
694,train,True
695,test,False
696,train,True
697,test,False
698,validation,False
699,validation,False
700,train,True
701,train,True
702,test,False
703,test,False
704,train,True
705,train,True
706,train,True
707,validation,False
708,train,True
709,train,True
710,train,True
711,train,True
712,train,True
713,train,True
714,test,False
715,train,True
716,validation,False
717,validation,False
718,train,True
719,validation,False
720,train,True
721,train,True
722,train,True
723,validation,False
724,train,True
725,train,True
726,test,False
727,validation,False
728,test,False
729,validation,False
730,train,True
731,train,True
732,train,True
733,train,True
734,train,True
735,train,True
736,train,True
737,train,True
738,train,True
739,validation,False
740,train,True
741,train,True
742,train,True
743,train,True
744,train,True
745,train,True
746,train,True
747,train,True
748,train,True
749,train,True
750,train,True
751,train,True
752,train,True
753,train,True
754,train,True
755,train,True
756,train,True
757,train,True
758,train,True
759,train,True
760,test,False
761,train,True
762,train,True
763,train,True
764,train,True
765,train,True
766,train,True
767,validation,False
768,test,False
769,test,False
770,test,False
771,test,False
772,test,False
773,train,True
774,train,True
775,test,False
776,train,True
777,train,True
778,test,False
779,train,True
780,test,False
781,validation,False
782,train,True
783,train,True
784,validation,False
785,test,False
786,train,True
787,train,True
788,test,False
789,train,True
790,train,True
791,test,False
792,validation,False
793,test,False
794,train,True
795,train,True
796,test,False
797,train,True
798,train,True
799,train,True
800,train,True
801,train,True
802,train,True
803,train,True
804,test,False
805,train,True
806,validation,False
807,train,True
808,train,True
809,train,True
810,train,True
811,train,True
812,train,True
813,train,True
814,test,False
815,train,True
816,train,True
817,test,False
818,validation,False
819,test,False
820,train,True
821,train,True
822,test,False
823,validation,False
824,validation,False
825,validation,False
826,train,True
827,test,False
828,train,True
829,train,True
830,validation,False
831,train,True
832,test,False
833,train,True
834,train,True
835,train,True
836,validation,False
837,train,True
838,train,True
839,test,False
840,validation,False
841,train,True
842,train,True
843,train,True
844,train,True
845,test,False
846,test,False
847,train,True
848,train,True
849,train,True
850,train,True
851,test,False
852,train,True
853,test,False
854,test,False
855,test,False
856,train,True
857,train,True
858,train,True
859,train,True
860,validation,False
861,train,True
862,train,True
863,test,False
864,train,True
865,train,True
866,train,True
867,test,False
868,train,True
869,validation,False
870,train,True
871,train,True
872,train,True
873,validation,False
874,test,False
875,validation,False
876,test,False
877,train,True
878,validation,False
879,train,True
880,train,True
881,train,True
882,test,False
883,train,True
884,train,True
885,validation,False
886,train,True
887,train,True
888,validation,False
889,train,True
890,train,True
891,test,False
892,test,False
893,train,True
894,test,False
895,validation,False
896,train,True
897,train,True
898,train,True
899,validation,False
900,validation,False
901,train,True
902,validation,False
903,train,True
904,train,True
905,validation,False
906,train,True
907,train,True
908,train,True
909,validation,False
910,test,False
911,train,True
912,train,True
913,validation,False
914,train,True
915,train,True
916,train,True
917,test,False
918,validation,False
919,train,True
920,test,False
921,train,True
922,test,False
923,validation,False
924,validation,False
925,train,True
926,train,True
927,train,True
928,test,False
929,test,False
930,test,False
931,train,True
932,train,True
933,validation,False
934,train,True
935,validation,False
936,validation,False
937,train,True
938,train,True
939,test,False
940,train,True
941,train,True
942,test,False
943,validation,False
944,train,True
945,train,True
946,test,False
947,train,True
948,validation,False
949,train,True
950,test,False
951,test,False
952,train,True
953,validation,False
954,validation,False
955,validation,False
956,test,False
957,train,True
958,train,True
959,test,False
960,train,True
961,train,True
962,validation,False
963,validation,False
964,train,True
965,train,True
966,validation,False
967,train,True
968,validation,False
969,train,True
970,train,True
971,train,True
972,test,False
973,validation,False
974,validation,False
975,train,True
976,validation,False
977,train,True
978,train,True
979,validation,False
980,test,False
981,train,True
982,train,True
983,train,True
984,test,False
985,validation,False
986,test,False
987,test,False
988,test,False
989,test,False
990,train,True
991,train,True
992,train,True
993,train,True
994,train,True
995,test,False
996,train,True
997,train,True
998,test,False
999,train,True
1000,test,False
1001,train,True
1002,train,True
1003,train,True
1004,train,True
1005,train,True
1006,train,True
1007,test,False
1008,train,True
1009,train,True
1010,train,True
1011,test,False
1012,validation,False
1013,validation,False
1014,train,True
1015,test,False
1016,test,False
1017,train,True
1018,train,True
1019,validation,False
1020,train,True
1021,validation,False
1022,train,True
1023,test,False
1024,train,True
1025,train,True
1026,train,True
1027,train,True
1028,test,False
1029,train,True
1030,train,True
1031,test,False
1032,train,True
1033,train,True
1034,train,True
1035,validation,False
1036,train,True
1037,validation,False
1038,train,True
1039,train,True
1040,test,False
1041,train,True
1042,train,True
1043,validation,False
1044,train,True
1045,validation,False
1046,train,True
1047,train,True
1048,test,False
1049,train,True
1050,validation,False
1051,train,True
1052,train,True
1053,train,True
1054,validation,False
1055,train,True
1056,train,True
1057,train,True
1058,validation,False
1059,validation,False
1060,test,False
1061,train,True
1062,validation,False
1063,test,False
1064,validation,False
1065,test,False
1066,validation,False
1067,validation,False
1068,train,True
1069,test,False
1070,validation,False
1071,train,True
1072,test,False
1073,train,True
1074,train,True
1075,train,True
1076,train,True
1077,validation,False
1078,train,True
1079,train,True
1080,validation,False
1081,validation,False
1082,train,True
1083,train,True
1084,train,True
1085,validation,False
1086,train,True
1087,train,True
1088,validation,False
1089,validation,False
1090,train,True
1091,test,False
1092,train,True
1093,train,True
1094,train,True
1095,train,True
1096,train,True
1097,train,True
1098,test,False
1099,train,True
1100,validation,False
1101,train,True
1102,validation,False
1103,train,True
1104,train,True
1105,validation,False
1106,validation,False
1107,train,True
1108,train,True
1109,train,True
1110,train,True
1111,train,True
1112,test,False
1113,validation,False
1114,train,True
1115,train,True
1116,train,True
1117,train,True
1118,train,True
1119,train,True
1120,test,False
1121,validation,False
1122,train,True
1123,train,True
1124,validation,False
1125,validation,False
1126,test,False
1127,train,True
1128,train,True
1129,validation,False
1130,train,True
1131,train,True
1132,train,True
1133,test,False
1134,train,True
1135,train,True
1136,train,True
1137,train,True
1138,train,True
1139,train,True
1140,validation,False
1141,train,True
1142,train,True
1143,train,True
1144,train,True
1145,train,True
1146,test,False
1147,train,True
1148,train,True
1149,train,True
1150,validation,False
1151,train,True
1152,validation,False
1153,train,True
1154,validation,False
1155,validation,False
1156,train,True
1157,train,True
1158,train,True
1159,train,True
1160,test,False
1161,train,True
1162,test,False
1163,validation,False
1164,validation,False
1165,train,True
1166,test,False
1167,validation,False
1168,validation,False
1169,train,True
1170,test,False
1171,validation,False
1172,train,True
1173,test,False
1174,train,True
1175,train,True
1176,train,True
1177,train,True
1178,test,False
1179,train,True
1180,validation,False
1181,train,True
1182,train,True
1183,train,True
1184,test,False
1185,train,True
1186,train,True
1187,train,True
1188,train,True
1189,test,False
1190,train,True
1191,train,True
1192,train,True
1193,train,True
1194,train,True
1195,test,False
1196,train,True
1197,validation,False
1198,train,True
1199,validation,False
1200,train,True
1201,validation,False
1202,train,True
1203,train,True
1204,train,True
1205,train,True
1206,train,True
1207,test,False
1208,validation,False
1209,test,False
1210,train,True
1211,train,True
1212,train,True
1213,train,True
1214,validation,False
1215,validation,False
1216,train,True
1217,train,True
1218,train,True
1219,train,True
1220,train,True
1221,validation,False
1222,train,True
1223,train,True
1224,train,True
1225,train,True
1226,validation,False
1227,train,True
1228,validation,False
1229,train,True
1230,train,True
1231,train,True
1232,test,False
1233,train,True
1234,train,True
1235,validation,False
1236,test,False
1237,test,False
1238,train,True
1239,train,True
1240,train,True
1241,train,True
1242,train,True
1243,validation,False
1244,test,False
1245,train,True
1246,validation,False
1247,train,True
1248,test,False
1249,train,True
1250,train,True
1251,train,True
1252,train,True
1253,train,True
1254,train,True
1255,train,True
1256,train,True
1257,test,False
1258,validation,False
1259,validation,False
1260,train,True
1261,train,True
1262,train,True
1263,train,True
1264,train,True
1265,train,True
1266,test,False
1267,validation,False
1268,test,False
1269,test,False
1270,validation,False
1271,test,False
1272,train,True
1273,validation,False
1274,train,True
1275,train,True
1276,test,False
1277,train,True
1278,validation,False
1279,test,False
1280,train,True
1281,train,True
1282,validation,False
1283,train,True
1284,train,True
1285,train,True
1286,test,False
1287,validation,False
1288,train,True
1289,train,True
1290,train,True
1291,train,True
1292,train,True
1293,train,True
1294,test,False
1295,validation,False
1296,validation,False
1297,validation,False
1298,train,True
1299,train,True
1300,train,True
1301,train,True
1302,train,True
1303,train,True
1304,validation,False
1305,validation,False
1306,test,False
1307,train,True
1308,train,True
1309,validation,False
1310,train,True
1311,train,True
1312,train,True
1313,validation,False
1314,validation,False
1315,train,True
1316,validation,False
1317,train,True
1318,train,True
1319,train,True
1320,validation,False
1321,validation,False
1322,train,True
1323,train,True
1324,train,True
1325,train,True
1326,test,False
1327,train,True
1328,train,True
1329,validation,False
1330,validation,False
1331,validation,False
1332,train,True
1333,validation,False
1334,validation,False
1335,train,True
1336,test,False
1337,test,False
1338,validation,False
1339,test,False
1340,train,True
1341,test,False
1342,test,False
1343,train,True
1344,train,True
1345,train,True
1346,test,False
1347,train,True
1348,train,True
1349,train,True
1350,train,True
1351,train,True
1352,train,True
1353,train,True
1354,test,False
1355,test,False
1356,validation,False
1357,train,True
1358,train,True
1359,train,True
1360,train,True
1361,validation,False
1362,train,True
1363,test,False
1364,train,True
1365,train,True
1366,validation,False
1367,train,True
1368,train,True
1369,train,True
1370,train,True
1371,test,False
1372,test,False
1373,test,False
1374,train,True
1375,train,True
1376,train,True
1377,train,True
1378,test,False
1379,train,True
1380,train,True
1381,train,True
1382,train,True
1383,test,False
1384,train,True
1385,train,True
1386,test,False
1387,train,True
1388,train,True
1389,train,True
1390,train,True
1391,train,True
1392,train,True
1393,train,True
1394,train,True
1395,test,False
1396,train,True
1397,validation,False
1398,test,False
1399,train,True
1400,train,True
1401,train,True
1402,train,True
1403,train,True
1404,train,True
1405,train,True
1406,test,False
1407,validation,False
1408,validation,False
1409,train,True
1410,test,False
1411,test,False
1412,test,False
1413,train,True
1414,train,True
1415,train,True
1416,test,False
1417,validation,False
1418,test,False
1419,test,False
1420,validation,False
1421,test,False
1422,train,True
1423,train,True
1424,validation,False
1425,validation,False
1426,train,True
1427,train,True
1428,train,True
1429,test,False
1430,train,True
1431,validation,False
1432,train,True
1433,validation,False
1434,test,False
1435,train,True
1436,train,True
1437,train,True
1438,train,True
1439,validation,False
1440,train,True
1441,train,True
1442,train,True
1443,train,True
1444,train,True
1445,train,True
1446,train,True
1447,train,True
1448,train,True
1449,train,True
1450,train,True
1451,train,True
1452,test,False
1453,train,True
1454,train,True
1455,train,True
1456,train,True
1457,train,True
1458,test,False
1459,train,True
1460,train,True
1461,test,False
1462,train,True
1463,train,True
1464,train,True
1465,test,False
1466,train,True
1467,train,True
1468,train,True
1469,validation,False
1470,test,False
1471,train,True
1472,validation,False
1473,train,True
1474,train,True
1475,train,True
1476,train,True
1477,test,False
1478,train,True
1479,test,False
1480,train,True
1481,train,True
1482,train,True
1483,train,True
1484,train,True
1485,test,False
1486,train,True
1487,validation,False
1488,train,True
1489,test,False
1490,validation,False
1491,validation,False
1492,train,True
1493,validation,False
1494,train,True
1495,train,True
1496,validation,False
1497,train,True
1498,train,True
1499,train,True
1500,train,True
1501,train,True
1502,train,True
1503,train,True
1504,test,False
1505,train,True
1506,train,True
1507,train,True
1508,validation,False
1509,train,True
1510,train,True
1511,validation,False
1512,train,True
1513,train,True
1514,validation,False
1515,train,True
1516,validation,False
1517,train,True
1518,train,True
1519,train,True
1520,train,True
1521,train,True
1522,validation,False
1523,train,True
1524,train,True
1525,validation,False
1526,train,True
1527,test,False
1528,train,True
1529,train,True
1530,test,False
1531,train,True
1532,train,True
1533,train,True
1534,train,True
1535,train,True
1536,train,True
1537,train,True
1538,test,False
1539,train,True
1540,test,False
1541,train,True
1542,train,True
1543,train,True
1544,train,True
1545,train,True
1546,train,True
1547,validation,False
1548,train,True
1549,test,False
1550,train,True
1551,validation,False
1552,validation,False
1553,train,True
1554,test,False
1555,validation,False
1556,train,True
1557,train,True
1558,validation,False
1559,test,False
1560,train,True
1561,test,False
1562,train,True
1563,train,True
1564,train,True
1565,train,True
1566,train,True
1567,test,False
1568,train,True
1569,train,True
1570,validation,False
1571,train,True
1572,test,False
1573,train,True
1574,train,True
1575,train,True
1576,test,False
1577,train,True
1578,validation,False
1579,test,False
1580,train,True
1581,train,True
1582,validation,False
1583,train,True
1584,train,True
1585,test,False
1586,test,False
1587,train,True
1588,train,True
1589,train,True
1590,test,False
1591,train,True
1592,train,True
1593,train,True
1594,train,True
1595,train,True
1596,train,True
1597,validation,False
1598,train,True
1599,train,True
1600,train,True
1601,test,False
1602,test,False
1603,validation,False
1604,train,True
1605,train,True
1606,train,True
1607,validation,False
1608,train,True
1609,train,True
1610,train,True
1611,test,False
1612,train,True
1613,train,True
1614,train,True
1615,validation,False
1616,train,True
1617,validation,False
1618,validation,False
1619,validation,False
1620,train,True
1621,test,False
1622,validation,False
1623,train,True
1624,test,False
1625,train,True
1626,train,True
1627,train,True
1628,train,True
1629,train,True
1630,train,True
1631,train,True
1632,test,False
1633,train,True
1634,test,False
1635,test,False
1636,train,True
1637,test,False
1638,train,True
1639,train,True
1640,validation,False
1641,train,True
1642,train,True
1643,test,False
1644,train,True
1645,train,True
1646,train,True
1647,train,True
1648,train,True
1649,validation,False
1650,train,True
1651,train,True
1652,validation,False
1653,train,True
1654,train,True
1655,test,False
1656,train,True
1657,test,False
1658,validation,False
1659,test,False
1660,train,True
1661,train,True
1662,train,True
1663,validation,False
1664,train,True
1665,test,False
1666,validation,False
1667,train,True
1668,test,False
1669,test,False
1670,test,False
1671,test,False
1672,train,True
1673,train,True
1674,validation,False
1675,test,False
1676,test,False
1677,train,True
1678,validation,False
1679,train,True
1680,train,True
1681,validation,False
1682,train,True
1683,test,False
1684,train,True
1685,train,True
1686,train,True
1687,train,True
1688,train,True
1689,train,True
1690,train,True
1691,train,True
1692,train,True
1693,test,False
1694,test,False
1695,train,True
1696,train,True
1697,validation,False
1698,validation,False
1699,train,True
1700,train,True
1701,train,True
1702,train,True
1703,validation,False
1704,test,False
1705,train,True
1706,test,False
1707,train,True
1708,test,False
1709,validation,False
1710,train,True
1711,train,True
1712,validation,False
1713,train,True
1714,train,True
1715,validation,False
1716,validation,False
1717,validation,False
1718,train,True
1719,test,False
1720,train,True
1721,train,True
1722,train,True
1723,test,False
1724,train,True
1725,train,True
1726,test,False
1727,validation,False
1728,test,False
1729,train,True
1730,train,True
1731,train,True
1732,train,True
1733,train,True
1734,validation,False
1735,train,True
1736,train,True
1737,test,False
1738,test,False
1739,test,False
1740,train,True
1741,train,True
1742,validation,False
1743,train,True
1744,train,True
1745,validation,False
1746,validation,False
1747,train,True
1748,train,True
1749,test,False
1750,train,True
1751,train,True
1752,train,True
1753,test,False
1754,test,False
1755,train,True
1756,train,True
1757,test,False
1758,train,True
1759,train,True
1760,train,True
1761,train,True
1762,train,True
1763,validation,False
1764,test,False
1765,test,False
1766,train,True
1767,train,True
1768,train,True
1769,train,True
1770,train,True
1771,train,True
1772,test,False
1773,train,True
1774,train,True
1775,train,True
1776,train,True
1777,train,True
1778,train,True
1779,validation,False
1780,validation,False
1781,validation,False
1782,train,True
1783,validation,False
1784,train,True
1785,train,True
1786,train,True
1787,test,False
1788,train,True
1789,validation,False
1790,train,True
1791,test,False
1792,validation,False
1793,validation,False
1794,test,False
1795,train,True
1796,train,True
1797,test,False
1798,train,True
1799,train,True
1800,train,True
1801,validation,False
1802,test,False
1803,train,True
1804,validation,False
1805,train,True
1806,validation,False
1807,train,True
1808,validation,False
1809,train,True
1810,train,True
1811,validation,False
1812,train,True
1813,train,True
1814,train,True
1815,train,True
1816,train,True
1817,validation,False
1818,train,True
1819,train,True
1820,train,True
1821,train,True
1822,validation,False
1823,train,True
1824,train,True
1825,train,True
1826,test,False
1827,train,True
1828,test,False
1829,train,True
1830,validation,False
1831,train,True
1832,validation,False
1833,train,True
1834,validation,False
1835,train,True
1836,train,True
1837,train,True
1838,train,True
1839,validation,False
1840,test,False
1841,train,True
1842,test,False
1843,train,True
1844,test,False
1845,test,False
1846,test,False
1847,train,True
1848,train,True
1849,validation,False
1850,train,True
1851,validation,False
1852,train,True
1853,validation,False
1854,train,True
1855,train,True
1856,test,False
1857,test,False
1858,validation,False
1859,test,False
1860,train,True
1861,train,True
1862,train,True
1863,train,True
1864,train,True
1865,train,True
1866,test,False
1867,train,True
1868,test,False
1869,train,True
1870,train,True
1871,test,False
1872,test,False
1873,validation,False
1874,train,True
1875,validation,False
1876,validation,False
1877,test,False
1878,train,True
1879,validation,False
1880,train,True
1881,train,True
1882,validation,False
1883,validation,False
1884,validation,False
1885,validation,False
1886,validation,False
1887,train,True
1888,train,True
1889,train,True
1890,train,True
1891,test,False
1892,train,True
1893,test,False
1894,train,True
1895,validation,False
1896,validation,False
1897,train,True
1898,validation,False
1899,train,True
1900,train,True
1901,train,True
1902,train,True
1903,train,True
1904,train,True
1905,validation,False
1906,train,True
1907,train,True
1908,test,False
1909,train,True
1910,train,True
1911,train,True
1912,train,True
1913,train,True
1914,validation,False
1915,test,False
1916,train,True
1917,validation,False
1918,train,True
1919,validation,False
1920,validation,False
1921,train,True
1922,train,True
1923,train,True
1924,train,True
1925,test,False
1926,validation,False
1927,train,True
1928,validation,False
1929,validation,False
1930,test,False
1931,train,True
1932,train,True
1933,train,True
1934,test,False
1935,train,True
1936,test,False
1937,train,True
1938,validation,False
1939,validation,False
1940,validation,False
1941,train,True
1942,train,True
1943,validation,False
1944,train,True
1945,train,True
1946,train,True
1947,validation,False
1948,train,True
1949,train,True
1950,train,True
1951,train,True
1952,train,True
1953,train,True
1954,train,True
1955,validation,False
1956,train,True
1957,test,False
1958,train,True
1959,validation,False
1960,validation,False
1961,validation,False
1962,test,False
1963,validation,False
1964,train,True
1965,train,True
1966,validation,False
1967,train,True
1968,test,False
1969,validation,False
1970,train,True
1971,train,True
1972,train,True
1973,validation,False
1974,train,True
1975,train,True
1976,validation,False
1977,train,True
1978,test,False
1979,test,False
1980,test,False
1981,train,True
1982,train,True
1983,validation,False
1984,train,True
1985,train,True
1986,train,True
1987,train,True
1988,validation,False
1989,test,False
1990,validation,False
1991,train,True
1992,train,True
1993,train,True
1994,train,True
1995,train,True
1996,train,True
1997,test,False
1998,test,False
1999,validation,False
2000,test,False
2001,train,True
2002,train,True
2003,train,True
2004,test,False
2005,train,True
2006,validation,False
2007,train,True
2008,train,True
2009,train,True
2010,test,False
2011,train,True
2012,train,True
2013,train,True
2014,train,True
2015,validation,False
2016,test,False
2017,validation,False
2018,validation,False
2019,train,True
2020,test,False
2021,test,False
2022,train,True
2023,train,True
2024,validation,False
2025,train,True
2026,test,False
2027,validation,False
2028,validation,False
2029,validation,False
2030,validation,False
2031,validation,False
2032,train,True
2033,validation,False
2034,train,True
2035,test,False
2036,train,True
2037,validation,False
2038,train,True
2039,test,False
2040,validation,False
2041,test,False
2042,train,True
2043,train,True
2044,validation,False
2045,test,False
2046,test,False
2047,train,True
2048,train,True
2049,test,False
2050,train,True
2051,validation,False
2052,train,True
2053,validation,False
2054,train,True
2055,train,True
2056,validation,False
2057,validation,False
2058,train,True
2059,train,True
2060,train,True
2061,train,True
2062,validation,False
2063,test,False
2064,train,True
2065,train,True
2066,train,True
2067,test,False
2068,test,False
2069,train,True
2070,train,True
2071,validation,False
2072,train,True
2073,validation,False
2074,test,False
2075,train,True
2076,validation,False
2077,validation,False
2078,validation,False
2079,validation,False
2080,test,False
2081,validation,False
2082,validation,False
2083,train,True
2084,train,True
2085,train,True
2086,validation,False
2087,train,True
2088,train,True
2089,train,True
2090,test,False
2091,train,True
2092,test,False
2093,train,True
2094,test,False
2095,test,False
2096,test,False
2097,train,True
2098,train,True
2099,train,True
2100,validation,False
2101,test,False
2102,train,True
2103,validation,False
2104,validation,False
2105,train,True
2106,train,True
2107,train,True
2108,test,False
2109,validation,False
2110,train,True
2111,train,True
2112,validation,False
2113,train,True
2114,train,True
2115,test,False
2116,train,True
2117,train,True
2118,train,True
2119,train,True
2120,validation,False
2121,train,True
2122,validation,False
2123,train,True
2124,train,True
2125,test,False
2126,train,True
2127,train,True
2128,train,True
2129,train,True
2130,train,True
2131,test,False
2132,test,False
2133,test,False
2134,train,True
2135,train,True
2136,validation,False
2137,validation,False
2138,train,True
2139,test,False
2140,train,True
2141,train,True
2142,validation,False
2143,test,False
2144,validation,False
2145,train,True
2146,train,True
2147,test,False
2148,train,True
2149,train,True
2150,train,True
2151,train,True
2152,validation,False
2153,test,False
2154,train,True
2155,train,True
2156,train,True
2157,train,True
2158,train,True
2159,train,True
2160,test,False
2161,train,True
2162,train,True
2163,test,False
2164,train,True
2165,train,True
2166,train,True
2167,validation,False
2168,train,True
2169,train,True
2170,train,True
2171,train,True
2172,validation,False
2173,train,True
2174,train,True
2175,train,True
2176,train,True
2177,validation,False
2178,train,True
2179,train,True
2180,train,True
2181,train,True
2182,train,True
2183,validation,False
2184,test,False
2185,train,True
2186,validation,False
2187,test,False
2188,test,False
2189,train,True
2190,test,False
2191,train,True
2192,train,True
2193,train,True
2194,train,True
2195,test,False
2196,train,True
2197,train,True
2198,train,True
2199,validation,False
2200,train,True
2201,train,True
2202,train,True
2203,train,True
2204,validation,False
2205,train,True
2206,validation,False
2207,test,False
2208,test,False
2209,validation,False
2210,validation,False
2211,train,True
2212,train,True
2213,train,True
2214,train,True
2215,train,True
2216,train,True
2217,validation,False
2218,train,True
2219,test,False
2220,test,False
2221,train,True
2222,test,False
2223,train,True
2224,validation,False
2225,train,True
2226,train,True
2227,test,False
2228,validation,False
2229,train,True
2230,train,True
2231,train,True
2232,train,True
2233,train,True
2234,test,False
2235,train,True
2236,validation,False
2237,train,True
2238,test,False
2239,train,True
2240,validation,False
2241,validation,False
2242,validation,False
2243,train,True
2244,validation,False
2245,train,True
2246,validation,False
2247,train,True
2248,validation,False
2249,train,True
2250,train,True
2251,test,False
2252,validation,False
2253,test,False
2254,train,True
2255,validation,False
2256,train,True
2257,train,True
2258,train,True
2259,validation,False
2260,train,True
2261,train,True
2262,train,True
2263,train,True
2264,validation,False
2265,validation,False
2266,validation,False
2267,validation,False
2268,test,False
2269,train,True
2270,validation,False
2271,train,True
2272,validation,False
2273,train,True
2274,train,True
2275,train,True
2276,train,True
2277,train,True
2278,validation,False
2279,train,True
2280,train,True
2281,train,True
2282,train,True
2283,test,False
2284,train,True
2285,train,True
2286,test,False
2287,train,True
2288,train,True
2289,validation,False
2290,test,False
2291,test,False
2292,train,True
2293,train,True
2294,train,True
2295,test,False
2296,train,True
2297,train,True
2298,train,True
2299,train,True
2300,train,True
2301,train,True
2302,train,True
2303,validation,False
2304,validation,False
2305,validation,False
2306,train,True
2307,train,True
2308,train,True
2309,validation,False
2310,train,True
2311,train,True
2312,train,True
2313,test,False
2314,train,True
2315,test,False
2316,train,True
2317,test,False
2318,train,True
2319,train,True
2320,train,True
2321,train,True
2322,test,False
2323,train,True
2324,train,True
2325,test,False
2326,test,False
2327,validation,False
2328,train,True
2329,validation,False
2330,validation,False
2331,train,True
2332,train,True
2333,test,False
2334,train,True
2335,train,True
2336,train,True
2337,test,False
2338,test,False
2339,train,True
2340,train,True
2341,validation,False
2342,train,True
2343,validation,False
2344,train,True
2345,test,False
2346,train,True
2347,train,True
2348,train,True
2349,train,True
2350,train,True
2351,train,True
2352,train,True
2353,train,True
2354,train,True
2355,test,False
2356,train,True
2357,validation,False
2358,train,True
2359,validation,False
2360,train,True
2361,train,True
2362,train,True
2363,validation,False
2364,train,True
2365,train,True
2366,train,True
2367,train,True
2368,validation,False
2369,train,True
2370,test,False
2371,train,True
2372,test,False
2373,test,False
2374,validation,False
2375,test,False
2376,train,True
2377,test,False
2378,train,True
2379,test,False
2380,train,True
2381,train,True
2382,validation,False
2383,train,True
2384,test,False
2385,train,True
2386,train,True
2387,train,True
2388,train,True
2389,test,False
2390,test,False
2391,test,False
2392,train,True
2393,train,True
2394,train,True
2395,train,True
2396,train,True
2397,validation,False
2398,train,True
2399,train,True
2400,test,False
2401,validation,False
2402,train,True
2403,test,False
2404,validation,False
2405,train,True
2406,train,True
2407,test,False
2408,train,True
2409,validation,False
2410,train,True
2411,train,True
2412,train,True
2413,test,False
2414,train,True
2415,test,False
2416,test,False
2417,test,False
2418,train,True
2419,validation,False
2420,train,True
2421,train,True
2422,train,True
2423,train,True
2424,test,False
2425,train,True
2426,train,True
2427,test,False
2428,validation,False
2429,test,False
2430,validation,False
2431,validation,False
2432,validation,False
2433,test,False
2434,train,True
2435,train,True
2436,train,True
2437,train,True
2438,test,False
2439,train,True
2440,train,True
2441,test,False
2442,validation,False
2443,validation,False
2444,test,False
2445,train,True
2446,train,True
2447,train,True
2448,validation,False
2449,test,False
2450,train,True
2451,validation,False
2452,train,True
2453,train,True
2454,train,True
2455,train,True
2456,validation,False
2457,validation,False
2458,train,True
2459,train,True
2460,train,True
2461,train,True
2462,train,True
2463,train,True
2464,test,False
2465,train,True
2466,train,True
2467,test,False
2468,train,True
2469,validation,False
2470,test,False
2471,train,True
2472,train,True
2473,train,True
2474,validation,False
2475,validation,False
2476,validation,False
2477,test,False
2478,validation,False
2479,train,True
2480,train,True
2481,validation,False
2482,train,True
2483,train,True
2484,train,True
2485,test,False
2486,train,True
2487,train,True
2488,train,True
2489,train,True
2490,validation,False
2491,test,False
2492,validation,False
2493,train,True
2494,train,True
2495,train,True
2496,test,False
2497,train,True
2498,test,False
2499,test,False
2500,test,False
2501,train,True
2502,validation,False
2503,train,True
2504,train,True
2505,train,True
2506,train,True
2507,test,False
2508,validation,False
2509,validation,False
2510,train,True
2511,train,True
2512,train,True
2513,train,True
2514,test,False
2515,train,True
2516,validation,False
2517,test,False
2518,train,True
2519,train,True
2520,validation,False
2521,train,True
2522,train,True
2523,test,False
2524,train,True
2525,train,True
2526,train,True
2527,test,False
2528,test,False
2529,train,True
2530,validation,False
2531,train,True
2532,train,True
2533,train,True
2534,train,True
2535,train,True
2536,train,True
2537,validation,False
2538,test,False
2539,test,False
2540,train,True
2541,validation,False
2542,test,False
2543,train,True
2544,validation,False
2545,validation,False
2546,train,True
2547,train,True
2548,validation,False
2549,test,False
2550,test,False
2551,validation,False
2552,test,False
2553,train,True
2554,train,True
2555,train,True
2556,train,True
2557,train,True
2558,train,True
2559,validation,False
2560,test,False
2561,train,True
2562,train,True
2563,train,True
2564,train,True
2565,train,True
2566,train,True
2567,train,True
2568,test,False
2569,train,True
2570,train,True
2571,train,True
2572,test,False
2573,validation,False
2574,train,True
2575,validation,False
2576,validation,False
2577,validation,False
2578,test,False
2579,train,True
2580,train,True
2581,train,True
2582,train,True
2583,train,True
2584,train,True
2585,train,True
2586,test,False
2587,test,False
2588,train,True
2589,validation,False
2590,train,True
2591,train,True
2592,test,False
2593,train,True
2594,test,False
2595,test,False
2596,train,True
2597,train,True
2598,train,True
2599,test,False
2600,train,True
2601,train,True
2602,train,True
2603,test,False
2604,train,True
2605,test,False
2606,test,False
2607,train,True
2608,test,False
2609,train,True
2610,train,True
2611,test,False
2612,train,True
2613,train,True
2614,validation,False
2615,validation,False
2616,validation,False
2617,train,True
2618,train,True
2619,train,True
2620,train,True
2621,validation,False
2622,train,True
2623,train,True
2624,train,True
2625,train,True
2626,train,True
2627,train,True
2628,train,True
2629,test,False
2630,train,True
2631,validation,False
2632,train,True
2633,train,True
2634,train,True
2635,validation,False
2636,train,True
2637,train,True
2638,validation,False
2639,validation,False
2640,train,True
2641,validation,False
2642,train,True
2643,train,True
2644,train,True
2645,validation,False
2646,train,True
2647,validation,False
2648,train,True
2649,test,False
2650,train,True
2651,train,True
2652,test,False
2653,train,True
2654,test,False
2655,train,True
2656,test,False
2657,train,True
2658,validation,False
2659,train,True
2660,validation,False
2661,validation,False
2662,train,True
2663,train,True
2664,train,True
2665,train,True
2666,train,True
2667,train,True
2668,train,True
2669,train,True
2670,train,True
2671,train,True
2672,validation,False
2673,train,True
2674,train,True
2675,train,True
2676,train,True
2677,train,True
2678,validation,False
2679,train,True
2680,test,False
2681,train,True
2682,test,False
2683,validation,False
2684,train,True
2685,train,True
2686,train,True
2687,train,True
2688,train,True
2689,train,True
2690,train,True
2691,validation,False
2692,train,True
2693,validation,False
2694,train,True
2695,train,True
2696,train,True
2697,validation,False
2698,train,True
2699,train,True
2700,validation,False
2701,train,True
2702,train,True
2703,test,False
2704,train,True
2705,test,False
2706,validation,False
2707,validation,False
2708,test,False
2709,test,False
2710,train,True
2711,train,True
2712,train,True
2713,test,False
2714,train,True
2715,test,False
2716,test,False
2717,train,True
2718,train,True
2719,test,False
2720,validation,False
2721,train,True
2722,validation,False
2723,test,False
2724,train,True
2725,train,True
2726,train,True
2727,validation,False
2728,train,True
2729,validation,False
2730,train,True
2731,train,True
2732,train,True
2733,train,True
2734,validation,False
2735,train,True
2736,train,True
2737,train,True
2738,train,True
2739,train,True
2740,train,True
2741,validation,False
2742,validation,False
2743,test,False
2744,validation,False
2745,train,True
2746,train,True
2747,train,True
2748,train,True
2749,train,True
2750,validation,False
2751,validation,False
2752,train,True
2753,train,True
2754,train,True
2755,train,True
2756,test,False
2757,train,True
2758,validation,False
2759,validation,False
2760,validation,False
2761,validation,False
2762,validation,False
2763,train,True
2764,train,True
2765,validation,False
2766,train,True
2767,validation,False
2768,validation,False
2769,validation,False
2770,train,True
2771,validation,False
2772,train,True
2773,train,True
2774,train,True
2775,test,False
2776,train,True
2777,train,True
2778,train,True
2779,validation,False
2780,train,True
2781,validation,False
2782,validation,False
2783,train,True
2784,test,False
2785,train,True
2786,test,False
2787,validation,False
2788,test,False
2789,train,True
2790,train,True
2791,test,False
2792,test,False
2793,test,False
2794,train,True
2795,test,False
2796,train,True
2797,validation,False
2798,train,True
2799,train,True
2800,validation,False
2801,train,True
2802,train,True
2803,train,True
2804,train,True
2805,validation,False
2806,train,True
2807,train,True
2808,train,True
2809,train,True
2810,train,True
2811,train,True
2812,train,True
2813,test,False
2814,train,True
2815,validation,False
2816,test,False
2817,train,True
2818,train,True
2819,train,True
2820,validation,False
2821,train,True
2822,train,True
2823,train,True
2824,train,True
2825,train,True
2826,train,True
2827,test,False
2828,validation,False
2829,train,True
2830,validation,False
2831,validation,False
2832,train,True
2833,validation,False
2834,validation,False
2835,validation,False
2836,test,False
2837,train,True
2838,validation,False
2839,test,False
2840,test,False
2841,train,True
2842,train,True
2843,train,True
2844,train,True
2845,test,False
2846,test,False
2847,train,True
2848,validation,False
2849,test,False
2850,train,True
2851,validation,False
2852,train,True
2853,train,True
2854,test,False
2855,train,True
2856,test,False
2857,train,True
2858,test,False
2859,test,False
2860,train,True
2861,test,False
2862,validation,False
2863,train,True
2864,train,True
2865,test,False
2866,train,True
2867,test,False
2868,train,True
2869,train,True
2870,test,False
2871,train,True
2872,validation,False
2873,train,True
2874,train,True
2875,train,True
2876,test,False
2877,train,True
2878,train,True
2879,test,False
2880,test,False
2881,train,True
2882,validation,False
2883,train,True
2884,train,True
2885,validation,False
2886,test,False
2887,validation,False
2888,train,True
2889,test,False
2890,train,True
2891,train,True
2892,test,False
2893,train,True
2894,train,True
2895,train,True
2896,train,True
2897,test,False
2898,train,True
2899,train,True
2900,test,False
2901,train,True
2902,train,True
2903,train,True
2904,validation,False
2905,validation,False
2906,train,True
2907,train,True
2908,train,True
2909,train,True
2910,train,True
2911,validation,False
2912,train,True
2913,train,True
2914,test,False
2915,train,True
2916,train,True
2917,validation,False
2918,train,True
2919,validation,False
2920,test,False
2921,train,True
2922,train,True
2923,validation,False
2924,train,True
2925,train,True
2926,validation,False
2927,train,True
2928,train,True
2929,train,True
2930,train,True
2931,train,True
2932,train,True
2933,train,True
2934,train,True
2935,train,True
2936,train,True
2937,train,True
2938,train,True
2939,validation,False
2940,train,True
2941,train,True
2942,train,True
2943,validation,False
2944,validation,False
2945,train,True
2946,test,False
2947,train,True
2948,train,True
2949,test,False
2950,train,True
2951,train,True
2952,train,True
2953,train,True
2954,train,True
2955,train,True
2956,train,True
2957,test,False
2958,train,True
2959,test,False
2960,train,True
2961,train,True
2962,test,False
2963,train,True
2964,train,True
2965,train,True
2966,train,True
2967,train,True
2968,test,False
2969,train,True
2970,train,True
2971,validation,False
2972,test,False
2973,train,True
2974,train,True
2975,train,True
2976,test,False
2977,train,True
2978,train,True
2979,test,False
2980,train,True
2981,train,True
2982,train,True
2983,train,True
2984,validation,False
2985,train,True
2986,train,True
2987,train,True
2988,validation,False
2989,train,True
2990,train,True
2991,train,True
2992,train,True
2993,train,True
2994,validation,False
2995,test,False
2996,train,True
2997,train,True
2998,validation,False
2999,test,False
3000,train,True
3001,test,False
3002,train,True
3003,train,True
3004,train,True
3005,train,True
3006,test,False
3007,train,True
3008,train,True
3009,test,False
3010,test,False
3011,train,True
3012,test,False
3013,train,True
3014,train,True
3015,validation,False
3016,train,True
3017,validation,False
3018,train,True
3019,test,False
3020,train,True
3021,train,True
3022,validation,False
3023,validation,False
3024,test,False
3025,train,True
3026,test,False
3027,test,False
3028,validation,False
3029,train,True
3030,train,True
3031,test,False
3032,train,True
3033,train,True
3034,train,True
3035,train,True
3036,train,True
3037,test,False
3038,validation,False
3039,train,True
3040,train,True
3041,test,False
3042,train,True
3043,train,True
3044,train,True
3045,train,True
3046,test,False
3047,train,True
3048,train,True
3049,train,True
3050,train,True
3051,train,True
3052,test,False
3053,test,False
3054,train,True
3055,train,True
3056,test,False
3057,test,False
3058,train,True
3059,train,True
3060,train,True
3061,test,False
3062,train,True
3063,train,True
3064,train,True
3065,train,True
3066,train,True
3067,train,True
3068,validation,False
3069,train,True
3070,train,True
3071,train,True
3072,train,True
3073,train,True
3074,train,True
3075,train,True
3076,test,False
3077,test,False
3078,validation,False
3079,train,True
3080,train,True
3081,train,True
3082,train,True
3083,train,True
3084,validation,False
3085,train,True
3086,train,True
3087,train,True
3088,validation,False
3089,validation,False
3090,test,False
3091,train,True
3092,train,True
3093,train,True
3094,train,True
3095,train,True
3096,test,False
3097,train,True
3098,train,True
3099,validation,False
3100,test,False
3101,train,True
3102,test,False
3103,train,True
3104,test,False
3105,train,True
3106,train,True
3107,train,True
3108,train,True
3109,train,True
3110,validation,False
3111,train,True
3112,train,True
3113,train,True
3114,train,True
3115,validation,False
3116,train,True
3117,test,False
3118,train,True
3119,train,True
3120,validation,False
3121,validation,False
3122,train,True
3123,test,False
3124,train,True
3125,train,True
3126,train,True
3127,train,True
3128,train,True
3129,test,False
3130,train,True
3131,test,False
3132,test,False
3133,train,True
3134,validation,False
3135,train,True
3136,test,False
3137,train,True
3138,train,True
3139,train,True
3140,train,True
3141,test,False
3142,train,True
3143,train,True
3144,train,True
3145,validation,False
3146,train,True
3147,test,False
3148,train,True
3149,train,True
3150,train,True
3151,train,True
3152,test,False
3153,train,True
3154,train,True
3155,train,True
3156,validation,False
3157,test,False
3158,train,True
3159,train,True
3160,validation,False
3161,train,True
3162,train,True
3163,validation,False
3164,validation,False
3165,validation,False
3166,train,True
3167,validation,False
3168,train,True
3169,train,True
3170,train,True
3171,train,True
3172,test,False
3173,train,True
3174,train,True
3175,train,True
3176,train,True
3177,train,True
3178,train,True
3179,train,True
3180,train,True
3181,train,True
3182,validation,False
3183,train,True
3184,test,False
3185,validation,False
3186,test,False
3187,train,True
3188,validation,False
3189,validation,False
3190,train,True
3191,train,True
3192,test,False
3193,train,True
3194,train,True
3195,validation,False
3196,train,True
3197,train,True
3198,train,True
3199,train,True
3200,validation,False
3201,train,True
3202,train,True
3203,test,False
3204,test,False
3205,test,False
3206,validation,False
3207,train,True
3208,train,True
3209,train,True
3210,test,False
3211,train,True
3212,train,True
3213,train,True
3214,train,True
3215,test,False
3216,train,True
3217,train,True
3218,validation,False
3219,test,False
3220,train,True
3221,test,False
3222,validation,False
3223,test,False
3224,train,True
3225,test,False
3226,validation,False
3227,validation,False
3228,validation,False
3229,train,True
3230,train,True
3231,train,True
3232,train,True
3233,train,True
3234,validation,False
3235,train,True
3236,train,True
3237,validation,False
3238,validation,False
3239,validation,False
3240,test,False
3241,train,True
3242,train,True
3243,train,True
3244,train,True
3245,train,True
3246,test,False
3247,train,True
3248,validation,False
3249,test,False
3250,train,True
3251,train,True
3252,train,True
3253,train,True
3254,train,True
3255,train,True
3256,train,True
3257,train,True
3258,train,True
3259,validation,False
3260,test,False
3261,train,True
3262,train,True
3263,validation,False
3264,validation,False
3265,train,True
3266,validation,False
3267,validation,False
3268,validation,False
3269,train,True
3270,train,True
3271,validation,False
3272,test,False
3273,test,False
3274,train,True
3275,test,False
3276,test,False
3277,train,True
3278,test,False
3279,train,True
3280,test,False
3281,train,True
3282,test,False
3283,train,True
3284,test,False
3285,test,False
3286,train,True
3287,test,False
3288,validation,False
3289,test,False
3290,test,False
3291,test,False
3292,train,True
3293,train,True
3294,train,True
3295,validation,False
3296,train,True
3297,test,False
3298,train,True
3299,train,True
3300,validation,False
3301,validation,False
3302,train,True
3303,train,True
3304,train,True
3305,train,True
3306,train,True
3307,validation,False
3308,train,True
3309,train,True
3310,train,True
3311,train,True
3312,validation,False
3313,train,True
3314,validation,False
3315,validation,False
3316,train,True
3317,train,True
3318,validation,False
3319,validation,False
3320,train,True
3321,test,False
3322,train,True
3323,test,False
3324,validation,False
3325,train,True
3326,train,True
3327,train,True
3328,train,True
3329,train,True
3330,train,True
3331,train,True
3332,train,True
3333,test,False
3334,train,True
3335,train,True
3336,train,True
3337,train,True
3338,train,True
3339,validation,False
3340,validation,False
3341,train,True
3342,validation,False
3343,train,True
3344,train,True
3345,train,True
3346,train,True
3347,train,True
3348,validation,False
3349,train,True
3350,validation,False
3351,train,True
3352,validation,False
3353,train,True
3354,test,False
3355,train,True
3356,train,True
3357,train,True
3358,test,False
3359,test,False
3360,train,True
3361,test,False
3362,train,True
3363,train,True
3364,train,True
3365,train,True
3366,validation,False
3367,train,True
3368,train,True
3369,test,False
3370,train,True
3371,test,False
3372,validation,False
3373,train,True
3374,validation,False
3375,validation,False
3376,train,True
3377,train,True
3378,test,False
3379,validation,False
3380,train,True
3381,train,True
3382,train,True
3383,test,False
3384,validation,False
3385,train,True
3386,train,True
3387,test,False
3388,train,True
3389,train,True
3390,test,False
3391,validation,False
3392,train,True
3393,test,False
3394,train,True
3395,train,True
3396,validation,False
3397,train,True
3398,train,True
3399,train,True
3400,train,True
3401,train,True
3402,validation,False
3403,train,True
3404,validation,False
3405,train,True
3406,train,True
3407,test,False
3408,train,True
3409,test,False
3410,train,True
3411,validation,False
3412,train,True
3413,train,True
3414,train,True
3415,train,True
3416,validation,False
3417,train,True
3418,train,True
3419,train,True
3420,test,False
3421,test,False
3422,test,False
3423,train,True
3424,test,False
3425,train,True
3426,train,True
3427,train,True
3428,validation,False
3429,train,True
3430,train,True
3431,train,True
3432,test,False
3433,test,False
3434,train,True
3435,train,True
3436,test,False
3437,validation,False
3438,validation,False
3439,validation,False
3440,train,True
3441,train,True
3442,test,False
3443,train,True
3444,train,True
3445,train,True
3446,test,False
3447,train,True
3448,train,True
3449,train,True
3450,validation,False
3451,test,False
3452,train,True
3453,train,True
3454,train,True
3455,train,True
3456,train,True
3457,train,True
3458,train,True
3459,train,True
3460,train,True
3461,train,True
3462,validation,False
3463,validation,False
3464,train,True
3465,validation,False
3466,train,True
3467,validation,False
3468,test,False
3469,test,False
3470,train,True
3471,validation,False
3472,train,True
3473,validation,False
3474,test,False
3475,validation,False
3476,train,True
3477,train,True
3478,validation,False
3479,validation,False
3480,test,False
3481,train,True
3482,train,True
3483,validation,False
3484,validation,False
3485,train,True
3486,train,True
3487,train,True
3488,validation,False
3489,train,True
3490,train,True
3491,train,True
3492,test,False
3493,train,True
3494,validation,False
3495,test,False
3496,train,True
3497,validation,False
3498,train,True
3499,test,False
3500,test,False
3501,test,False
3502,train,True
3503,train,True
3504,test,False
3505,train,True
3506,train,True
3507,train,True
3508,train,True
3509,train,True
3510,test,False
3511,train,True
3512,train,True
3513,train,True
3514,validation,False
3515,train,True
3516,validation,False
3517,train,True
3518,train,True
3519,validation,False
3520,test,False
3521,train,True
3522,train,True
3523,train,True
3524,validation,False
3525,train,True
3526,train,True
3527,train,True
3528,train,True
3529,train,True
3530,train,True
3531,validation,False
3532,train,True
3533,train,True
3534,validation,False
3535,train,True
3536,validation,False
3537,test,False
3538,validation,False
3539,train,True
3540,validation,False
3541,validation,False
3542,train,True
3543,train,True
3544,test,False
3545,train,True
3546,train,True
3547,validation,False
3548,test,False
3549,train,True
3550,train,True
3551,train,True
3552,train,True
3553,train,True
3554,test,False
3555,test,False
3556,train,True
3557,train,True
3558,validation,False
3559,test,False
3560,validation,False
3561,train,True
3562,train,True
3563,train,True
3564,test,False
3565,validation,False
3566,train,True
3567,train,True
3568,train,True
3569,train,True
3570,train,True
3571,test,False
3572,train,True
3573,validation,False
3574,train,True
3575,train,True
3576,train,True
3577,train,True
3578,test,False
3579,test,False
3580,train,True
3581,train,True
3582,train,True
3583,train,True
3584,test,False
3585,test,False
3586,train,True
3587,train,True
3588,train,True
3589,train,True
3590,train,True
3591,train,True
3592,train,True
3593,train,True
3594,test,False
3595,validation,False
3596,train,True
3597,validation,False
3598,train,True
3599,train,True
3600,train,True
3601,validation,False
3602,train,True
3603,train,True
3604,validation,False
3605,validation,False
3606,train,True
3607,test,False
3608,train,True
3609,test,False
3610,test,False
3611,validation,False
3612,test,False
3613,test,False
3614,train,True
3615,train,True
3616,validation,False
3617,train,True
3618,train,True
3619,train,True
3620,test,False
3621,train,True
3622,train,True
3623,validation,False
3624,validation,False
3625,train,True
3626,train,True
3627,validation,False
3628,train,True
3629,validation,False
3630,train,True
3631,test,False
3632,test,False
3633,validation,False
3634,test,False
3635,train,True
3636,test,False
3637,train,True
3638,train,True
3639,validation,False
3640,train,True
3641,train,True
3642,test,False
3643,train,True
3644,test,False
3645,train,True
3646,test,False
3647,train,True
3648,validation,False
3649,train,True
3650,train,True
3651,validation,False
3652,test,False
3653,train,True
3654,validation,False
3655,test,False
3656,train,True
3657,train,True
3658,validation,False
3659,train,True
3660,train,True
3661,validation,False
3662,train,True
3663,train,True
3664,train,True
3665,train,True
3666,test,False
3667,test,False
3668,train,True
3669,train,True
3670,train,True
3671,train,True
3672,train,True
3673,train,True
3674,train,True
3675,validation,False
3676,test,False
3677,test,False
3678,validation,False
3679,test,False
3680,test,False
3681,test,False
3682,test,False
3683,train,True
3684,validation,False
3685,validation,False
3686,test,False
3687,train,True
3688,validation,False
3689,train,True
3690,validation,False
3691,train,True
3692,validation,False
3693,validation,False
3694,train,True
3695,train,True
3696,test,False
3697,train,True
3698,validation,False
3699,train,True
3700,validation,False
3701,train,True
3702,test,False
3703,test,False
3704,train,True
3705,validation,False
3706,train,True
3707,test,False
3708,train,True
3709,train,True
3710,train,True
3711,train,True
3712,train,True
3713,validation,False
3714,train,True
3715,validation,False
3716,train,True
3717,test,False
3718,test,False
3719,validation,False
3720,validation,False
3721,train,True
3722,test,False
3723,validation,False
3724,test,False
3725,train,True
3726,test,False
3727,validation,False
3728,train,True
3729,train,True
3730,train,True
3731,test,False
3732,train,True
3733,train,True
3734,train,True
3735,test,False
3736,train,True
3737,train,True
3738,test,False
3739,test,False
3740,train,True
3741,train,True
3742,test,False
3743,test,False
3744,test,False
3745,test,False
3746,train,True
3747,validation,False
3748,test,False
3749,test,False
3750,test,False
3751,train,True
3752,train,True
3753,test,False
3754,train,True
3755,train,True
3756,train,True
3757,validation,False
3758,train,True
3759,validation,False
3760,test,False
3761,validation,False
3762,test,False
3763,train,True
3764,test,False
3765,train,True
3766,validation,False
3767,validation,False
3768,train,True
3769,train,True
3770,train,True
3771,train,True
3772,test,False
3773,test,False
3774,validation,False
3775,validation,False
3776,train,True
3777,train,True
3778,test,False
3779,train,True
3780,validation,False
3781,train,True
3782,train,True
3783,validation,False
3784,validation,False
3785,test,False
3786,validation,False
3787,train,True
3788,validation,False
3789,validation,False
3790,train,True
3791,test,False
3792,test,False
3793,train,True
3794,train,True
3795,test,False
3796,test,False
3797,train,True
3798,test,False
3799,train,True
3800,test,False
3801,train,True
3802,test,False
3803,train,True
3804,validation,False
3805,train,True
3806,test,False
3807,validation,False
3808,test,False
3809,train,True
3810,test,False
3811,validation,False
3812,test,False
3813,train,True
3814,test,False
3815,train,True
3816,train,True
3817,test,False
3818,train,True
3819,train,True
3820,train,True
3821,train,True
3822,train,True
3823,test,False
3824,train,True
3825,train,True
3826,test,False
3827,train,True
3828,train,True
3829,train,True
3830,train,True
3831,train,True
3832,train,True
3833,train,True
3834,validation,False
3835,train,True
3836,test,False
3837,test,False
3838,train,True
3839,train,True
3840,train,True
3841,test,False
3842,train,True
3843,train,True
3844,test,False
3845,validation,False
3846,train,True
3847,train,True
3848,test,False
3849,train,True
3850,test,False
3851,train,True
3852,validation,False
3853,train,True
3854,train,True
3855,test,False
3856,test,False
3857,validation,False
3858,validation,False
3859,train,True
3860,validation,False
3861,train,True
3862,validation,False
3863,train,True
3864,train,True
3865,train,True
3866,validation,False
3867,train,True
3868,train,True
3869,train,True
3870,validation,False
3871,test,False
3872,validation,False
3873,validation,False
3874,train,True
3875,train,True
3876,test,False
3877,validation,False
3878,validation,False
3879,validation,False
3880,test,False
3881,train,True
3882,train,True
3883,test,False
3884,train,True
3885,train,True
3886,train,True
3887,test,False
3888,test,False
3889,validation,False
3890,train,True
3891,validation,False
3892,train,True
3893,validation,False
3894,train,True
3895,train,True
3896,train,True
3897,train,True
3898,validation,False
3899,validation,False
3900,train,True
3901,train,True
3902,test,False
3903,train,True
3904,train,True
3905,train,True
3906,test,False
3907,train,True
3908,train,True
3909,train,True
3910,train,True
3911,test,False
3912,validation,False
3913,train,True
3914,test,False
3915,validation,False
3916,validation,False
3917,train,True
3918,train,True
3919,test,False
3920,train,True
3921,train,True
3922,validation,False
3923,train,True
3924,test,False
3925,train,True
3926,test,False
3927,train,True
3928,train,True
3929,train,True
3930,train,True
3931,train,True
3932,train,True
3933,train,True
3934,train,True
3935,train,True
3936,test,False
3937,train,True
3938,validation,False
3939,train,True
3940,train,True
3941,test,False
3942,train,True
3943,validation,False
3944,validation,False
3945,test,False
3946,train,True
3947,validation,False
3948,test,False
3949,train,True
3950,train,True
3951,train,True
3952,validation,False
3953,train,True
3954,test,False
3955,train,True
3956,train,True
3957,train,True
3958,train,True
3959,validation,False
3960,train,True
3961,test,False
3962,train,True
3963,train,True
3964,train,True
3965,validation,False
3966,train,True
3967,train,True
3968,test,False
3969,train,True
3970,train,True
3971,test,False
3972,train,True
3973,validation,False
3974,test,False
3975,train,True
3976,train,True
3977,test,False
3978,validation,False
3979,train,True
3980,train,True
3981,train,True
3982,train,True
3983,validation,False
3984,train,True
3985,train,True
3986,validation,False
3987,train,True
3988,validation,False
3989,train,True
3990,train,True
3991,validation,False
3992,train,True
3993,train,True
3994,train,True
3995,validation,False
3996,train,True
3997,train,True
3998,train,True
3999,train,True
4000,train,True
4001,test,False
4002,test,False
4003,train,True
4004,train,True
4005,train,True
4006,validation,False
4007,test,False
4008,train,True
4009,train,True
4010,train,True
4011,train,True
4012,train,True
4013,validation,False
4014,train,True
4015,validation,False
4016,train,True
4017,train,True
4018,test,False
4019,train,True
4020,validation,False
4021,train,True
4022,test,False
4023,validation,False
4024,test,False
4025,train,True
4026,train,True
4027,train,True
4028,train,True
4029,train,True
4030,train,True
4031,validation,False
4032,train,True
4033,train,True
4034,test,False
4035,test,False
4036,test,False
4037,train,True
4038,train,True
4039,train,True
4040,train,True
4041,validation,False
4042,train,True
4043,train,True
4044,test,False
4045,train,True
4046,validation,False
4047,train,True
4048,validation,False
4049,train,True
4050,train,True
4051,train,True
4052,train,True
4053,validation,False
4054,validation,False
4055,train,True
4056,test,False
4057,validation,False
4058,train,True
4059,train,True
4060,train,True
4061,train,True
4062,test,False
4063,train,True
4064,train,True
4065,train,True
4066,test,False
4067,train,True
4068,test,False
4069,validation,False
4070,train,True
4071,train,True
4072,train,True
4073,test,False
4074,test,False
4075,train,True
4076,train,True
4077,train,True
4078,train,True
4079,train,True
4080,train,True
4081,test,False
4082,train,True
4083,train,True
4084,test,False
4085,validation,False
4086,train,True
4087,train,True
4088,validation,False
4089,train,True
4090,train,True
4091,train,True
4092,test,False
4093,validation,False
4094,train,True
4095,train,True
4096,train,True
4097,train,True
4098,train,True
4099,train,True
4100,train,True
4101,train,True
4102,train,True
4103,train,True
4104,train,True
4105,train,True
4106,train,True
4107,test,False
4108,train,True
4109,validation,False
4110,train,True
4111,test,False
4112,train,True
4113,train,True
4114,test,False
4115,train,True
4116,train,True
4117,train,True
4118,validation,False
4119,train,True
4120,test,False
4121,test,False
4122,train,True
4123,train,True
4124,train,True
4125,train,True
4126,train,True
4127,validation,False
4128,train,True
4129,train,True
4130,validation,False
4131,test,False
4132,train,True
4133,train,True
4134,train,True
4135,train,True
4136,validation,False
4137,train,True
4138,test,False
4139,train,True
4140,train,True
4141,test,False
4142,train,True
4143,test,False
4144,test,False
4145,train,True
4146,train,True
4147,train,True
4148,train,True
4149,train,True
4150,train,True
4151,train,True
4152,train,True
4153,validation,False
4154,train,True
4155,test,False
4156,train,True
4157,validation,False
4158,train,True
4159,train,True
4160,train,True
4161,train,True
4162,test,False
4163,train,True
4164,validation,False
4165,test,False
4166,test,False
4167,train,True
4168,train,True
4169,train,True
4170,train,True
4171,train,True
4172,test,False
4173,train,True
4174,train,True
4175,train,True
4176,train,True
4177,train,True
4178,train,True
4179,train,True
4180,train,True
4181,validation,False
4182,train,True
4183,test,False
4184,validation,False
4185,train,True
4186,validation,False
4187,train,True
4188,train,True
4189,train,True
4190,test,False
4191,test,False
4192,validation,False
4193,train,True
4194,test,False
4195,train,True
4196,train,True
4197,train,True
4198,validation,False
4199,train,True
4200,test,False
4201,train,True
4202,validation,False
4203,validation,False
4204,train,True
4205,train,True
4206,test,False
4207,train,True
4208,train,True
4209,train,True
4210,train,True
4211,test,False
4212,validation,False
4213,train,True
4214,train,True
4215,validation,False
4216,train,True
4217,train,True
4218,train,True
4219,validation,False
4220,test,False
4221,train,True
4222,train,True
4223,test,False
4224,train,True
4225,test,False
4226,validation,False
4227,test,False
4228,train,True
4229,train,True
4230,validation,False
4231,validation,False
4232,train,True
4233,train,True
4234,validation,False
4235,test,False
4236,validation,False
4237,train,True
4238,train,True
4239,train,True
4240,train,True
4241,train,True
4242,train,True
4243,train,True
4244,train,True
4245,validation,False
4246,train,True
4247,validation,False
4248,test,False
4249,train,True
4250,train,True
4251,test,False
4252,train,True
4253,train,True
4254,validation,False
4255,test,False
4256,test,False
4257,train,True
4258,train,True
4259,test,False
4260,validation,False
4261,validation,False
4262,validation,False
4263,train,True
4264,train,True
4265,train,True
4266,validation,False
4267,test,False
4268,train,True
4269,test,False
4270,train,True
4271,test,False
4272,train,True
4273,test,False
4274,train,True
4275,test,False
4276,train,True
4277,train,True
4278,train,True
4279,train,True
4280,test,False
4281,train,True
4282,validation,False
4283,train,True
4284,validation,False
4285,train,True
4286,train,True
4287,train,True
4288,train,True
4289,train,True
4290,test,False
4291,test,False
4292,test,False
4293,train,True
4294,train,True
4295,train,True
4296,train,True
4297,test,False
4298,train,True
4299,train,True
4300,train,True
4301,train,True
4302,train,True
4303,test,False
4304,validation,False
4305,validation,False
4306,test,False
4307,test,False
4308,validation,False
4309,validation,False
4310,train,True
4311,test,False
4312,train,True
4313,train,True
4314,test,False
4315,train,True
4316,validation,False
4317,train,True
4318,train,True
4319,train,True
4320,test,False
4321,train,True
4322,validation,False
4323,train,True
4324,test,False
4325,train,True
4326,validation,False
4327,train,True
4328,train,True
4329,train,True
4330,validation,False
4331,validation,False
4332,train,True
4333,test,False
4334,test,False
4335,train,True
4336,train,True
4337,test,False
4338,train,True
4339,train,True
4340,train,True
4341,test,False
4342,train,True
4343,train,True
4344,train,True
4345,validation,False
4346,train,True
4347,train,True
4348,test,False
4349,train,True
4350,train,True
4351,train,True
4352,train,True
4353,test,False
4354,train,True
4355,validation,False
4356,validation,False
4357,train,True
4358,train,True
4359,test,False
4360,test,False
4361,train,True
4362,train,True
4363,train,True
4364,test,False
4365,train,True
4366,test,False
4367,train,True
4368,test,False
4369,train,True
4370,train,True
4371,train,True
4372,validation,False
4373,train,True
4374,train,True
4375,validation,False
4376,train,True
4377,train,True
4378,validation,False
4379,train,True
4380,train,True
4381,train,True
4382,train,True
4383,train,True
4384,train,True
4385,train,True
4386,train,True
4387,train,True
4388,validation,False
4389,train,True
4390,train,True
4391,train,True
4392,train,True
4393,train,True
4394,test,False
4395,train,True
4396,train,True
4397,validation,False
4398,train,True
4399,test,False
4400,train,True
4401,train,True
4402,train,True
4403,train,True
4404,test,False
4405,validation,False
4406,test,False
4407,train,True
4408,validation,False
4409,test,False
4410,train,True
4411,test,False
4412,test,False
4413,test,False
4414,train,True
4415,train,True
4416,train,True
4417,validation,False
4418,train,True
4419,train,True
4420,train,True
4421,train,True
4422,train,True
4423,train,True
4424,train,True
4425,train,True
4426,test,False
4427,train,True
4428,test,False
4429,train,True
4430,train,True
4431,train,True
4432,test,False
4433,train,True
4434,train,True
4435,train,True
4436,validation,False
4437,test,False
4438,train,True
4439,train,True
4440,train,True
4441,train,True
4442,train,True
4443,train,True
4444,train,True
4445,train,True
4446,train,True
4447,test,False
4448,train,True
4449,train,True
4450,test,False
4451,train,True
4452,train,True
4453,train,True
4454,validation,False
4455,train,True
4456,train,True
4457,train,True
4458,validation,False
4459,train,True
4460,train,True
4461,test,False
4462,train,True
4463,train,True
4464,train,True
4465,train,True
4466,train,True
4467,train,True
4468,train,True
4469,train,True
4470,test,False
4471,train,True
4472,test,False
4473,validation,False
4474,validation,False
4475,train,True
4476,train,True
4477,train,True
4478,validation,False
4479,test,False
4480,test,False
4481,test,False
4482,train,True
4483,test,False
4484,train,True
4485,test,False
4486,train,True
4487,train,True
4488,test,False
4489,train,True
4490,train,True
4491,test,False
4492,validation,False
4493,validation,False
4494,train,True
4495,train,True
4496,train,True
4497,test,False
4498,train,True
4499,validation,False
4500,validation,False
4501,train,True
4502,train,True
4503,train,True
4504,train,True
4505,test,False
4506,validation,False
4507,train,True
4508,train,True
4509,train,True
4510,train,True
4511,train,True
4512,train,True
4513,test,False
4514,train,True
4515,train,True
4516,validation,False
4517,train,True
4518,validation,False
4519,train,True
4520,train,True
4521,validation,False
4522,train,True
4523,train,True
4524,train,True
4525,train,True
4526,train,True
4527,test,False
4528,train,True
4529,test,False
4530,train,True
4531,train,True
4532,train,True
4533,validation,False
4534,train,True
4535,train,True
4536,validation,False
4537,train,True
4538,train,True
4539,validation,False
4540,test,False
4541,test,False
4542,test,False
4543,test,False
4544,validation,False
4545,validation,False
4546,train,True
4547,validation,False
4548,test,False
4549,test,False
4550,train,True
4551,train,True
4552,train,True
4553,train,True
4554,train,True
4555,train,True
4556,train,True
4557,train,True
4558,train,True
4559,train,True
4560,train,True
4561,train,True
4562,train,True
4563,test,False
4564,train,True
4565,test,False
4566,train,True
4567,train,True
4568,train,True
4569,train,True
4570,train,True
4571,test,False
4572,test,False
4573,train,True
4574,test,False
4575,train,True
4576,train,True
4577,validation,False
4578,test,False
4579,test,False
4580,train,True
4581,train,True
4582,train,True
4583,train,True
4584,test,False
4585,train,True
4586,train,True
4587,train,True
4588,train,True
4589,train,True
4590,validation,False
4591,validation,False
4592,test,False
4593,validation,False
4594,train,True
4595,test,False
4596,validation,False
4597,train,True
4598,train,True
4599,test,False
4600,validation,False
4601,train,True
4602,train,True
4603,test,False
4604,train,True
4605,validation,False
4606,test,False
4607,train,True
4608,train,True
4609,train,True
4610,train,True
4611,test,False
4612,train,True
4613,train,True
4614,validation,False
4615,train,True
4616,train,True
4617,validation,False
4618,validation,False
4619,test,False
4620,train,True
4621,train,True
4622,train,True
4623,train,True
4624,test,False
4625,validation,False
4626,test,False
4627,validation,False
4628,train,True
4629,train,True
4630,train,True
4631,validation,False
4632,train,True
4633,validation,False
4634,train,True
4635,train,True
4636,train,True
4637,test,False
4638,test,False
4639,train,True
4640,validation,False
4641,train,True
4642,train,True
4643,train,True
4644,validation,False
4645,train,True
4646,train,True
4647,test,False
4648,test,False
4649,train,True
4650,train,True
4651,train,True
4652,train,True
4653,validation,False
4654,train,True
4655,train,True
4656,train,True
4657,train,True
4658,train,True
4659,validation,False
4660,test,False
4661,train,True
4662,train,True
4663,test,False
4664,test,False
4665,train,True
4666,train,True
4667,train,True
4668,train,True
4669,validation,False
4670,train,True
4671,train,True
4672,validation,False
4673,train,True
4674,train,True
4675,validation,False
4676,test,False
4677,train,True
4678,train,True
4679,train,True
4680,validation,False
4681,train,True
4682,train,True
4683,train,True
4684,test,False
4685,test,False
4686,train,True
4687,train,True
4688,train,True
4689,train,True
4690,test,False
4691,validation,False
4692,validation,False
4693,train,True
4694,validation,False
4695,validation,False
4696,validation,False
4697,train,True
4698,validation,False
4699,train,True
4700,test,False
4701,validation,False
4702,validation,False
4703,train,True
4704,train,True
4705,train,True
4706,validation,False
4707,train,True
4708,train,True
4709,train,True
4710,validation,False
4711,train,True
4712,train,True
4713,train,True
4714,test,False
4715,train,True
4716,train,True
4717,test,False
4718,validation,False
4719,train,True
4720,train,True
4721,test,False
4722,validation,False
4723,test,False
4724,validation,False
4725,validation,False
4726,train,True
4727,validation,False
4728,train,True
4729,train,True
4730,train,True
4731,validation,False
4732,train,True
4733,train,True
4734,train,True
4735,train,True
4736,test,False
4737,train,True
4738,train,True
4739,train,True
4740,train,True
4741,train,True
4742,train,True
4743,train,True
4744,train,True
4745,test,False
4746,train,True
4747,validation,False
4748,train,True
4749,train,True
4750,train,True
4751,test,False
4752,train,True
4753,train,True
4754,train,True
4755,train,True
4756,train,True
4757,train,True
4758,train,True
4759,validation,False
4760,train,True
4761,validation,False
4762,validation,False
4763,train,True
4764,train,True
4765,train,True
4766,train,True
4767,test,False
4768,train,True
4769,train,True
4770,train,True
4771,train,True
4772,test,False
4773,train,True
4774,train,True
4775,validation,False
4776,test,False
4777,test,False
4778,train,True
4779,train,True
4780,test,False
4781,validation,False
4782,train,True
4783,test,False
4784,validation,False
4785,test,False
4786,train,True
4787,train,True
4788,train,True
4789,validation,False
4790,train,True
4791,test,False
4792,validation,False
4793,train,True
4794,test,False
4795,train,True
4796,validation,False
4797,train,True
4798,train,True
4799,train,True
4800,validation,False
4801,train,True
4802,validation,False
4803,train,True
4804,train,True
4805,validation,False
4806,test,False
4807,train,True
4808,validation,False
4809,validation,False
4810,train,True
4811,train,True
4812,train,True
4813,train,True
4814,train,True
4815,train,True
4816,train,True
4817,train,True
4818,train,True
4819,train,True
4820,train,True
4821,train,True
4822,validation,False
4823,train,True
4824,validation,False
4825,test,False
4826,test,False
4827,train,True
4828,test,False
4829,validation,False
4830,train,True
4831,train,True
4832,test,False
4833,train,True
4834,train,True
4835,train,True
4836,validation,False
4837,train,True
4838,test,False
4839,train,True
4840,train,True
4841,train,True
4842,train,True
4843,validation,False
4844,validation,False
4845,train,True
4846,test,False
4847,validation,False
4848,train,True
4849,train,True
4850,train,True
4851,train,True
4852,validation,False
4853,validation,False
4854,validation,False
4855,train,True
4856,train,True
4857,validation,False
4858,test,False
4859,test,False
4860,train,True
4861,train,True
4862,train,True
4863,validation,False
4864,train,True
4865,train,True
4866,train,True
4867,train,True
4868,test,False
4869,train,True
4870,train,True
4871,train,True
4872,train,True
4873,train,True
4874,train,True
4875,train,True
4876,train,True
4877,train,True
4878,train,True
4879,validation,False
4880,train,True
4881,train,True
4882,train,True
4883,validation,False
4884,train,True
4885,validation,False
4886,train,True
4887,test,False
4888,train,True
4889,test,False
4890,train,True
4891,train,True
4892,train,True
4893,train,True
4894,test,False
4895,train,True
4896,train,True
4897,test,False
4898,train,True
4899,train,True
4900,train,True
4901,validation,False
4902,test,False
4903,train,True
4904,train,True
4905,test,False
4906,validation,False
4907,test,False
4908,train,True
4909,train,True
4910,train,True
4911,train,True
4912,train,True
4913,validation,False
4914,train,True
4915,train,True
4916,train,True
4917,test,False
4918,train,True
4919,train,True
4920,train,True
4921,validation,False
4922,test,False
4923,validation,False
4924,validation,False
4925,train,True
4926,validation,False
4927,train,True
4928,train,True
4929,train,True
4930,validation,False
4931,train,True
4932,train,True
4933,train,True
4934,train,True
4935,validation,False
4936,validation,False
4937,train,True
4938,train,True
4939,train,True
4940,test,False
4941,validation,False
4942,train,True
4943,validation,False
4944,train,True
4945,test,False
4946,train,True
4947,train,True
4948,train,True
4949,train,True
4950,train,True
4951,train,True
4952,validation,False
4953,train,True
4954,train,True
4955,train,True
4956,train,True
4957,validation,False
4958,validation,False
4959,test,False
4960,validation,False
4961,train,True
4962,train,True
4963,test,False
4964,validation,False
4965,test,False
4966,train,True
4967,train,True
4968,train,True
4969,train,True
4970,train,True
4971,train,True
4972,train,True
4973,train,True
4974,test,False
4975,train,True
4976,test,False
4977,train,True
4978,train,True
4979,test,False
4980,train,True
4981,train,True
4982,train,True
4983,validation,False
4984,train,True
4985,train,True
4986,train,True
4987,validation,False
4988,test,False
4989,validation,False
4990,train,True
4991,validation,False
4992,validation,False
4993,test,False
4994,test,False
4995,train,True
4996,test,False
4997,train,True
4998,train,True
4999,train,True
5000,train,True
5001,train,True
5002,validation,False
5003,train,True
5004,validation,False
5005,train,True
5006,validation,False
5007,test,False
5008,train,True
5009,train,True
5010,test,False
5011,train,True
5012,test,False
5013,train,True
5014,validation,False
5015,validation,False
5016,validation,False
5017,test,False
5018,train,True
5019,test,False
5020,train,True
5021,validation,False
5022,train,True
5023,train,True
5024,test,False
5025,train,True
5026,train,True
5027,validation,False
5028,validation,False
5029,train,True
5030,train,True
5031,train,True
5032,train,True
5033,train,True
5034,train,True
5035,test,False
5036,train,True
5037,train,True
5038,train,True
5039,test,False
5040,train,True
5041,train,True
5042,train,True
5043,train,True
5044,train,True
5045,train,True
5046,test,False
5047,train,True
5048,test,False
5049,test,False
5050,validation,False
5051,train,True
5052,validation,False
5053,test,False
5054,train,True
5055,train,True
5056,validation,False
5057,train,True
5058,validation,False
5059,train,True
5060,train,True
5061,train,True
5062,train,True
5063,train,True
5064,test,False
5065,validation,False
5066,train,True
5067,train,True
5068,train,True
5069,train,True
5070,train,True
5071,train,True
5072,validation,False
5073,validation,False
5074,train,True
5075,train,True
5076,train,True
5077,test,False
5078,train,True
5079,validation,False
5080,train,True
5081,train,True
5082,train,True
5083,train,True
5084,test,False
5085,validation,False
5086,test,False
5087,train,True
5088,train,True
5089,train,True
5090,validation,False
5091,validation,False
5092,train,True
5093,train,True
5094,train,True
5095,test,False
5096,train,True
5097,train,True
5098,train,True
5099,test,False
5100,test,False
5101,train,True
5102,validation,False
5103,validation,False
5104,test,False
5105,train,True
5106,train,True
5107,train,True
5108,train,True
5109,test,False
5110,train,True
5111,test,False
5112,train,True
5113,train,True
5114,test,False
5115,train,True
5116,test,False
5117,train,True
5118,train,True
5119,train,True
5120,train,True
5121,test,False
5122,train,True
5123,validation,False
5124,train,True
5125,validation,False
5126,validation,False
5127,train,True
5128,validation,False
5129,train,True
5130,train,True
5131,test,False
5132,validation,False
5133,test,False
5134,validation,False
5135,validation,False
5136,test,False
5137,test,False
5138,train,True
5139,test,False
5140,train,True
5141,test,False
5142,train,True
5143,train,True
5144,train,True
5145,train,True
5146,train,True
5147,test,False
5148,train,True
5149,validation,False
5150,validation,False
5151,train,True
5152,test,False
5153,validation,False
5154,train,True
5155,train,True
5156,validation,False
5157,validation,False
5158,validation,False
5159,train,True
5160,train,True
5161,validation,False
5162,train,True
5163,validation,False
5164,test,False
5165,train,True
5166,train,True
5167,train,True
5168,train,True
5169,train,True
5170,validation,False
5171,train,True
5172,validation,False
5173,train,True
5174,test,False
5175,test,False
5176,train,True
5177,train,True
5178,train,True
5179,train,True
5180,validation,False
5181,train,True
5182,test,False
5183,train,True
5184,test,False
5185,train,True
5186,train,True
5187,validation,False
5188,train,True
5189,test,False
5190,test,False
5191,train,True
5192,train,True
5193,train,True
5194,train,True
5195,test,False
5196,train,True
5197,test,False
5198,validation,False
5199,train,True
5200,train,True
5201,train,True
5202,test,False
5203,train,True
5204,train,True
5205,train,True
5206,validation,False
5207,train,True
5208,test,False
5209,test,False
5210,train,True
5211,validation,False
5212,train,True
5213,train,True
5214,validation,False
5215,train,True
5216,train,True
5217,train,True
5218,train,True
5219,train,True
5220,test,False
5221,train,True
5222,test,False
5223,test,False
5224,test,False
5225,validation,False
5226,validation,False
5227,test,False
5228,train,True
5229,train,True
5230,validation,False
5231,train,True
5232,validation,False
5233,validation,False
5234,train,True
5235,test,False
5236,validation,False
5237,test,False
5238,train,True
5239,test,False
5240,train,True
5241,train,True
5242,validation,False
5243,validation,False
5244,train,True
5245,train,True
5246,train,True
5247,train,True
5248,test,False
5249,test,False
5250,train,True
5251,test,False
5252,train,True
5253,train,True
5254,train,True
5255,test,False
5256,validation,False
5257,test,False
5258,train,True
5259,train,True
5260,train,True
5261,train,True
5262,train,True
5263,train,True
5264,train,True
5265,train,True
5266,validation,False
5267,test,False
5268,validation,False
5269,train,True
5270,validation,False
5271,test,False
5272,train,True
5273,train,True
5274,train,True
5275,train,True
5276,train,True
5277,train,True
5278,test,False
5279,train,True
5280,test,False
5281,test,False
5282,train,True
5283,train,True
5284,validation,False
5285,test,False
5286,validation,False
5287,train,True
5288,test,False
5289,test,False
5290,test,False
5291,validation,False
5292,train,True
5293,train,True
5294,train,True
5295,train,True
5296,test,False
5297,test,False
5298,train,True
5299,validation,False
5300,validation,False
5301,train,True
5302,train,True
5303,train,True
5304,validation,False
5305,train,True
5306,validation,False
5307,train,True
5308,train,True
5309,train,True
5310,train,True
5311,train,True
5312,train,True
5313,train,True
5314,train,True
5315,train,True
5316,train,True
5317,train,True
5318,train,True
5319,train,True
5320,train,True
5321,train,True
5322,train,True
5323,test,False
5324,test,False
5325,train,True
5326,train,True
5327,train,True
5328,validation,False
5329,train,True
5330,train,True
5331,train,True
5332,train,True
5333,train,True
5334,train,True
5335,test,False
5336,train,True
5337,train,True
5338,train,True
5339,validation,False
5340,train,True
5341,validation,False
5342,train,True
5343,test,False
5344,train,True
5345,test,False
5346,train,True
5347,test,False
5348,train,True
5349,test,False
5350,validation,False
5351,train,True
5352,train,True
5353,validation,False
5354,train,True
5355,train,True
5356,train,True
5357,train,True
5358,train,True
5359,test,False
5360,train,True
5361,train,True
5362,train,True
5363,test,False
5364,train,True
5365,train,True
5366,train,True
5367,validation,False
5368,test,False
5369,train,True
5370,test,False
5371,train,True
5372,train,True
5373,train,True
5374,train,True
5375,train,True
5376,train,True
5377,test,False
5378,test,False
5379,train,True
5380,train,True
5381,train,True
5382,test,False
5383,validation,False
5384,train,True
5385,train,True
5386,train,True
5387,train,True
5388,train,True
5389,validation,False
5390,validation,False
5391,validation,False
5392,train,True
5393,test,False
5394,test,False
5395,test,False
5396,test,False
5397,train,True
5398,train,True
5399,train,True
5400,test,False
5401,train,True
5402,train,True
5403,test,False
5404,train,True
5405,train,True
5406,train,True
5407,train,True
5408,train,True
5409,train,True
5410,train,True
5411,train,True
5412,train,True
5413,train,True
5414,validation,False
5415,train,True
5416,train,True
5417,train,True
5418,validation,False
5419,train,True
5420,test,False
5421,validation,False
5422,validation,False
5423,train,True
5424,train,True
5425,train,True
5426,train,True
5427,train,True
5428,validation,False
5429,train,True
5430,train,True
5431,validation,False
5432,train,True
5433,validation,False
5434,train,True
5435,test,False
5436,train,True
5437,train,True
5438,test,False
5439,train,True
5440,validation,False
5441,test,False
5442,validation,False
5443,train,True
5444,train,True
5445,train,True
5446,train,True
5447,train,True
5448,train,True
5449,validation,False
5450,train,True
5451,train,True
5452,train,True
5453,train,True
5454,train,True
5455,train,True
5456,validation,False
5457,validation,False
5458,test,False
5459,train,True
5460,train,True
5461,validation,False
5462,train,True
5463,validation,False
5464,validation,False
5465,train,True
5466,train,True
5467,train,True
5468,validation,False
5469,train,True
5470,train,True
5471,validation,False
5472,train,True
5473,train,True
5474,train,True
5475,train,True
5476,train,True
5477,test,False
5478,train,True
5479,train,True
5480,test,False
5481,validation,False
5482,train,True
5483,validation,False
5484,train,True
5485,train,True
5486,train,True
5487,test,False
5488,train,True
5489,train,True
5490,validation,False
5491,validation,False
5492,train,True
5493,validation,False
5494,train,True
5495,train,True
5496,test,False
5497,test,False
5498,validation,False
5499,test,False
5500,train,True
5501,train,True
5502,train,True
5503,train,True
5504,train,True
5505,train,True
5506,train,True
5507,train,True
5508,train,True
5509,train,True
5510,validation,False
5511,test,False
5512,train,True
5513,train,True
5514,train,True
5515,train,True
5516,test,False
5517,validation,False
5518,train,True
5519,train,True
5520,validation,False
5521,train,True
5522,train,True
5523,validation,False
5524,test,False
5525,train,True
5526,train,True
5527,train,True
5528,validation,False
5529,train,True
5530,validation,False
5531,validation,False
5532,train,True
5533,train,True
5534,test,False
5535,train,True
5536,train,True
5537,train,True
5538,test,False
5539,train,True
5540,train,True
5541,train,True
5542,test,False
5543,validation,False
5544,train,True
5545,train,True
5546,test,False
5547,test,False
5548,train,True
5549,train,True
5550,train,True
5551,train,True
5552,train,True
5553,train,True
5554,train,True
5555,train,True
5556,train,True
5557,validation,False
5558,validation,False
5559,test,False
5560,test,False
5561,validation,False
5562,test,False
5563,train,True
5564,train,True
5565,train,True
5566,train,True
5567,train,True
5568,test,False
5569,train,True
5570,train,True
5571,validation,False
5572,train,True
5573,test,False
5574,test,False
5575,train,True
5576,train,True
5577,train,True
5578,test,False
5579,train,True
5580,train,True
5581,train,True
5582,test,False
5583,validation,False
5584,validation,False
5585,train,True
5586,train,True
5587,validation,False
5588,test,False
5589,test,False
5590,test,False
5591,validation,False
5592,train,True
5593,train,True
5594,test,False
5595,train,True
5596,validation,False
5597,train,True
5598,train,True
5599,train,True
5600,train,True
5601,validation,False
5602,train,True
5603,train,True
5604,train,True
5605,validation,False
5606,train,True
5607,train,True
5608,test,False
5609,train,True
5610,train,True
5611,train,True
5612,train,True
5613,test,False
5614,train,True
5615,test,False
5616,train,True
5617,test,False
5618,train,True
5619,validation,False
5620,train,True
5621,train,True
5622,validation,False
5623,test,False
5624,train,True
5625,train,True
5626,validation,False
5627,train,True
5628,train,True
5629,train,True
5630,validation,False
5631,train,True
5632,train,True
5633,validation,False
5634,test,False
5635,train,True
5636,validation,False
5637,train,True
5638,test,False
5639,test,False
5640,test,False
5641,train,True
5642,train,True
5643,train,True
5644,validation,False
5645,train,True
5646,test,False
5647,train,True
5648,validation,False
5649,train,True
5650,test,False
5651,train,True
5652,validation,False
5653,train,True
5654,train,True
5655,validation,False
5656,train,True
5657,train,True
5658,train,True
5659,validation,False
5660,train,True
5661,train,True
5662,train,True
5663,train,True
5664,train,True
5665,train,True
5666,test,False
5667,validation,False
5668,train,True
5669,validation,False
5670,validation,False
5671,train,True
5672,test,False
5673,validation,False
5674,validation,False
5675,train,True
5676,train,True
5677,train,True
5678,validation,False
5679,validation,False
5680,train,True
5681,train,True
5682,test,False
5683,train,True
5684,test,False
5685,test,False
5686,train,True
5687,train,True
5688,train,True
5689,train,True
5690,train,True
5691,test,False
5692,validation,False
5693,test,False
5694,train,True
5695,test,False
5696,train,True
5697,train,True
5698,train,True
5699,train,True
5700,train,True
5701,train,True
5702,train,True
5703,validation,False
5704,test,False
5705,train,True
5706,test,False
5707,validation,False
5708,train,True
5709,test,False
5710,train,True
5711,train,True
5712,train,True
5713,train,True
5714,train,True
5715,train,True
5716,test,False
5717,train,True
5718,validation,False
5719,test,False
5720,validation,False
5721,test,False
5722,train,True
5723,validation,False
5724,train,True
5725,test,False
5726,test,False
5727,train,True
5728,train,True
5729,train,True
5730,train,True
5731,test,False
5732,train,True
5733,test,False
5734,test,False
5735,train,True
5736,train,True
5737,train,True
5738,test,False
5739,test,False
5740,validation,False
5741,validation,False
5742,train,True
5743,train,True
5744,train,True
5745,train,True
5746,train,True
5747,test,False
5748,train,True
5749,validation,False
5750,train,True
5751,train,True
5752,validation,False
5753,train,True
5754,train,True
5755,train,True
5756,train,True
5757,train,True
5758,train,True
5759,train,True
5760,train,True
5761,test,False
5762,train,True
5763,train,True
5764,train,True
5765,validation,False
5766,train,True
5767,train,True
5768,test,False
5769,validation,False
5770,test,False
5771,train,True
5772,validation,False
5773,test,False
5774,validation,False
5775,train,True
5776,train,True
5777,train,True
5778,train,True
5779,train,True
5780,test,False
5781,train,True
5782,validation,False
5783,train,True
5784,train,True
5785,train,True
5786,test,False
5787,train,True
5788,train,True
5789,train,True
5790,test,False
5791,train,True
5792,test,False
5793,validation,False
5794,train,True
5795,train,True
5796,train,True
5797,train,True
5798,validation,False
5799,validation,False
5800,test,False
5801,train,True
5802,train,True
5803,test,False
5804,train,True
5805,validation,False
5806,train,True
5807,test,False
5808,test,False
5809,train,True
5810,train,True
5811,train,True
5812,train,True
5813,test,False
5814,train,True
5815,train,True
5816,train,True
5817,train,True
5818,train,True
5819,test,False
5820,test,False
5821,test,False
5822,test,False
5823,train,True
5824,test,False
5825,test,False
5826,validation,False
5827,test,False
5828,train,True
5829,train,True
5830,validation,False
5831,validation,False
5832,test,False
5833,train,True
5834,train,True
5835,validation,False
5836,validation,False
5837,validation,False
5838,train,True
5839,test,False
5840,train,True
5841,validation,False
5842,train,True
5843,train,True
5844,test,False
5845,validation,False
5846,train,True
5847,train,True
5848,test,False
5849,validation,False
5850,train,True
5851,train,True
5852,train,True
5853,train,True
5854,validation,False
5855,train,True
5856,validation,False
5857,train,True
5858,test,False
5859,validation,False
5860,train,True
5861,train,True
5862,train,True
5863,train,True
5864,train,True
5865,train,True
5866,test,False
5867,train,True
5868,train,True
5869,train,True
5870,train,True
5871,test,False
5872,train,True
5873,train,True
5874,train,True
5875,validation,False
5876,train,True
5877,train,True
5878,train,True
5879,train,True
5880,validation,False
5881,train,True
5882,train,True
5883,test,False
5884,train,True
5885,train,True
5886,train,True
5887,train,True
5888,train,True
5889,train,True
5890,validation,False
5891,train,True
5892,test,False
5893,validation,False
5894,train,True
5895,test,False
5896,train,True
5897,train,True
5898,test,False
5899,train,True
5900,train,True
5901,train,True
5902,validation,False
5903,test,False
5904,train,True
5905,train,True
5906,train,True
5907,train,True
5908,train,True
5909,train,True
5910,train,True
5911,train,True
5912,test,False
5913,train,True
5914,train,True
5915,test,False
5916,train,True
5917,train,True
5918,test,False
5919,test,False
5920,train,True
5921,train,True
5922,train,True
5923,train,True
5924,train,True
5925,validation,False
5926,test,False
5927,validation,False
5928,test,False
5929,validation,False
5930,train,True
5931,test,False
5932,train,True
5933,train,True
5934,test,False
5935,validation,False
5936,validation,False
5937,test,False
5938,test,False
5939,validation,False
5940,validation,False
5941,train,True
5942,train,True
5943,test,False
5944,train,True
5945,test,False
5946,train,True
5947,train,True
5948,train,True
5949,test,False
5950,train,True
5951,train,True
5952,test,False
5953,train,True
5954,test,False
5955,test,False
5956,train,True
5957,train,True
5958,train,True
5959,train,True
5960,train,True
5961,validation,False
5962,train,True
5963,test,False
5964,train,True
5965,validation,False
5966,train,True
5967,test,False
5968,train,True
5969,train,True
5970,train,True
5971,validation,False
5972,train,True
5973,test,False
5974,validation,False
5975,train,True
5976,train,True
5977,validation,False
5978,test,False
5979,train,True
5980,validation,False
5981,train,True
5982,validation,False
5983,train,True
5984,train,True
5985,train,True
5986,train,True
5987,validation,False
5988,train,True
5989,validation,False
5990,train,True
5991,test,False
5992,train,True
5993,train,True
5994,validation,False
5995,test,False
5996,validation,False
5997,validation,False
5998,train,True
5999,validation,False
6000,train,True
6001,train,True
6002,validation,False
6003,train,True
6004,train,True
6005,train,True
6006,train,True
6007,validation,False
6008,train,True
6009,train,True
6010,validation,False
6011,train,True
6012,train,True
6013,train,True
6014,test,False
6015,train,True
6016,train,True
6017,train,True
6018,train,True
6019,test,False
6020,train,True
6021,validation,False
6022,train,True
6023,validation,False
6024,test,False
6025,test,False
6026,validation,False
6027,train,True
6028,train,True
6029,train,True
6030,train,True
6031,train,True
6032,validation,False
6033,validation,False
6034,test,False
6035,train,True
6036,test,False
6037,test,False
6038,train,True
6039,train,True
6040,train,True
6041,train,True
6042,train,True
6043,validation,False
6044,validation,False
6045,validation,False
6046,train,True
6047,validation,False
6048,train,True
6049,train,True
6050,test,False
6051,train,True
6052,train,True
6053,train,True
6054,train,True
6055,validation,False
6056,train,True
6057,test,False
6058,train,True
6059,validation,False
6060,validation,False
6061,train,True
6062,train,True
6063,test,False
6064,test,False
6065,train,True
6066,train,True
6067,test,False
6068,test,False
6069,train,True
6070,train,True
6071,test,False
6072,test,False
6073,train,True
6074,validation,False
6075,train,True
6076,test,False
6077,train,True
6078,train,True
6079,test,False
6080,train,True
6081,train,True
6082,test,False
6083,validation,False
6084,test,False
6085,train,True
6086,test,False
6087,train,True
6088,test,False
6089,train,True
6090,validation,False
6091,train,True
6092,validation,False
6093,train,True
6094,test,False
6095,validation,False
6096,validation,False
6097,validation,False
6098,train,True
6099,train,True
6100,test,False
6101,validation,False
6102,train,True
6103,train,True
6104,test,False
6105,train,True
6106,train,True
6107,validation,False
6108,train,True
6109,train,True
6110,train,True
6111,test,False
6112,train,True
6113,train,True
6114,train,True
6115,train,True
6116,test,False
6117,train,True
6118,train,True
6119,train,True
6120,train,True
6121,train,True
6122,train,True
6123,test,False
6124,train,True
6125,train,True
6126,test,False
6127,train,True
6128,train,True
6129,train,True
6130,validation,False
6131,train,True
6132,train,True
6133,train,True
6134,train,True
6135,train,True
6136,train,True
6137,test,False
6138,validation,False
6139,validation,False
6140,train,True
6141,validation,False
6142,train,True
6143,train,True
6144,train,True
6145,validation,False
6146,train,True
6147,test,False
6148,train,True
6149,train,True
6150,test,False
6151,train,True
6152,train,True
6153,train,True
6154,validation,False
6155,train,True
6156,train,True
6157,train,True
6158,train,True
6159,train,True
6160,train,True
6161,train,True
6162,train,True
6163,test,False
6164,validation,False
6165,train,True
6166,train,True
6167,train,True
6168,train,True
6169,train,True
6170,test,False
6171,train,True
6172,test,False
6173,train,True
6174,train,True
6175,train,True
6176,train,True
6177,train,True
6178,train,True
6179,train,True
6180,validation,False
6181,test,False
6182,train,True
6183,train,True
6184,validation,False
6185,train,True
6186,train,True
6187,test,False
6188,validation,False
6189,train,True
6190,test,False
6191,train,True
6192,test,False
6193,train,True
6194,validation,False
6195,train,True
6196,train,True
6197,train,True
6198,test,False
6199,train,True
6200,train,True
6201,train,True
6202,validation,False
6203,validation,False
6204,train,True
6205,train,True
6206,validation,False
6207,train,True
6208,train,True
6209,train,True
6210,train,True
6211,train,True
6212,validation,False
6213,validation,False
6214,test,False
6215,train,True
6216,validation,False
6217,train,True
6218,train,True
6219,validation,False
6220,validation,False
6221,train,True
6222,validation,False
6223,train,True
6224,train,True
6225,train,True
6226,train,True
6227,train,True
6228,train,True
6229,train,True
6230,train,True
6231,test,False
6232,validation,False
6233,validation,False
6234,test,False
6235,train,True
6236,train,True
6237,train,True
6238,validation,False
6239,train,True
6240,train,True
6241,test,False
6242,train,True
6243,train,True
6244,train,True
6245,validation,False
6246,test,False
6247,train,True
6248,test,False
6249,train,True
6250,train,True
6251,train,True
6252,train,True
6253,train,True
6254,train,True
6255,test,False
6256,test,False
6257,train,True
6258,train,True
6259,train,True
6260,test,False
6261,train,True
6262,train,True
6263,train,True
6264,train,True
6265,train,True
6266,validation,False
6267,validation,False
6268,train,True
6269,train,True
6270,validation,False
6271,train,True
6272,train,True
6273,train,True
6274,train,True
6275,train,True
6276,validation,False
6277,test,False
6278,validation,False
6279,train,True
6280,validation,False
6281,validation,False
6282,train,True
6283,test,False
6284,test,False
6285,train,True
6286,test,False
6287,train,True
6288,train,True
6289,validation,False
6290,train,True
6291,train,True
6292,train,True
6293,train,True
6294,test,False
6295,train,True
6296,train,True
6297,train,True
6298,train,True
6299,test,False
6300,train,True
6301,train,True
6302,validation,False
6303,train,True
6304,test,False
6305,validation,False
6306,train,True
6307,train,True
6308,train,True
6309,train,True
6310,validation,False
6311,train,True
6312,train,True
6313,test,False
6314,train,True
6315,validation,False
6316,validation,False
6317,validation,False
6318,train,True
6319,train,True
6320,test,False
6321,test,False
6322,test,False
6323,train,True
6324,validation,False
6325,train,True
6326,validation,False
6327,test,False
6328,validation,False
6329,test,False
6330,train,True
6331,validation,False
6332,validation,False
6333,validation,False
6334,test,False
6335,validation,False
6336,validation,False
6337,train,True
6338,test,False
6339,train,True
6340,train,True
6341,validation,False
6342,test,False
6343,test,False
6344,train,True
6345,train,True
6346,test,False
6347,test,False
6348,train,True
6349,train,True
6350,test,False
6351,validation,False
6352,test,False
6353,test,False
6354,train,True
6355,train,True
6356,train,True
6357,validation,False
6358,train,True
6359,train,True
6360,train,True
6361,validation,False
6362,train,True
6363,train,True
6364,validation,False
6365,test,False
6366,test,False
6367,test,False
6368,validation,False
6369,train,True
6370,train,True
6371,train,True
6372,train,True
6373,train,True
6374,train,True
6375,test,False
6376,train,True
6377,train,True
6378,train,True
6379,validation,False
6380,train,True
6381,train,True
6382,train,True
6383,validation,False
6384,train,True
6385,test,False
6386,train,True
6387,validation,False
6388,train,True
6389,train,True
6390,test,False
6391,train,True
6392,validation,False
6393,test,False
6394,validation,False
6395,train,True
6396,train,True
6397,train,True
6398,train,True
6399,train,True
6400,test,False
6401,test,False
6402,test,False
6403,train,True
6404,validation,False
6405,test,False
6406,test,False
6407,validation,False
6408,train,True
6409,test,False
6410,validation,False
6411,train,True
6412,train,True
6413,train,True
6414,train,True
6415,train,True
6416,validation,False
6417,train,True
6418,validation,False
6419,test,False
6420,train,True
6421,train,True
6422,test,False
6423,validation,False
6424,validation,False
6425,train,True
6426,train,True
6427,test,False
6428,train,True
6429,validation,False
6430,train,True
6431,train,True
6432,train,True
6433,train,True
6434,train,True
6435,train,True
6436,train,True
6437,train,True
6438,train,True
6439,train,True
6440,train,True
6441,train,True
6442,train,True
6443,train,True
6444,test,False
6445,validation,False
6446,train,True
6447,train,True
6448,train,True
6449,test,False
6450,validation,False
6451,train,True
6452,validation,False
6453,train,True
6454,validation,False
6455,train,True
6456,train,True
6457,train,True
6458,train,True
6459,validation,False
6460,train,True
6461,test,False
6462,train,True
6463,test,False
6464,test,False
6465,test,False
6466,train,True
6467,train,True
6468,test,False
6469,train,True
6470,train,True
6471,train,True
6472,validation,False
6473,train,True
6474,train,True
6475,train,True
6476,train,True
6477,train,True
6478,validation,False
6479,train,True
6480,train,True
6481,train,True
6482,train,True
6483,train,True
6484,validation,False
6485,validation,False
6486,train,True
6487,test,False
6488,train,True
6489,validation,False
6490,validation,False
6491,train,True
6492,train,True
6493,validation,False
6494,test,False
6495,train,True
6496,train,True
6497,train,True
6498,validation,False
6499,train,True
6500,train,True
6501,train,True
6502,train,True
6503,train,True
6504,test,False
6505,validation,False
6506,train,True
6507,train,True
6508,train,True
6509,train,True
6510,train,True
6511,train,True
6512,train,True
6513,validation,False
6514,train,True
6515,validation,False
6516,test,False
6517,validation,False
6518,test,False
6519,test,False
6520,train,True
6521,train,True
6522,train,True
6523,train,True
6524,train,True
6525,test,False
6526,train,True
6527,test,False
6528,train,True
6529,train,True
6530,train,True
6531,train,True
6532,validation,False
6533,test,False
6534,train,True
6535,train,True
6536,test,False
6537,train,True
6538,test,False
6539,train,True
6540,train,True
6541,test,False
6542,validation,False
6543,train,True
6544,train,True
6545,train,True
6546,train,True
6547,train,True
6548,train,True
6549,train,True
6550,train,True
6551,validation,False
6552,train,True
6553,train,True
6554,validation,False
6555,train,True
6556,train,True
6557,test,False
6558,train,True
6559,test,False
6560,train,True
6561,train,True
6562,test,False
6563,train,True
6564,train,True
6565,train,True
6566,train,True
6567,test,False
6568,validation,False
6569,train,True
6570,train,True
6571,train,True
6572,test,False
6573,test,False
6574,validation,False
6575,validation,False
6576,validation,False
6577,validation,False
6578,test,False
6579,train,True
6580,train,True
6581,train,True
6582,validation,False
6583,train,True
6584,train,True
6585,train,True
6586,test,False
6587,train,True
6588,test,False
6589,validation,False
6590,test,False
6591,train,True
6592,test,False
6593,train,True
6594,validation,False
6595,train,True
6596,test,False
6597,test,False
6598,train,True
6599,test,False
6600,train,True
6601,train,True
6602,train,True
6603,test,False
6604,train,True
6605,train,True
6606,train,True
6607,train,True
6608,train,True
6609,validation,False
6610,train,True
6611,test,False
6612,test,False
6613,validation,False
6614,validation,False
6615,train,True
6616,train,True
6617,train,True
6618,validation,False
6619,train,True
6620,train,True
6621,test,False
6622,validation,False
6623,train,True
6624,test,False
6625,train,True
6626,test,False
6627,test,False
6628,train,True
6629,validation,False
6630,train,True
6631,validation,False
6632,train,True
6633,validation,False
6634,train,True
6635,train,True
6636,validation,False
6637,test,False
6638,train,True
6639,validation,False
6640,test,False
6641,train,True
6642,train,True
6643,train,True
6644,train,True
6645,train,True
6646,validation,False
6647,test,False
6648,test,False
6649,train,True
6650,validation,False
6651,test,False
6652,train,True
6653,test,False
6654,test,False
6655,train,True
6656,train,True
6657,validation,False
6658,test,False
6659,train,True
6660,validation,False
6661,train,True
6662,validation,False
6663,train,True
6664,test,False
6665,validation,False
6666,train,True
6667,test,False
6668,train,True
6669,train,True
6670,train,True
6671,train,True
6672,train,True
6673,train,True
6674,validation,False
6675,train,True
6676,test,False
6677,validation,False
6678,train,True
6679,train,True
6680,train,True
6681,validation,False
6682,train,True
6683,validation,False
6684,test,False
6685,train,True
6686,validation,False
6687,train,True
6688,test,False
6689,train,True
6690,test,False
6691,validation,False
6692,validation,False
6693,test,False
6694,train,True
6695,train,True
6696,train,True
6697,train,True
6698,train,True
6699,train,True
6700,test,False
6701,validation,False
6702,train,True
6703,test,False
6704,validation,False
6705,validation,False
6706,train,True
6707,test,False
6708,test,False
6709,train,True
6710,validation,False
6711,test,False
6712,train,True
6713,validation,False
6714,train,True
6715,test,False
6716,test,False
6717,train,True
6718,train,True
6719,train,True
6720,train,True
6721,train,True
6722,test,False
6723,test,False
6724,validation,False
6725,validation,False
6726,train,True
6727,test,False
6728,train,True
6729,validation,False
6730,test,False
6731,test,False
6732,validation,False
6733,train,True
6734,train,True
6735,train,True
6736,train,True
6737,train,True
6738,train,True
6739,train,True
6740,train,True
6741,train,True
6742,validation,False
6743,train,True
6744,train,True
6745,test,False
6746,validation,False
6747,train,True
6748,train,True
6749,validation,False
6750,test,False
6751,validation,False
6752,test,False
6753,test,False
6754,train,True
6755,train,True
6756,train,True
6757,test,False
6758,validation,False
6759,train,True
6760,train,True
6761,train,True
6762,train,True
6763,train,True
6764,test,False
6765,train,True
6766,train,True
6767,test,False
6768,train,True
6769,test,False
6770,test,False
6771,test,False
6772,test,False
6773,train,True
6774,train,True
6775,train,True
6776,train,True
6777,train,True
6778,train,True
6779,validation,False
6780,test,False
6781,train,True
6782,train,True
6783,train,True
6784,test,False
6785,test,False
6786,validation,False
6787,train,True
6788,test,False
6789,validation,False
6790,train,True
6791,train,True
6792,validation,False
6793,test,False
6794,test,False
6795,validation,False
6796,validation,False
6797,train,True
6798,test,False
6799,train,True
6800,train,True
6801,train,True
6802,test,False
6803,train,True
6804,train,True
6805,validation,False
6806,train,True
6807,train,True
6808,train,True
6809,test,False
6810,train,True
6811,test,False
6812,validation,False
6813,train,True
6814,test,False
6815,test,False
6816,train,True
6817,test,False
6818,validation,False
6819,train,True
6820,train,True
6821,train,True
6822,train,True
6823,train,True
6824,test,False
6825,test,False
6826,train,True
6827,train,True
6828,validation,False
6829,validation,False
6830,validation,False
6831,test,False
6832,train,True
6833,train,True
6834,train,True
6835,validation,False
6836,validation,False
6837,validation,False
6838,train,True
6839,test,False
6840,train,True
6841,test,False
6842,train,True
6843,train,True
6844,validation,False
6845,train,True
6846,train,True
6847,test,False
6848,train,True
6849,validation,False
6850,train,True
6851,train,True
6852,train,True
6853,train,True
6854,test,False
6855,test,False
6856,train,True
6857,validation,False
6858,train,True
6859,train,True
6860,validation,False
6861,validation,False
6862,train,True
6863,test,False
6864,validation,False
6865,validation,False
6866,train,True
6867,test,False
6868,train,True
6869,validation,False
6870,test,False
6871,test,False
6872,train,True
6873,train,True
6874,train,True
6875,train,True
6876,train,True
6877,train,True
6878,train,True
6879,validation,False
6880,train,True
6881,test,False
6882,train,True
6883,train,True
6884,train,True
6885,train,True
6886,train,True
6887,train,True
6888,train,True
6889,test,False
6890,train,True
6891,train,True
6892,test,False
6893,validation,False
6894,train,True
6895,train,True
6896,test,False
6897,train,True
6898,validation,False
6899,train,True
6900,test,False
6901,train,True
6902,train,True
6903,train,True
6904,validation,False
6905,test,False
6906,validation,False
6907,train,True
6908,train,True
6909,train,True
6910,train,True
6911,test,False
6912,train,True
6913,train,True
6914,train,True
6915,train,True
6916,test,False
6917,validation,False
6918,train,True
6919,test,False
6920,train,True
6921,validation,False
6922,train,True
6923,train,True
6924,train,True
6925,train,True
6926,train,True
6927,train,True
6928,train,True
6929,validation,False
6930,validation,False
6931,train,True
6932,train,True
6933,train,True
6934,validation,False
6935,train,True
6936,train,True
6937,train,True
6938,train,True
6939,test,False
6940,test,False
6941,validation,False
6942,validation,False
6943,validation,False
6944,train,True
6945,train,True
6946,test,False
6947,validation,False
6948,test,False
6949,train,True
6950,train,True
6951,train,True
6952,train,True
6953,validation,False
6954,train,True
6955,test,False
6956,train,True
6957,validation,False
6958,test,False
6959,train,True
6960,train,True
6961,train,True
6962,train,True
6963,train,True
6964,train,True
6965,validation,False
6966,train,True
6967,train,True
6968,train,True
6969,validation,False
6970,test,False
6971,train,True
6972,validation,False
6973,train,True
6974,train,True
6975,train,True
6976,validation,False
6977,train,True
6978,train,True
6979,train,True
6980,train,True
6981,train,True
6982,test,False
6983,train,True
6984,test,False
6985,validation,False
6986,test,False
6987,train,True
6988,train,True
6989,validation,False
6990,train,True
6991,test,False
6992,validation,False
6993,train,True
6994,train,True
6995,train,True
6996,validation,False
6997,test,False
6998,train,True
6999,train,True
7000,train,True
7001,train,True
7002,train,True
7003,test,False
7004,train,True
7005,validation,False
7006,train,True
7007,train,True
7008,test,False
7009,train,True
7010,train,True
7011,test,False
7012,train,True
7013,test,False
7014,test,False
7015,train,True
7016,train,True
7017,train,True
7018,validation,False
7019,test,False
7020,train,True
7021,train,True
7022,train,True
7023,train,True
7024,validation,False
7025,train,True
7026,test,False
7027,validation,False
7028,validation,False
7029,test,False
7030,train,True
7031,test,False
7032,train,True
7033,validation,False
7034,test,False
7035,train,True
7036,test,False
7037,train,True
7038,train,True
7039,train,True
7040,train,True
7041,train,True
7042,train,True
7043,train,True
7044,validation,False
7045,validation,False
7046,train,True
7047,test,False
7048,test,False
7049,train,True
7050,test,False
7051,validation,False
7052,validation,False
7053,test,False
7054,train,True
7055,train,True
7056,test,False
7057,test,False
7058,test,False
7059,train,True
7060,train,True
7061,train,True
7062,validation,False
7063,train,True
7064,train,True
7065,train,True
7066,train,True
7067,train,True
7068,test,False
7069,test,False
7070,test,False
7071,train,True
7072,test,False
7073,train,True
7074,test,False
7075,test,False
7076,train,True
7077,validation,False
7078,train,True
7079,test,False
7080,train,True
7081,train,True
7082,train,True
7083,validation,False
7084,train,True
7085,train,True
7086,validation,False
7087,train,True
7088,train,True
7089,test,False
7090,train,True
7091,validation,False
7092,train,True
7093,test,False
7094,train,True
7095,test,False
7096,train,True
7097,test,False
7098,train,True
7099,train,True
7100,test,False
7101,train,True
7102,train,True
7103,train,True
7104,test,False
7105,validation,False
7106,train,True
7107,test,False
7108,validation,False
7109,train,True
7110,validation,False
7111,train,True
7112,train,True
7113,train,True
7114,train,True
7115,train,True
7116,train,True
7117,test,False
7118,train,True
7119,test,False
7120,train,True
7121,train,True
7122,test,False
7123,train,True
7124,train,True
7125,train,True
7126,train,True
7127,test,False
7128,test,False
7129,train,True
7130,train,True
7131,test,False
7132,train,True
7133,test,False
7134,train,True
7135,train,True
7136,validation,False
7137,train,True
7138,validation,False
7139,train,True
7140,train,True
7141,train,True
7142,train,True
7143,train,True
7144,validation,False
7145,test,False
7146,validation,False
7147,validation,False
7148,train,True
7149,validation,False
7150,validation,False
7151,train,True
7152,validation,False
7153,train,True
7154,train,True
7155,train,True
7156,train,True
7157,train,True
7158,train,True
7159,train,True
7160,test,False
7161,train,True
7162,validation,False
7163,test,False
7164,train,True
7165,validation,False
7166,train,True
7167,validation,False
7168,train,True
7169,validation,False
7170,train,True
7171,validation,False
7172,test,False
7173,test,False
7174,validation,False
7175,test,False
7176,validation,False
7177,train,True
7178,train,True
7179,train,True
7180,train,True
7181,test,False
7182,train,True
7183,validation,False
7184,train,True
7185,validation,False
7186,test,False
7187,train,True
7188,validation,False
7189,test,False
7190,train,True
7191,train,True
7192,train,True
7193,train,True
7194,train,True
7195,test,False
7196,validation,False
7197,train,True
7198,validation,False
7199,validation,False
7200,test,False
7201,train,True
7202,test,False
7203,validation,False
7204,validation,False
7205,train,True
7206,test,False
7207,train,True
7208,test,False
7209,train,True
7210,train,True
7211,train,True
7212,test,False
7213,test,False
7214,train,True
7215,test,False
7216,train,True
7217,train,True
7218,train,True
7219,validation,False
7220,train,True
7221,train,True
7222,test,False
7223,test,False
7224,train,True
7225,test,False
7226,train,True
7227,test,False
7228,train,True
7229,validation,False
7230,validation,False
7231,test,False
7232,test,False
7233,train,True
7234,test,False
7235,validation,False
7236,train,True
7237,train,True
7238,test,False
7239,train,True
7240,validation,False
7241,test,False
7242,train,True
7243,train,True
7244,test,False
7245,train,True
7246,train,True
7247,train,True
7248,train,True
7249,train,True
7250,train,True
7251,test,False
7252,train,True
7253,train,True
7254,validation,False
7255,train,True
7256,test,False
7257,train,True
7258,train,True
7259,train,True
7260,train,True
7261,test,False
7262,test,False
7263,test,False
7264,train,True
7265,train,True
7266,validation,False
7267,train,True
7268,train,True
7269,test,False
7270,train,True
7271,train,True
7272,train,True
7273,test,False
7274,validation,False
7275,test,False
7276,test,False
7277,train,True
7278,test,False
7279,validation,False
7280,validation,False
7281,test,False
7282,train,True
7283,train,True
7284,train,True
7285,validation,False
7286,train,True
7287,validation,False
7288,test,False
7289,test,False
7290,train,True
7291,train,True
7292,train,True
7293,validation,False
7294,test,False
7295,test,False
7296,train,True
7297,validation,False
7298,train,True
7299,train,True
7300,train,True
7301,test,False
7302,train,True
7303,train,True
7304,train,True
7305,train,True
7306,train,True
7307,test,False
7308,train,True
7309,train,True
7310,test,False
7311,test,False
7312,validation,False
7313,train,True
7314,validation,False
7315,test,False
7316,validation,False
7317,train,True
7318,validation,False
7319,validation,False
7320,train,True
7321,train,True
7322,validation,False
7323,train,True
7324,test,False
7325,train,True
7326,train,True
7327,validation,False
7328,validation,False
7329,test,False
7330,train,True
7331,train,True
7332,validation,False
7333,test,False
7334,test,False
7335,test,False
7336,train,True
7337,train,True
7338,train,True
7339,validation,False
7340,train,True
7341,train,True
7342,test,False
7343,test,False
7344,train,True
7345,validation,False
7346,test,False
7347,train,True
7348,train,True
7349,train,True
7350,train,True
7351,train,True
7352,train,True
7353,train,True
7354,train,True
7355,train,True
7356,train,True
7357,validation,False
7358,train,True
7359,test,False
7360,test,False
7361,train,True
7362,test,False
7363,train,True
7364,train,True
7365,train,True
7366,train,True
7367,train,True
7368,train,True
7369,test,False
7370,validation,False
7371,train,True
7372,train,True
7373,test,False
7374,test,False
7375,test,False
7376,train,True
7377,validation,False
7378,test,False
7379,train,True
7380,train,True
7381,train,True
7382,train,True
7383,train,True
7384,train,True
7385,train,True
7386,train,True
7387,validation,False
7388,test,False
7389,train,True
7390,test,False
7391,test,False
7392,train,True
7393,test,False
7394,test,False
7395,train,True
7396,train,True
7397,train,True
7398,test,False
7399,test,False
7400,train,True
7401,validation,False
7402,train,True
7403,train,True
7404,train,True
7405,validation,False
7406,train,True
7407,validation,False
7408,train,True
7409,train,True
7410,train,True
7411,test,False
7412,validation,False
7413,train,True
7414,train,True
7415,train,True
7416,test,False
7417,train,True
7418,validation,False
7419,train,True
7420,train,True
7421,test,False
7422,train,True
7423,train,True
7424,train,True
7425,test,False
7426,validation,False
7427,train,True
7428,validation,False
7429,train,True
7430,validation,False
7431,train,True
7432,train,True
7433,validation,False
7434,train,True
7435,validation,False
7436,train,True
7437,train,True
7438,test,False
7439,train,True
7440,test,False
7441,test,False
7442,test,False
7443,test,False
7444,train,True
7445,test,False
7446,train,True
7447,train,True
7448,test,False
7449,validation,False
7450,train,True
7451,test,False
7452,validation,False
7453,validation,False
7454,test,False
7455,train,True
7456,test,False
7457,test,False
7458,test,False
7459,test,False
7460,validation,False
7461,train,True
7462,train,True
7463,train,True
7464,train,True
7465,train,True
7466,validation,False
7467,validation,False
7468,test,False
7469,validation,False
7470,train,True
7471,train,True
7472,validation,False
7473,train,True
7474,test,False
7475,test,False
7476,train,True
7477,train,True
7478,test,False
7479,train,True
7480,train,True
7481,train,True
7482,train,True
7483,test,False
7484,train,True
7485,validation,False
7486,validation,False
7487,train,True
7488,train,True
7489,train,True
7490,train,True
7491,train,True
7492,train,True
7493,train,True
7494,test,False
7495,train,True
7496,train,True
7497,validation,False
7498,train,True
7499,test,False
7500,test,False
7501,train,True
7502,train,True
7503,validation,False
7504,train,True
7505,train,True
7506,train,True
7507,train,True
7508,train,True
7509,train,True
7510,test,False
7511,train,True
7512,train,True
7513,train,True
7514,train,True
7515,train,True
7516,train,True
7517,validation,False
7518,train,True
7519,train,True
7520,train,True
7521,validation,False
7522,train,True
7523,train,True
7524,train,True
7525,test,False
7526,train,True
7527,test,False
7528,train,True
7529,validation,False
7530,train,True
7531,validation,False
7532,train,True
7533,test,False
7534,test,False
7535,train,True
7536,train,True
7537,validation,False
7538,test,False
7539,validation,False
7540,train,True
7541,train,True
7542,validation,False
7543,train,True
7544,train,True
7545,train,True
7546,train,True
7547,train,True
7548,train,True
7549,train,True
7550,train,True
7551,train,True
7552,test,False
7553,train,True
7554,test,False
7555,train,True
7556,train,True
7557,test,False
7558,test,False
7559,test,False
7560,train,True
7561,test,False
7562,train,True
7563,train,True
7564,train,True
7565,validation,False
7566,train,True
7567,test,False
7568,train,True
7569,test,False
7570,train,True
7571,train,True
7572,train,True
7573,train,True
7574,test,False
7575,test,False
7576,train,True
7577,train,True
7578,train,True
7579,validation,False
7580,train,True
7581,validation,False
7582,validation,False
7583,validation,False
7584,train,True
7585,train,True
7586,train,True
7587,test,False
7588,train,True
7589,train,True
7590,validation,False
7591,test,False
7592,validation,False
7593,train,True
7594,test,False
7595,train,True
7596,train,True
7597,test,False
7598,train,True
7599,train,True
7600,train,True
7601,test,False
7602,validation,False
7603,validation,False
7604,train,True
7605,train,True
7606,train,True
7607,test,False
7608,validation,False
7609,validation,False
7610,test,False
7611,test,False
7612,test,False
7613,train,True
7614,train,True
7615,train,True
7616,train,True
7617,validation,False
7618,test,False
7619,train,True
7620,train,True
7621,train,True
7622,validation,False
7623,test,False
7624,test,False
7625,validation,False
7626,train,True
7627,train,True
7628,train,True
7629,train,True
7630,train,True
7631,train,True
7632,train,True
7633,train,True
7634,train,True
7635,validation,False
7636,train,True
7637,train,True
7638,train,True
7639,test,False
7640,train,True
7641,train,True
7642,train,True
7643,validation,False
7644,train,True
7645,train,True
7646,train,True
7647,train,True
7648,train,True
7649,train,True
7650,validation,False
7651,validation,False
7652,test,False
7653,train,True
7654,train,True
7655,validation,False
7656,validation,False
7657,train,True
7658,train,True
7659,train,True
7660,train,True
7661,train,True
7662,train,True
7663,validation,False
7664,train,True
7665,validation,False
7666,train,True
7667,test,False
7668,train,True
7669,train,True
7670,validation,False
7671,train,True
7672,train,True
7673,test,False
7674,validation,False
7675,train,True
7676,train,True
7677,validation,False
7678,train,True
7679,train,True
7680,train,True
7681,validation,False
7682,test,False
7683,test,False
7684,test,False
7685,train,True
7686,test,False
7687,train,True
7688,train,True
7689,validation,False
7690,train,True
7691,validation,False
7692,test,False
7693,train,True
7694,train,True
7695,test,False
7696,test,False
7697,test,False
7698,test,False
7699,test,False
7700,train,True
7701,train,True
7702,train,True
7703,train,True
7704,train,True
7705,test,False
7706,validation,False
7707,validation,False
7708,train,True
7709,train,True
7710,train,True
7711,train,True
7712,train,True
7713,train,True
7714,train,True
7715,validation,False
7716,validation,False
7717,train,True
7718,train,True
7719,train,True
7720,train,True
7721,test,False
7722,validation,False
7723,validation,False
7724,validation,False
7725,test,False
7726,train,True
7727,test,False
7728,train,True
7729,train,True
7730,test,False
7731,test,False
7732,train,True
7733,train,True
7734,test,False
7735,test,False
7736,validation,False
7737,train,True
7738,train,True
7739,test,False
7740,validation,False
7741,validation,False
7742,test,False
7743,validation,False
7744,train,True
7745,validation,False
7746,train,True
7747,train,True
7748,train,True
7749,train,True
7750,train,True
7751,train,True
7752,train,True
7753,validation,False
7754,train,True
7755,train,True
7756,train,True
7757,train,True
7758,train,True
7759,validation,False
7760,train,True
7761,train,True
7762,test,False
7763,validation,False
7764,train,True
7765,train,True
7766,train,True
7767,test,False
7768,train,True
7769,validation,False
7770,train,True
7771,validation,False
7772,train,True
7773,test,False
7774,train,True
7775,train,True
7776,train,True
7777,test,False
7778,test,False
7779,train,True
7780,test,False
7781,train,True
7782,test,False
7783,train,True
7784,test,False
7785,train,True
7786,train,True
7787,train,True
7788,validation,False
7789,train,True
7790,test,False
7791,train,True
7792,train,True
7793,train,True
7794,test,False
7795,train,True
7796,train,True
7797,train,True
7798,train,True
7799,validation,False
7800,train,True
7801,train,True
7802,train,True
7803,train,True
7804,train,True
7805,validation,False
7806,validation,False
7807,train,True
7808,test,False
7809,validation,False
7810,train,True
7811,train,True
7812,train,True
7813,train,True
7814,train,True
7815,train,True
7816,train,True
7817,train,True
7818,train,True
7819,train,True
7820,train,True
7821,train,True
7822,train,True
7823,train,True
7824,validation,False
7825,validation,False
7826,train,True
7827,train,True
7828,train,True
7829,train,True
7830,train,True
7831,test,False
7832,train,True
7833,train,True
7834,train,True
7835,train,True
7836,test,False
7837,validation,False
7838,test,False
7839,validation,False
7840,validation,False
7841,test,False
7842,train,True
7843,validation,False
7844,test,False
7845,train,True
7846,validation,False
7847,validation,False
7848,test,False
7849,train,True
7850,validation,False
7851,test,False
7852,validation,False
7853,test,False
7854,test,False
7855,test,False
7856,train,True
7857,train,True
7858,test,False
7859,train,True
7860,train,True
7861,test,False
7862,validation,False
7863,train,True
7864,train,True
7865,train,True
7866,train,True
7867,train,True
7868,train,True
7869,test,False
7870,train,True
7871,train,True
7872,train,True
7873,train,True
7874,train,True
7875,validation,False
7876,train,True
7877,train,True
7878,validation,False
7879,train,True
7880,test,False
7881,validation,False
7882,train,True
7883,train,True
7884,train,True
7885,train,True
7886,train,True
7887,train,True
7888,train,True
7889,train,True
7890,validation,False
7891,validation,False
7892,test,False
7893,train,True
7894,validation,False
7895,train,True
7896,test,False
7897,validation,False
7898,train,True
7899,train,True
7900,train,True
7901,validation,False
7902,test,False
7903,validation,False
7904,train,True
7905,test,False
7906,validation,False
7907,train,True
7908,test,False
7909,train,True
7910,train,True
7911,test,False
7912,train,True
7913,validation,False
7914,train,True
7915,validation,False
7916,train,True
7917,test,False
7918,test,False
7919,train,True
7920,train,True
7921,train,True
7922,train,True
7923,train,True
7924,validation,False
7925,test,False
7926,validation,False
7927,train,True
7928,test,False
7929,test,False
7930,train,True
7931,validation,False
7932,train,True
7933,test,False
7934,train,True
7935,train,True
7936,train,True
7937,train,True
7938,train,True
7939,validation,False
7940,validation,False
7941,train,True
7942,train,True
7943,validation,False
7944,validation,False
7945,train,True
7946,test,False
7947,train,True
7948,train,True
7949,test,False
7950,train,True
7951,train,True
7952,validation,False
7953,train,True
7954,validation,False
7955,train,True
7956,test,False
7957,train,True
7958,train,True
7959,train,True
7960,validation,False
7961,train,True
7962,train,True
7963,train,True
7964,validation,False
7965,test,False
7966,train,True
7967,train,True
7968,train,True
7969,train,True
7970,validation,False
7971,train,True
7972,train,True
7973,train,True
7974,validation,False
7975,train,True
7976,train,True
7977,test,False
7978,validation,False
7979,train,True
7980,train,True
7981,train,True
7982,train,True
7983,validation,False
7984,validation,False
7985,train,True
7986,validation,False
7987,test,False
7988,train,True
7989,test,False
7990,validation,False
7991,test,False
7992,validation,False
7993,train,True
7994,train,True
7995,train,True
7996,train,True
7997,train,True
7998,train,True
7999,train,True
8000,train,True
8001,train,True
8002,train,True
8003,validation,False
8004,validation,False
8005,train,True
8006,train,True
8007,validation,False
8008,train,True
8009,validation,False
8010,test,False
8011,train,True
8012,validation,False
8013,train,True
8014,train,True
8015,test,False
8016,train,True
8017,train,True
8018,validation,False
8019,train,True
8020,train,True
8021,test,False
8022,validation,False
8023,train,True
8024,train,True
8025,train,True
8026,train,True
8027,validation,False
8028,test,False
8029,train,True
8030,validation,False
8031,train,True
8032,test,False
8033,train,True
8034,train,True
8035,test,False
8036,train,True
8037,validation,False
8038,test,False
8039,train,True
8040,validation,False
8041,validation,False
8042,test,False
8043,train,True
8044,test,False
8045,train,True
8046,validation,False
8047,validation,False
8048,test,False
8049,train,True
8050,validation,False
8051,train,True
8052,validation,False
8053,train,True
8054,validation,False
8055,validation,False
8056,validation,False
8057,train,True
8058,validation,False
8059,train,True
8060,train,True
8061,train,True
8062,train,True
8063,train,True
8064,train,True
8065,test,False
8066,test,False
8067,train,True
8068,train,True
8069,train,True
8070,test,False
8071,train,True
8072,train,True
8073,validation,False
8074,validation,False
8075,train,True
8076,train,True
8077,train,True
8078,train,True
8079,train,True
8080,validation,False
8081,train,True
8082,train,True
8083,train,True
8084,train,True
8085,validation,False
8086,test,False
8087,validation,False
8088,train,True
8089,validation,False
8090,train,True
8091,train,True
8092,test,False
8093,train,True
8094,test,False
8095,train,True
8096,train,True
8097,train,True
8098,test,False
8099,train,True
8100,train,True
8101,validation,False
8102,validation,False
8103,validation,False
8104,test,False
8105,train,True
8106,validation,False
8107,train,True
8108,train,True
8109,train,True
8110,train,True
8111,train,True
8112,train,True
8113,test,False
8114,test,False
8115,train,True
8116,train,True
8117,train,True
8118,test,False
8119,train,True
8120,train,True
8121,test,False
8122,train,True
8123,validation,False
8124,validation,False
8125,train,True
8126,validation,False
8127,test,False
8128,train,True
8129,train,True
8130,validation,False
8131,test,False
8132,train,True
8133,train,True
8134,validation,False
8135,validation,False
8136,train,True
8137,validation,False
8138,test,False
8139,train,True
8140,train,True
8141,test,False
8142,train,True
8143,train,True
8144,validation,False
8145,test,False
8146,train,True
8147,train,True
8148,train,True
8149,train,True
8150,train,True
8151,validation,False
8152,test,False
8153,validation,False
8154,test,False
8155,train,True
8156,train,True
8157,train,True
8158,test,False
8159,validation,False
8160,test,False
8161,train,True
8162,train,True
8163,validation,False
8164,validation,False
8165,train,True
8166,train,True
8167,train,True
8168,train,True
8169,validation,False
8170,test,False
8171,train,True
8172,test,False
8173,test,False
8174,validation,False
8175,test,False
8176,train,True
8177,test,False
8178,train,True
8179,train,True
8180,validation,False
8181,validation,False
8182,train,True
8183,train,True
8184,test,False
8185,train,True
8186,test,False
8187,test,False
8188,train,True
8189,train,True
8190,test,False
8191,train,True
8192,test,False
8193,train,True
8194,train,True
8195,train,True
8196,train,True
8197,test,False
8198,train,True
8199,train,True
8200,test,False
8201,train,True
8202,test,False
8203,test,False
8204,train,True
8205,train,True
8206,train,True
8207,test,False
8208,train,True
8209,validation,False
8210,train,True
8211,train,True
8212,train,True
8213,train,True
8214,train,True
8215,train,True
8216,train,True
8217,test,False
8218,train,True
8219,validation,False
8220,test,False
8221,validation,False
8222,validation,False
8223,train,True
8224,train,True
8225,train,True
8226,train,True
8227,train,True
8228,train,True
8229,test,False
8230,train,True
8231,test,False
8232,train,True
8233,validation,False
8234,train,True
8235,validation,False
8236,train,True
8237,train,True
8238,train,True
8239,test,False
8240,test,False
8241,train,True
8242,test,False
8243,train,True
8244,train,True
8245,train,True
8246,train,True
8247,train,True
8248,train,True
8249,train,True
8250,train,True
8251,train,True
8252,train,True
8253,train,True
8254,validation,False
8255,validation,False
8256,validation,False
8257,validation,False
8258,test,False
8259,train,True
8260,train,True
8261,validation,False
8262,test,False
8263,validation,False
8264,train,True
8265,train,True
8266,train,True
8267,train,True
8268,train,True
8269,test,False
8270,train,True
8271,train,True
8272,validation,False
8273,train,True
8274,validation,False
8275,validation,False
8276,train,True
8277,train,True
8278,train,True
8279,validation,False
8280,validation,False
8281,validation,False
8282,train,True
8283,test,False
8284,train,True
8285,train,True
8286,test,False
8287,test,False
8288,train,True
8289,train,True
8290,train,True
8291,validation,False
8292,train,True
8293,validation,False
8294,validation,False
8295,test,False
8296,validation,False
8297,validation,False
8298,train,True
8299,validation,False
8300,validation,False
8301,test,False
8302,train,True
8303,train,True
8304,validation,False
8305,validation,False
8306,train,True
8307,train,True
8308,test,False
8309,train,True
8310,train,True
8311,validation,False
8312,validation,False
8313,train,True
8314,train,True
8315,test,False
8316,train,True
8317,train,True
8318,train,True
8319,train,True
8320,train,True
8321,train,True
8322,train,True
8323,train,True
8324,train,True
8325,validation,False
8326,train,True
8327,train,True
8328,train,True
8329,train,True
8330,train,True
8331,train,True
8332,validation,False
8333,train,True
8334,train,True
8335,train,True
8336,train,True
8337,train,True
8338,validation,False
8339,test,False
8340,validation,False
8341,validation,False
8342,train,True
8343,train,True
8344,train,True
8345,train,True
8346,test,False
8347,validation,False
8348,train,True
8349,test,False
8350,train,True
8351,train,True
8352,train,True
8353,test,False
8354,train,True
8355,test,False
8356,train,True
8357,train,True
8358,train,True
8359,train,True
8360,train,True
8361,train,True
8362,train,True
8363,test,False
8364,train,True
8365,train,True
8366,validation,False
8367,validation,False
8368,validation,False
8369,test,False
8370,train,True
8371,validation,False
8372,train,True
8373,test,False
8374,test,False
8375,validation,False
8376,train,True
8377,train,True
8378,validation,False
8379,train,True
8380,train,True
8381,train,True
8382,train,True
8383,validation,False
8384,train,True
8385,validation,False
8386,validation,False
8387,validation,False
8388,test,False
8389,test,False
8390,train,True
8391,train,True
8392,train,True
8393,train,True
8394,train,True
8395,train,True
8396,train,True
8397,train,True
8398,train,True
8399,train,True
8400,train,True
8401,train,True
8402,validation,False
8403,test,False
8404,train,True
8405,test,False
8406,train,True
8407,test,False
8408,train,True
8409,train,True
8410,train,True
8411,train,True
8412,test,False
8413,validation,False
8414,train,True
8415,train,True
8416,train,True
8417,validation,False
8418,train,True
8419,validation,False
8420,train,True
8421,train,True
8422,test,False
8423,validation,False
8424,validation,False
8425,train,True
8426,train,True
8427,test,False
8428,train,True
8429,train,True
8430,validation,False
8431,train,True
8432,train,True
8433,train,True
8434,train,True
8435,train,True
8436,train,True
8437,test,False
8438,test,False
8439,train,True
8440,train,True
8441,train,True
8442,train,True
8443,train,True
8444,train,True
8445,test,False
8446,train,True
8447,train,True
8448,test,False
8449,train,True
8450,test,False
8451,train,True
8452,test,False
8453,train,True
8454,test,False
8455,train,True
8456,validation,False
8457,train,True
8458,train,True
8459,test,False
8460,validation,False
8461,test,False
8462,test,False
8463,test,False
8464,validation,False
8465,train,True
8466,train,True
8467,train,True
8468,train,True
8469,train,True
8470,train,True
8471,train,True
8472,validation,False
8473,train,True
8474,test,False
8475,train,True
8476,train,True
8477,train,True
8478,train,True
8479,train,True
8480,train,True
8481,validation,False
8482,test,False
8483,train,True
8484,test,False
8485,train,True
8486,train,True
8487,train,True
8488,train,True
8489,train,True
8490,train,True
8491,test,False
8492,train,True
8493,train,True
8494,test,False
8495,test,False
8496,train,True
8497,train,True
8498,train,True
8499,train,True
8500,validation,False
8501,validation,False
8502,train,True
8503,validation,False
8504,validation,False
8505,validation,False
8506,validation,False
8507,train,True
8508,train,True
8509,test,False
8510,test,False
8511,validation,False
8512,test,False
8513,train,True
8514,validation,False
8515,train,True
8516,train,True
8517,validation,False
8518,train,True
8519,train,True
8520,test,False
8521,train,True
8522,test,False
8523,train,True
8524,train,True
8525,test,False
8526,train,True
8527,validation,False
8528,train,True
8529,train,True
8530,test,False
8531,train,True
8532,test,False
8533,test,False
8534,train,True
8535,test,False
8536,train,True
8537,validation,False
8538,train,True
8539,validation,False
8540,validation,False
8541,train,True
8542,train,True
8543,validation,False
8544,validation,False
8545,validation,False
8546,train,True
8547,train,True
8548,train,True
8549,train,True
8550,test,False
8551,train,True
8552,train,True
8553,train,True
8554,train,True
8555,train,True
8556,train,True
8557,validation,False
8558,validation,False
8559,train,True
8560,train,True
8561,train,True
8562,train,True
8563,train,True
8564,train,True
8565,test,False
8566,train,True
8567,train,True
8568,test,False
8569,test,False
8570,validation,False
8571,validation,False
8572,train,True
8573,train,True
8574,test,False
8575,test,False
8576,train,True
8577,train,True
8578,train,True
8579,validation,False
8580,validation,False
8581,train,True
8582,train,True
8583,validation,False
8584,train,True
8585,train,True
8586,test,False
8587,train,True
8588,test,False
8589,train,True
8590,train,True
8591,test,False
8592,train,True
8593,test,False
8594,test,False
8595,train,True
8596,validation,False
8597,train,True
8598,validation,False
8599,train,True
8600,validation,False
8601,validation,False
8602,train,True
8603,train,True
8604,train,True
8605,train,True
8606,test,False
8607,validation,False
8608,train,True
8609,train,True
8610,test,False
8611,train,True
8612,train,True
8613,train,True
8614,train,True
8615,train,True
8616,test,False
8617,train,True
8618,train,True
8619,train,True
8620,train,True
8621,test,False
8622,train,True
8623,train,True
8624,train,True
8625,train,True
8626,train,True
8627,test,False
8628,train,True
8629,train,True
8630,train,True
8631,train,True
8632,train,True
8633,train,True
8634,validation,False
8635,train,True
8636,train,True
8637,train,True
8638,test,False
8639,train,True
8640,train,True
8641,train,True
8642,train,True
8643,train,True
8644,test,False
8645,train,True
8646,train,True
8647,validation,False
8648,train,True
8649,train,True
8650,train,True
8651,train,True
8652,train,True
8653,test,False
8654,train,True
8655,train,True
8656,train,True
8657,train,True
8658,train,True
8659,validation,False
8660,test,False
8661,train,True
8662,train,True
8663,train,True
8664,train,True
8665,test,False
8666,validation,False
8667,train,True
8668,validation,False
8669,train,True
8670,validation,False
8671,train,True
8672,validation,False
8673,train,True
8674,train,True
8675,validation,False
8676,test,False
8677,test,False
8678,train,True
8679,validation,False
8680,train,True
8681,train,True
8682,test,False
8683,train,True
8684,train,True
8685,test,False
8686,train,True
8687,test,False
8688,train,True
8689,train,True
8690,test,False
8691,train,True
8692,train,True
8693,train,True
8694,train,True
8695,validation,False
8696,train,True
8697,validation,False
8698,train,True
8699,train,True
8700,validation,False
8701,train,True
8702,train,True
8703,train,True
8704,train,True
8705,train,True
8706,train,True
8707,test,False
8708,test,False
8709,validation,False
8710,validation,False
8711,train,True
8712,train,True
8713,validation,False
8714,validation,False
8715,train,True
8716,train,True
8717,train,True
8718,train,True
8719,train,True
8720,validation,False
8721,train,True
8722,train,True
8723,train,True
8724,validation,False
8725,train,True
8726,test,False
8727,train,True
8728,train,True
8729,test,False
8730,train,True
8731,train,True
8732,train,True
8733,test,False
8734,train,True
8735,train,True
8736,test,False
8737,train,True
8738,train,True
8739,validation,False
8740,train,True
8741,train,True
8742,test,False
8743,train,True
8744,train,True
8745,test,False
8746,train,True
8747,test,False
8748,train,True
8749,validation,False
8750,test,False
8751,validation,False
8752,train,True
8753,validation,False
8754,train,True
8755,validation,False
8756,train,True
8757,validation,False
8758,test,False
8759,train,True
8760,validation,False
8761,train,True
8762,train,True
8763,validation,False
8764,test,False
8765,train,True
8766,train,True
8767,train,True
8768,train,True
8769,validation,False
8770,train,True
8771,validation,False
8772,validation,False
8773,train,True
8774,validation,False
8775,train,True
8776,train,True
8777,train,True
8778,train,True
8779,test,False
8780,validation,False
8781,train,True
8782,train,True
8783,validation,False
8784,test,False
8785,validation,False
8786,train,True
8787,train,True
8788,validation,False
8789,train,True
8790,train,True
8791,test,False
8792,train,True
8793,train,True
8794,train,True
8795,train,True
8796,train,True
8797,train,True
8798,validation,False
8799,train,True
8800,train,True
8801,validation,False
8802,train,True
8803,validation,False
8804,train,True
8805,validation,False
8806,train,True
8807,train,True
8808,train,True
8809,train,True
8810,train,True
8811,train,True
8812,test,False
8813,test,False
8814,validation,False
8815,train,True
8816,validation,False
8817,train,True
8818,test,False
8819,train,True
8820,train,True
8821,train,True
8822,test,False
8823,test,False
8824,test,False
8825,train,True
8826,validation,False
8827,train,True
8828,train,True
8829,validation,False
8830,test,False
8831,train,True
8832,train,True
8833,train,True
8834,test,False
8835,train,True
8836,train,True
8837,test,False
8838,train,True
8839,train,True
8840,test,False
8841,train,True
8842,validation,False
8843,train,True
8844,train,True
8845,train,True
8846,validation,False
8847,train,True
8848,train,True
8849,train,True
8850,train,True
8851,train,True
8852,test,False
8853,train,True
8854,validation,False
8855,test,False
8856,train,True
8857,validation,False
8858,test,False
8859,train,True
8860,test,False
8861,train,True
8862,test,False
8863,validation,False
8864,validation,False
8865,train,True
8866,train,True
8867,test,False
8868,test,False
8869,test,False
8870,validation,False
8871,train,True
8872,validation,False
8873,validation,False
8874,train,True
8875,train,True
8876,validation,False
8877,validation,False
8878,validation,False
8879,train,True
8880,train,True
8881,test,False
8882,test,False
8883,validation,False
8884,train,True
8885,test,False
8886,train,True
8887,test,False
8888,test,False
8889,validation,False
8890,train,True
8891,test,False
8892,train,True
8893,validation,False
8894,validation,False
8895,train,True
8896,train,True
8897,train,True
8898,validation,False
8899,test,False
8900,train,True
8901,train,True
8902,train,True
8903,train,True
8904,test,False
8905,test,False
8906,validation,False
8907,train,True
8908,test,False
8909,train,True
8910,validation,False
8911,test,False
8912,train,True
8913,train,True
8914,train,True
8915,train,True
8916,train,True
8917,train,True
8918,test,False
8919,train,True
8920,validation,False
8921,test,False
8922,validation,False
8923,train,True
8924,test,False
8925,train,True
8926,validation,False
8927,validation,False
8928,train,True
8929,train,True
8930,train,True
8931,test,False
8932,train,True
8933,test,False
8934,train,True
8935,validation,False
8936,test,False
8937,test,False
8938,train,True
8939,train,True
8940,train,True
8941,train,True
8942,train,True
8943,train,True
8944,train,True
8945,train,True
8946,train,True
8947,train,True
8948,validation,False
8949,train,True
8950,validation,False
8951,validation,False
8952,test,False
8953,validation,False
8954,train,True
8955,train,True
8956,train,True
8957,train,True
8958,validation,False
8959,train,True
8960,validation,False
8961,train,True
8962,train,True
8963,train,True
8964,validation,False
8965,train,True
8966,train,True
8967,train,True
8968,train,True
8969,validation,False
8970,test,False
8971,train,True
8972,validation,False
8973,test,False
8974,train,True
8975,train,True
8976,train,True
8977,test,False
8978,train,True
8979,train,True
8980,train,True
8981,validation,False
8982,test,False
8983,validation,False
8984,train,True
8985,train,True
8986,train,True
8987,validation,False
8988,train,True
8989,train,True
8990,train,True
8991,validation,False
8992,test,False
8993,train,True
8994,validation,False
8995,validation,False
8996,train,True
8997,train,True
8998,train,True
8999,train,True
9000,test,False
9001,train,True
9002,train,True
9003,validation,False
9004,train,True
9005,train,True
9006,train,True
9007,train,True
9008,test,False
9009,train,True
9010,train,True
9011,test,False
9012,train,True
9013,validation,False
9014,train,True
9015,train,True
9016,train,True
9017,train,True
9018,train,True
9019,test,False
9020,validation,False
9021,train,True
9022,train,True
9023,train,True
9024,test,False
9025,train,True
9026,test,False
9027,train,True
9028,train,True
9029,train,True
9030,train,True
9031,train,True
9032,train,True
9033,train,True
9034,test,False
9035,validation,False
9036,test,False
9037,test,False
9038,test,False
9039,train,True
9040,train,True
9041,train,True
9042,train,True
9043,train,True
9044,train,True
9045,train,True
9046,validation,False
9047,validation,False
9048,train,True
9049,train,True
9050,train,True
9051,validation,False
9052,validation,False
9053,train,True
9054,train,True
9055,test,False
9056,train,True
9057,test,False
9058,test,False
9059,validation,False
9060,train,True
9061,train,True
9062,train,True
9063,validation,False
9064,validation,False
9065,test,False
9066,train,True
9067,train,True
9068,train,True
9069,validation,False
9070,validation,False
9071,train,True
9072,test,False
9073,train,True
9074,train,True
9075,validation,False
9076,train,True
9077,train,True
9078,validation,False
9079,train,True
9080,validation,False
9081,test,False
9082,train,True
9083,validation,False
9084,test,False
9085,train,True
9086,train,True
9087,validation,False
9088,test,False
9089,train,True
9090,train,True
9091,train,True
9092,validation,False
9093,validation,False
9094,train,True
9095,test,False
9096,train,True
9097,validation,False
9098,test,False
9099,validation,False
9100,train,True
9101,validation,False
9102,validation,False
9103,train,True
9104,train,True
9105,test,False
9106,train,True
9107,train,True
9108,test,False
9109,train,True
9110,validation,False
9111,train,True
9112,train,True
9113,train,True
9114,train,True
9115,test,False
9116,train,True
9117,train,True
9118,train,True
9119,validation,False
9120,train,True
9121,train,True
9122,train,True
9123,train,True
9124,train,True
9125,train,True
9126,train,True
9127,validation,False
9128,test,False
9129,train,True
9130,validation,False
9131,train,True
9132,test,False
9133,train,True
9134,train,True
9135,train,True
9136,test,False
9137,train,True
9138,test,False
9139,train,True
9140,train,True
9141,test,False
9142,validation,False
9143,train,True
9144,validation,False
9145,train,True
9146,train,True
9147,train,True
9148,train,True
9149,test,False
9150,test,False
9151,train,True
9152,train,True
9153,validation,False
9154,test,False
9155,validation,False
9156,train,True
9157,train,True
9158,train,True
9159,test,False
9160,train,True
9161,validation,False
9162,train,True
9163,train,True
9164,train,True
9165,train,True
9166,test,False
9167,train,True
9168,train,True
9169,test,False
9170,train,True
9171,train,True
9172,train,True
9173,test,False
9174,train,True
9175,train,True
9176,train,True
9177,train,True
9178,test,False
9179,test,False
9180,validation,False
9181,train,True
9182,train,True
9183,validation,False
9184,train,True
9185,validation,False
9186,train,True
9187,train,True
9188,train,True
9189,validation,False
9190,train,True
9191,validation,False
9192,test,False
9193,validation,False
9194,test,False
9195,validation,False
9196,train,True
9197,test,False
9198,validation,False
9199,validation,False
9200,validation,False
9201,train,True
9202,test,False
9203,train,True
9204,train,True
9205,train,True
9206,train,True
9207,train,True
9208,train,True
9209,train,True
9210,train,True
9211,validation,False
9212,train,True
9213,train,True
9214,test,False
9215,test,False
9216,train,True
9217,train,True
9218,train,True
9219,test,False
9220,train,True
9221,train,True
9222,train,True
9223,train,True
9224,train,True
9225,train,True
9226,train,True
9227,train,True
9228,test,False
9229,validation,False
9230,validation,False
9231,validation,False
9232,validation,False
9233,train,True
9234,train,True
9235,validation,False
9236,test,False
9237,train,True
9238,test,False
9239,validation,False
9240,test,False
9241,train,True
9242,test,False
9243,train,True
9244,train,True
9245,test,False
9246,train,True
9247,validation,False
9248,validation,False
9249,train,True
9250,train,True
9251,validation,False
9252,train,True
9253,train,True
9254,test,False
9255,train,True
9256,train,True
9257,train,True
9258,test,False
9259,validation,False
9260,train,True
9261,train,True
9262,train,True
9263,train,True
9264,train,True
9265,train,True
9266,validation,False
9267,train,True
9268,test,False
9269,train,True
9270,train,True
9271,train,True
9272,validation,False
9273,validation,False
9274,train,True
9275,test,False
9276,test,False
9277,test,False
9278,train,True
9279,train,True
9280,train,True
9281,train,True
9282,train,True
9283,train,True
9284,validation,False
9285,validation,False
9286,train,True
9287,test,False
9288,train,True
9289,train,True
9290,validation,False
9291,train,True
9292,train,True
9293,validation,False
9294,test,False
9295,train,True
9296,train,True
9297,train,True
9298,train,True
9299,test,False
9300,train,True
9301,train,True
9302,train,True
9303,train,True
9304,validation,False
9305,test,False
9306,test,False
9307,train,True
9308,train,True
9309,train,True
9310,train,True
9311,train,True
9312,validation,False
9313,train,True
9314,train,True
9315,train,True
9316,train,True
9317,test,False
9318,validation,False
9319,train,True
9320,test,False
9321,train,True
9322,validation,False
9323,train,True
9324,train,True
9325,validation,False
9326,train,True
9327,train,True
9328,validation,False
9329,train,True
9330,train,True
9331,test,False
9332,train,True
9333,validation,False
9334,train,True
9335,train,True
9336,validation,False
9337,test,False
9338,train,True
9339,train,True
9340,validation,False
9341,test,False
9342,validation,False
9343,test,False
9344,train,True
9345,train,True
9346,validation,False
9347,train,True
9348,validation,False
9349,test,False
9350,validation,False
9351,validation,False
9352,validation,False
9353,train,True
9354,train,True
9355,train,True
9356,train,True
9357,test,False
9358,train,True
9359,train,True
9360,train,True
9361,test,False
9362,train,True
9363,train,True
9364,test,False
9365,train,True
9366,train,True
9367,train,True
9368,train,True
9369,validation,False
9370,train,True
9371,train,True
9372,validation,False
9373,test,False
9374,train,True
9375,train,True
9376,train,True
9377,test,False
9378,train,True
9379,train,True
9380,train,True
9381,test,False
9382,test,False
9383,train,True
9384,validation,False
9385,train,True
9386,validation,False
9387,validation,False
9388,train,True
9389,train,True
9390,validation,False
9391,test,False
9392,train,True
9393,train,True
9394,train,True
9395,train,True
9396,train,True
9397,validation,False
9398,train,True
9399,validation,False
9400,train,True
9401,validation,False
9402,train,True
9403,train,True
9404,validation,False
9405,validation,False
9406,validation,False
9407,validation,False
9408,train,True
9409,validation,False
9410,test,False
9411,train,True
9412,train,True
9413,train,True
9414,validation,False
9415,test,False
9416,test,False
9417,validation,False
9418,train,True
9419,test,False
9420,train,True
9421,train,True
9422,test,False
9423,test,False
9424,test,False
9425,train,True
9426,test,False
9427,validation,False
9428,test,False
9429,train,True
9430,train,True
9431,test,False
9432,validation,False
9433,train,True
9434,test,False
9435,train,True
9436,train,True
9437,test,False
9438,test,False
9439,train,True
9440,train,True
9441,validation,False
9442,test,False
9443,train,True
9444,train,True
9445,test,False
9446,train,True
9447,validation,False
9448,train,True
9449,validation,False
9450,train,True
9451,train,True
9452,test,False
9453,validation,False
9454,validation,False
9455,train,True
9456,validation,False
9457,validation,False
9458,train,True
9459,train,True
9460,train,True
9461,train,True
9462,validation,False
9463,train,True
9464,train,True
9465,train,True
9466,train,True
9467,train,True
9468,validation,False
9469,test,False
9470,validation,False
9471,test,False
9472,train,True
9473,train,True
9474,validation,False
9475,train,True
9476,train,True
9477,validation,False
9478,train,True
9479,train,True
9480,train,True
9481,validation,False
9482,train,True
9483,train,True
9484,validation,False
9485,validation,False
9486,test,False
9487,train,True
9488,test,False
9489,train,True
9490,test,False
9491,train,True
9492,train,True
9493,train,True
9494,train,True
9495,train,True
9496,train,True
9497,train,True
9498,validation,False
9499,train,True
9500,validation,False
9501,test,False
9502,test,False
9503,test,False
9504,test,False
9505,validation,False
9506,test,False
9507,validation,False
9508,validation,False
9509,test,False
9510,validation,False
9511,train,True
9512,train,True
9513,validation,False
9514,train,True
9515,train,True
9516,validation,False
9517,train,True
9518,validation,False
9519,train,True
9520,train,True
9521,train,True
9522,train,True
9523,train,True
9524,train,True
9525,train,True
9526,train,True
9527,train,True
9528,validation,False
9529,test,False
9530,test,False
9531,train,True
9532,train,True
9533,train,True
9534,train,True
9535,validation,False
9536,train,True
9537,test,False
9538,train,True
9539,train,True
9540,test,False
9541,train,True
9542,test,False
9543,validation,False
9544,train,True
9545,train,True
9546,test,False
9547,test,False
9548,test,False
9549,train,True
9550,train,True
9551,validation,False
9552,validation,False
9553,train,True
9554,train,True
9555,train,True
9556,validation,False
9557,train,True
9558,validation,False
9559,train,True
9560,test,False
9561,train,True
9562,validation,False
9563,train,True
9564,test,False
9565,train,True
9566,test,False
9567,test,False
9568,train,True
9569,validation,False
9570,train,True
9571,test,False
9572,train,True
9573,validation,False
9574,train,True
9575,validation,False
9576,train,True
9577,train,True
9578,validation,False
9579,validation,False
9580,test,False
9581,train,True
9582,train,True
9583,train,True
9584,train,True
9585,test,False
9586,train,True
9587,validation,False
9588,validation,False
9589,train,True
9590,train,True
9591,train,True
9592,validation,False
9593,train,True
9594,train,True
9595,train,True
9596,validation,False
9597,train,True
9598,train,True
9599,train,True
9600,train,True
9601,validation,False
9602,test,False
9603,test,False
9604,train,True
9605,validation,False
9606,train,True
9607,validation,False
9608,test,False
9609,validation,False
9610,test,False
9611,train,True
9612,train,True
9613,train,True
9614,train,True
9615,train,True
9616,train,True
9617,train,True
9618,train,True
9619,train,True
9620,train,True
9621,train,True
9622,train,True
9623,test,False
9624,train,True
9625,validation,False
9626,test,False
9627,train,True
9628,validation,False
9629,validation,False
9630,validation,False
9631,train,True
9632,train,True
9633,train,True
9634,train,True
9635,train,True
9636,train,True
9637,test,False
9638,train,True
9639,train,True
9640,train,True
9641,validation,False
9642,train,True
9643,train,True
9644,train,True
9645,validation,False
9646,train,True
9647,train,True
9648,validation,False
9649,test,False
9650,train,True
9651,train,True
9652,train,True
9653,test,False
9654,train,True
9655,train,True
9656,validation,False
9657,train,True
9658,validation,False
9659,train,True
9660,train,True
9661,test,False
9662,train,True
9663,train,True
9664,test,False
9665,test,False
9666,train,True
9667,test,False
9668,test,False
9669,validation,False
9670,train,True
9671,train,True
9672,test,False
9673,train,True
9674,test,False
9675,test,False
9676,train,True
9677,train,True
9678,validation,False
9679,train,True
9680,train,True
9681,test,False
9682,train,True
9683,validation,False
9684,validation,False
9685,train,True
9686,train,True
9687,validation,False
9688,train,True
9689,train,True
9690,train,True
9691,test,False
9692,train,True
9693,train,True
9694,validation,False
9695,train,True
9696,train,True
9697,train,True
9698,validation,False
9699,train,True
9700,validation,False
9701,train,True
9702,train,True
9703,train,True
9704,validation,False
9705,validation,False
9706,train,True
9707,validation,False
9708,validation,False
9709,test,False
9710,train,True
9711,validation,False
9712,train,True
9713,validation,False
9714,train,True
9715,train,True
9716,test,False
9717,train,True
9718,train,True
9719,test,False
9720,validation,False
9721,train,True
9722,train,True
9723,train,True
9724,train,True
9725,test,False
9726,train,True
9727,validation,False
9728,test,False
9729,train,True
9730,train,True
9731,train,True
9732,train,True
9733,train,True
9734,validation,False
9735,test,False
9736,train,True
9737,test,False
9738,validation,False
9739,train,True
9740,train,True
9741,train,True
9742,validation,False
9743,train,True
9744,train,True
9745,validation,False
9746,train,True
9747,validation,False
9748,validation,False
9749,train,True
9750,train,True
9751,train,True
9752,train,True
9753,train,True
9754,test,False
9755,test,False
9756,train,True
9757,validation,False
9758,train,True
9759,train,True
9760,validation,False
9761,train,True
9762,test,False
9763,train,True
9764,test,False
9765,train,True
9766,train,True
9767,test,False
9768,train,True
9769,train,True
9770,train,True
9771,train,True
9772,validation,False
9773,train,True
9774,test,False
9775,test,False
9776,validation,False
9777,train,True
9778,train,True
9779,validation,False
9780,train,True
9781,validation,False
9782,test,False
9783,train,True
9784,train,True
9785,validation,False
9786,train,True
9787,validation,False
9788,train,True
9789,validation,False
9790,train,True
9791,train,True
9792,validation,False
9793,train,True
9794,validation,False
9795,validation,False
9796,train,True
9797,train,True
9798,train,True
9799,train,True
9800,train,True
9801,validation,False
9802,test,False
9803,train,True
9804,train,True
9805,validation,False
9806,train,True
9807,train,True
9808,train,True
9809,train,True
9810,train,True
9811,validation,False
9812,train,True
9813,test,False
9814,train,True
9815,train,True
9816,train,True
9817,validation,False
9818,test,False
9819,train,True
9820,validation,False
9821,test,False
9822,train,True
9823,train,True
9824,train,True
9825,train,True
9826,train,True
9827,test,False
9828,train,True
9829,train,True
9830,validation,False
9831,validation,False
9832,test,False
9833,test,False
9834,train,True
9835,train,True
9836,validation,False
9837,train,True
9838,train,True
9839,train,True
9840,validation,False
9841,validation,False
9842,train,True
9843,train,True
9844,test,False
9845,train,True
9846,train,True
9847,train,True
9848,train,True
9849,train,True
9850,validation,False
9851,train,True
9852,train,True
9853,validation,False
9854,train,True
9855,validation,False
9856,train,True
9857,test,False
9858,validation,False
9859,test,False
9860,train,True
9861,test,False
9862,train,True
9863,validation,False
9864,train,True
9865,validation,False
9866,train,True
9867,train,True
9868,train,True
9869,train,True
9870,validation,False
9871,test,False
9872,train,True
9873,train,True
9874,train,True
9875,test,False
9876,train,True
9877,train,True
9878,validation,False
9879,test,False
9880,validation,False
9881,test,False
9882,validation,False
9883,validation,False
9884,test,False
9885,train,True
9886,train,True
9887,validation,False
9888,train,True
9889,train,True
9890,train,True
9891,train,True
9892,train,True
9893,train,True
9894,train,True
9895,train,True
9896,validation,False
9897,validation,False
9898,train,True
9899,test,False
9900,test,False
9901,train,True
9902,train,True
9903,train,True
9904,test,False
9905,test,False
9906,train,True
9907,train,True
9908,train,True
9909,test,False
9910,validation,False
9911,validation,False
9912,train,True
9913,train,True
9914,train,True
9915,test,False
9916,train,True
9917,test,False
9918,train,True
9919,train,True
9920,test,False
9921,train,True
9922,train,True
9923,test,False
9924,train,True
9925,train,True
9926,test,False
9927,validation,False
9928,train,True
9929,test,False
9930,train,True
9931,train,True
9932,train,True
9933,test,False
9934,test,False
9935,test,False
9936,train,True
9937,test,False
9938,validation,False
9939,test,False
9940,train,True
9941,test,False
9942,train,True
9943,test,False
9944,validation,False
9945,validation,False
9946,validation,False
9947,validation,False
9948,test,False
9949,train,True
9950,train,True
9951,train,True
9952,train,True
9953,train,True
9954,validation,False
9955,train,True
9956,train,True
9957,train,True
9958,train,True
9959,validation,False
9960,test,False
9961,test,False
9962,test,False
9963,train,True
9964,test,False
9965,train,True
9966,validation,False
9967,train,True
9968,validation,False
9969,train,True
9970,train,True
9971,validation,False
9972,test,False
9973,test,False
9974,train,True
9975,test,False
9976,validation,False
9977,validation,False
9978,train,True
9979,train,True
9980,train,True
9981,test,False
9982,test,False
9983,train,True
9984,train,True
9985,test,False
9986,train,True
9987,train,True
9988,test,False
9989,test,False
9990,validation,False
9991,validation,False
9992,validation,False
9993,train,True
9994,train,True
9995,train,True
9996,train,True
9997,train,True
9998,train,True
9999,train,True
10000,test,False
10001,train,True
10002,test,False
10003,train,True
10004,train,True
10005,train,True
10006,validation,False
10007,validation,False
10008,test,False
10009,train,True
10010,train,True
10011,train,True
10012,train,True
10013,train,True
10014,train,True
10015,validation,False
10016,test,False
10017,train,True
10018,train,True
10019,test,False
10020,train,True
10021,train,True
10022,validation,False
10023,train,True
10024,train,True
10025,test,False
10026,validation,False
10027,train,True
10028,train,True
10029,train,True
10030,validation,False
10031,validation,False
10032,train,True
10033,train,True
10034,train,True
10035,validation,False
10036,train,True
10037,train,True
10038,train,True
10039,train,True
10040,test,False
10041,train,True
10042,validation,False
10043,validation,False
10044,train,True
10045,train,True
10046,train,True
10047,train,True
10048,train,True
10049,test,False
10050,train,True
10051,train,True
10052,train,True
10053,validation,False
10054,train,True
10055,train,True
10056,test,False
10057,test,False
10058,train,True
10059,train,True
10060,test,False
10061,validation,False
10062,train,True
10063,train,True
10064,train,True
10065,train,True
10066,validation,False
10067,train,True
10068,test,False
10069,train,True
10070,test,False
10071,train,True
10072,train,True
10073,validation,False
10074,train,True
10075,test,False
10076,test,False
10077,train,True
10078,test,False
10079,test,False
10080,train,True
10081,test,False
10082,train,True
10083,train,True
10084,train,True
10085,train,True
10086,train,True
10087,train,True
10088,train,True
10089,train,True
10090,train,True
10091,test,False
10092,test,False
10093,train,True
10094,test,False
10095,test,False
10096,train,True
10097,train,True
10098,train,True
10099,train,True
10100,train,True
10101,test,False
10102,train,True
10103,validation,False
10104,test,False
10105,train,True
10106,validation,False
10107,validation,False
10108,test,False
10109,test,False
10110,train,True
10111,test,False
10112,validation,False
10113,validation,False
10114,train,True
10115,validation,False
10116,test,False
10117,test,False
10118,train,True
10119,test,False
10120,validation,False
10121,train,True
10122,test,False
10123,train,True
10124,train,True
